Item Code,Description,Item Group
A11625,PLASTIC BAG,OTC
A11807,^BLOOD PRESSURE TEST,SERVICE
PI0002,TRANSPORTATION,SERVICE
V10004,DISCONTINUE,OTC
A15075,~EXY GUT + 1S,CONSIGNMENT DR HANISAH
S00002,POSTAGE,SERVICE
000012,TEST,OTC
A13073,~DOTERRA ON GUARD CANDY 1'S,CONSIGNMENT DR HANISAH
A14041,~ HONEY STICK,CONSIGNMENT
A10373,*TLS FRUSINEA 3.0 1'S,SUPPLEMENT TLS
A14068,~EASY PARCEL,SERVICE
A11950,~EVERELLE LUMA FACE OIL 20ML,PERSONAL CARE
A13710,~YUM EARTH ORG ELDERBERRY LOLLIPOPS 170G,CONSIGNMENT DR HANISAH
A14924,~EXY SALVE 30ML,CONSIGNMENT DR HANISAH
A15127,NOVA ACTIVMAX PROBIOTIC JUNIOR 350G,SUPPLEMENT NOVA
A14415,~HEALTHY JOY SLOW-CARB ROTI BIJIRIN PENUH SERAT TINGGI CHEESE + VEGE (300GM),SUPPLEMENT NOVA
A12632,~YUM EARTH LOLLIPOP ORGANIC POPS 1'S,CONSIGNMENT DR HANISAH
PI0006,AGREED ADDITIONAL CHARGE,SERVICE
A14413,~HEALTHY JOY SLOW-CARB ROTI SOURDOUGH BIJIRIN PENUH (ROSEMARY+OREGANO) (300GM),SUPPLEMENT NOVA
A14411,~HEALTHY JOY SLOW-CARB ROTI GANDUM PENUH (300GM),SUPPLEMENT NOVA
A12483,~ CHOKI CHOKI CHOCOPASTE 50G,OTC
V10018,DOTTERA EASY AIR,OTC
A12941,DISCONTINUE,OTC
A10334,DR. P PREMIUM TAPE L 9'S,OTC
A14412,~HEALTHY JOY SLOW-CARB ROTI GANDUM PENUH + BIJIAN (55GM),SUPPLEMENT NOVA
A11833,PLASTIC WRAPPING 10CM X250GM,OTC
000011,TEST,OTC
A14931,DR. P PREMIUM TAPE XL 8S,REHAB & SUPPORT
A14657,~ KIDS MILK ( DUTCH LADY / FARM FRESH ),CONSIGNMENT DR HANISAH
A14052,~ NANO STEVIA  TUALANG TIGA,CONSIGNMENT
A14007,~AIR KOTAK 250ML,CONSIGNMENT DR HANISAH
A13440,~EXY CASTILLE BATH,CONSIGNMENT DR HANISAH
A13379,SCAN SALES REBATE,OTC
A12932,LAC MAGNESIUM 250MG 90S,OTC
A12865,ANTABAX HAND SANITISER SPRAY 50ML,OTC
A10333,ONCALL BLOOD LANCETS 100'S,MEDICAL DEVICE & SUPPLY
PI0015,VITAMIN D TEST,SERVICE
A14149,RENTAL STANDARD WHEELCHAIR,SERVICE
A14201,TISSEEL 2ML,OTC
A14735,~BIO-MC DISWASHING LIQUID (CITRUS LEMON & EUCALYTUS OIL) 1000ML,PERSONAL CARE
A14525,EXAMO CKM 500 450 TABS,OTC
A14997,~JUUNO KF94 KIDS FACE MASK (SAFARI) 3S,MEDICAL DEVICE & SUPPLY
A14998,~JUUNO KF94 KIDS FACE MASK (UNICORN) 3S,MEDICAL DEVICE & SUPPLY
A15106,~ PHS EXCLUSIVE BLACK SEED OIL 5ML ,SUPPLEMENT
A15071,~ KASIH66 MADU TUALANG 350G,CONSIGNMENT
A14999,~JUUNO KF94 KIDS FACE MASK (FANTASY UNICORN) 10S,MEDICAL DEVICE & SUPPLY
A14473,NOVA UBIQUINOL PLUS SOFTGEL 10S,SUPPLEMENT NOVA
A14414,~HEALTHY JOY SLOW-CARB CROISSANT (50GM),SUPPLEMENT NOVA
A14729,~BIO-MC FABRIC SPRAY (BLUEBELL DEW) 250ML,PERSONAL CARE
B10637,YSP BETAMETHASONE 0.5MG 10'S,POISON
A13935,PROMO ITEM,OTC
000007-ITE,Test variance (item 3),CONSIGNMENT
B10262,APO-ALLOPURINOL 300MG 10'S,POISON
A12186,~VOLTEN VR4 CAPSULE 50'S,CONSIGNMENT
S00003,DISCOUNT VOUCHER RM4,OTC
A11729,CRP + HS CRP TEST,SERVICE
A11414,~PHS BLACK SEED OIL 100ML,OTC
A11425,PRITAMOL SUPPOSITORIES 125MG 5'S (PARACETAMOL),OTC
A10686,PUREHERBS LUTEEN SUPER FRUIT JUICE 15G 1'S,OTC
V10002-BOX,DISCONTINUE,OTC
A13114,ORAL-B TB PRO HEALTH MEDIUM 1'S,PERSONAL CARE
A12934,~UFC COCONUT WATER 250ML,CONSIGNMENT DR HANISAH
A13008,FARM FRESH SUSU KURMA 700G,CONSIGNMENT
A14042,~ MINYAK KELAPA DARA 150ML,CONSIGNMENT
A14038,~ MADU KELULUT FRASER HILL 350G,CONSIGNMENT
A14309,~EASY PARCEL SABAH/SARAWAK,SERVICE
A13388,~ITCH RELIEF OIL SPRAY 30ML,CONSIGNMENT DR HANISAH
A13348,HOSPITECH RYLE'S TUBE W/X-RAY LINE SIZE 16,OTC
A13261,HARWANY PATI HARUAN ASLI 6+1FOC,OTC
A13688,AIKEN TEA TREE OIL FACIAL CLEANSER 100G,OTC
A13540,NATURALLE DIAMELON CAPS 60'S,OTC
A14730,~BIO-MC LINGERIE DETERGENT 200ML,PERSONAL CARE
A14731,~BIO-MC SUPER ENZYME STAIN REMOVER & LAUNDRY BOOSTER 550ML,PERSONAL CARE
A14627,~CIK BIBAH RTE DAGING DENDENG 150GM,FOOD & BEVERAGES
A14325,MERACLE SALVE 6.5G ,CONSIGNMENT
PI0036,RENTAL CHAIR S,SERVICE
A14502,SUWAN BETA PINENE KAFFIR OIL 50ML,OTC
A15030,~EXY SALVE 5G,CONSIGNMENT DR HANISAH
A15003,~JUUNO KF94 KIDS FACE MASK (LEO) 10S,MEDICAL DEVICE & SUPPLY
A15073,~ KASIH66 MADU ZA'FARAN 350G,CONSIGNMENT
A15066,~ NISRAA TREATMENT SHAMPOO 250ML,PERSONAL CARE
A15065,~ EXY MOIST (TAMANU MOISTURISER) 50G,PERSONAL CARE
A15062,~CONSULTATION DR HANISAH,CONSIGNMENT DR HANISAH
A15088,MYVITA C500 ZINC CHEW 30S,SUPPLEMENT
A15137,~EXY DISCOVERY KIT,CONSIGNMENT DR HANISAH
A14991,~JUUNO MOSQUITO REPELLENT PATCH (MAGICIAN) 36S,OTC
A15008,~BEGGI ESSENTIAL OIL HERBAL EXTRACT SOOTHING SPRAY 75ML,OTC
A15025,~ ACNE SKIN BLEND 10ML,CONSIGNMENT DR HANISAH
A14995,~JUUNO FEVER COOLING PATCH (FANTASY UNICORN) 6S,OTC
A14993,~JUUNO BEDTIME VAPOUR PATCH (RAFRAF) 12S,OTC
A14932,KING CARE ADULT DIAPERS (XL/XXL),REHAB & SUPPORT
B10709,CROTAMIXON CREAM 15G,POISON
A14419,~HEALTHY JOY JEM ROSELLE (280GM),SUPPLEMENT NOVA
A14433,~HEALIN LUKANO GAMAT GEL 40G,CONSIGNMENT
A14625,~CIK BIBAH RTE DAGING KURMA 150GM,FOOD & BEVERAGES
A14629,~CIK BIBAH RTE PASTA AGLIO 120GM,FOOD & BEVERAGES
A14732,~BIO-MC DISWASHING LIQUID (GRAPEFRUIT & ROSE) 1000ML,PERSONAL CARE
A14733,~BIO-MC DISWASHING LIQUID (HONEYDEW MELON) 1000ML,PERSONAL CARE
A14734,~BIO-MC DISWASHING LIQUID (VERBENA & GINGER) 1000ML,PERSONAL CARE
A14727,~BIO-MC FABRIC SPRAY (FRESH FIG DELIGHT) 250ML,PERSONAL CARE
A14728,~BIO-MC FABRIC SPRAY (WOODLAND SAGE) 250ML,PERSONAL CARE
B10574,~ AMLOMED 10MG 10S,POISON
A14061,~BEBIMORA DIAPANTS (XXL),BABY & MOM
A14062,~BEBIMORA HEAD TO TOE SHOWER 350ML,BABY & MOM
A14065,~BEBIMORA WIPES 80PCS,BABY & MOM
A14043,~ SACHA INCHI OIL PLUS 60'S,CONSIGNMENT
A13870,MEDETOP SKIN SERUM (ROSE GERANIUM) 50ML,OTC
A13007,~DILUTED ESSENTIAL OIL,CONSIGNMENT DR HANISAH
A12943,~AL HARAMAIN KURMA TANGKAI 400G,OTC
A13094,COLGATE TOOTHPASTE FRESH COOL MINT 75G,PERSONAL CARE
A12491,~FUTURE FOOD ZECHSTEIN MAGNESIUM OIL 100ML,CONSIGNMENT DR HANISAH
A12548,COMP VARICOSE VEIN BLEND 10ML,OTC
A12607,~TASNEEM SLEEPY PILLOW MIST 80ML,BABY & MOM
A12769,CODEX FOGGING DISINFECTANT SOLUTION 5L,OTC
A12682,KOWA 3D MASK PINK S 5'S,MEDICAL DEVICE & SUPPLY
A10741,FRANCH NAIL & CITICLE OIL 4ML ,OTC
A10755,SENSODYNE MULTICARE 100G*2,OTC
A11051,BIOVERSA PAPAYA LEAF EXTRACT 300MG 60'S,OTC
A10488,~CIK BIBAH RTE RENDANG DAGING 150GM,FOOD & BEVERAGES
A10043,SCOTT'S GUMMIES MULTIVITAMIN (TROPIKAL),FOOD & BEVERAGES
A10049,RYZE WINDOW DISPLAY PERIOD TIMELINE FROM 1ST MARCH 2025 TO 1ST MARCH 2026,OTC
A10131,DISCONTINUED,OTC
A11361,MUMIN TP MAX WHITENING 160G,OTC
A11706,DISCONTINUE,OTC
A11707,~*3M 9501+ KN95/P2 2'S,MEDICAL DEVICE & SUPPLY
A11592,YUWELL Y350 BLOOD GLUCOSE TEST STRIP 50S,MEDICAL DEVICE & SUPPLY
B10194,AZITHROMYCIN 500MG BOX 3'S,POISON
1,DISCONTINUE,OTC
B10281,SERRIN 5MG STRIP 10'S,POISON
A11921,~ORGANIC CHIA SEED 100G,CONSIGNMENT DR HANISAH
A11922,HURIXS INSECT BITES CREAM 13G,OTC
A11924,ALCON SYSTANE ULTRA EYE DROPS 10ML,OTC
A11925,DISCONTINUE,OTC
A11926,DISCONTINUE,OTC
B10282,SUNWARD POLARAX 2MG STRIP 10'S,POISON
B10283,SUNWARD SUNPROX 550MG 10'S,POISON
B10284,CIPRODAC CIPROFLOXACIN 500MG STRIP 10'S,POISON
B10280,SANDOZ SILDEGRA 100MG BOX 4'S,POISON
A11919,DISCONTINUE,OTC
B10263,AXCEL CIMETIDINE 400MG 10'S,POISON
B10264,CLOBET CREAM 10G,POISON
B10266,POCIN-H EAR DROPS 5ML,POISON
B10267,RAVIMED 5MG STRIP 10'S,POISON
B10270,HOVID VIREST CREAM 5% 5G,POISON
B10273,MUPOSTEN OINTMENT 15G,POISON
B10274,PANTIUM 40MG STRIP 10'S,POISON
B10276,DISCONTINUE,POISON
A11889,DISCONTINUE,OTC
A11890,DISCONTINUE,OTC
A11891,DISCONTINUE,OTC
A11892,DISCONTINUE,OTC
A11893,DISCONTINUE,OTC
A11895,HP ORG DARK CHOCOLATE COOKIES 180G,OTC
A11896,HP NATURAL RAW GINGER HONEY 410G,OTC
A11897,HP ORG HARTWEIZEN SPAGHETTI 500G,OTC
A11898,SEA SALT 500G ( CELTIC SALT ),CONSIGNMENT DR HANISAH
A11899,OM KOREAN SEAWEED 24'S,OTC
B10250,ALLERSIN SYRUP 60ML,POISON
A11888,DISCONTINUE,OTC
A11901,~LIFEFLO MAGNESIUM LOTION VANILLA 237ML,CONSIGNMENT DR HANISAH
A11902,DISCONTINUED,OTC
B10254,JANUMET XR 50MG/1000MG BOX 56'S,POISON
B10252,SHINTAMET 400MG STRIP 10'S,POISON
B10256,DAONIL 5MG STRIP 10'S,POISON
B10259,AXCEL ERYTHROMYCIN STRIP 10'S,POISON
A11904,DISCONTINUE,OTC
A11905,DISCONTINUE,OTC
A11906,BIO OIL 60ML,OTC
A11907,BIO OIL 125ML,OTC
A11910,MEDISHIELD FIRST AID KIT MINI EQUIPPED PVC MPMN109,REHAB & SUPPORT
A11913,DISCONTINUE,OTC
A11914,DISCONTINUE,OTC
A11915,DISCONTINUE,OTC
A11916,DISCONTINUE,OTC
A11917,DISCONTINUE,OTC
A11918,METHYCOBAL 500MCG 10'S,OTC
A11840,NU-PREP WANITA 50MG (PHYSTA EXTRAC TONGKAT ALI) 10S,OTC
A11841,NU-PREP LELAKI 100MG (PHYSTA EXTRAC TONGKAT ALI) 10S,OTC
A11842,~AUNTY NONA TUALANG HONEY 300ML,CONSIGNMENT
A11843,DISCONTINUE,OTC
A11844,DISCONTINUE,OTC
A11849,~STASH TEA WILD RASPBERRY 38G,CONSIGNMENT DR HANISAH
A11850,~STASH TEA DECAF CHOCOLATE HAZELNUT 36G,CONSIGNMENT DR HANISAH
A11861,DISCONTINUED,OTC
A11862,NC SILVERGUARD COLLOIDAL SILVER 350ML,OTC
A11851,~YOGI TEA ECHINACEA IMMUNE SUPPORT 24G,CONSIGNMENT DR HANISAH
A11852,~YOGI TEA THROAT COMFORT HONEY LEMON 32G,CONSIGNMENT DR HANISAH
A11853,~YOGI TEA BREATHE DEEP 32G,CONSIGNMENT DR HANISAH
A11854,~YOGI TEA WOMAN'S RASPBERRY LEAF 29G,CONSIGNMENT DR HANISAH
A11855,~YOGI TEA STRESS SUPPORT SWEET CLEMENTINE 32G,CONSIGNMENT DR HANISAH
A11856,~CHOICE ORGANIC TEAS ROOIBOS 32G,CONSIGNMENT DR HANISAH
A11857,~YOGI TEA DIGESTIVE AWAKENING BLACKBERRY AC 29G,CONSIGNMENT DR HANISAH
A11859,DISCONTINUE,OTC
A11860,~YOGI TEA SKIN DETOX SOOTHING ROSE HIBISCUS 32G,CONSIGNMENT DR HANISAH
A11866,DISCONTINUE,OTC
A11867,DISCONTINUE,OTC
A11868,DISCONTINUE,OTC
A11869,DISCONTINUE,OTC
A11846,DISCONTINUE,OTC
A11864,DISCONTINUE,OTC
A11871,GRACE CARE KNEE SUPPORT GC-KB120 SIZE S/M/L/XL,REHAB & SUPPORT
A11874,DR S ORTHO ANTI-EMBOLISM STOCKING (L),REHAB & SUPPORT
A11880,NEILMED SINUS RINSE PAED STARTER KIT 30'S,OTC
B10225,TO TOLCHICINE 0.6MG STRIP 10'S,POISON
B10228,DISCONTINUE,POISON
B10229,CCM DEXCHLORAMINE SYRUP 2MG/5ML 90ML,POISON
B10232,METROGYL 400MG STRIP 10'S,POISON
B10237,XEPA DEXTRACIN EYE/EAR DROPS 5ML,POISON
B10239,*JARDIANCE 10MG STRIP 10'S,POISON
B10241,MSD CERAZETTE BOX 28'S,POISON
B10242,AFRIN NASAL SPRAY 15ML,POISON
B10244,BIOLAB BIOZOLE 150MG STRIP 1'S,POISON
B10247,VOLTAREN SR 100MG 10'S,POISON
B10248,SUNWARD BROMHEXINE 8MG STRIP 10'S,POISON
A11883,NAVRATNA HERBAL OIL COOL 200ML,OTC
A11884,NAVRATNA HERBAL OIL COOL 100ML,OTC
B10249,SANOFI LANTUS 100IU/ML SOLOSTAR,POISON
A10606,DISCONTINUE,OTC
A10607,DISCONTINUE,OTC
A10656,SENSODYNE RAPID RELIEF WHITENING 100G*2,OTC
A10842,DISCONTINUE,OTC
A10912,VISMED GEL MULTI 0.3% 10ML,OTC
A10913,VISMED MULTI 0.18% 10ML,OTC
A11900,~ECZEMA SALVE 30ML,CONSIGNMENT DR HANISAH
A11885,BIO OIL 200ML,OTC
A11832,MALLEABLE SPLINT L 91*11CM,REHAB & SUPPORT
A11834,DISCONTINUE,OTC
A11835,DISCONTINUE,OTC
A11836,DISCONTINUE,OTC
A11837,FACE MASK 3PLY ADULT 5'S,MEDICAL DEVICE & SUPPLY
A11838,DISCONTINUE,OTC
A11823,DISCONT ~SANNY & JOLEEN ANTIOXIDANT SERUM 10ML,OTC
A11824,DISCONT,OTC
A11825,MALLEABLE SPLINT M 40*11CM ,REHAB & SUPPORT
A11826,DISCOUNTINUE,OTC
A11827,DISCOUNTINUE,OTC
A11828,DISCOUNTINUE,OTC
A11829,DISCOUNTINUE,OTC
A11830,HP ORGANIC COCONUT CREAM POWDER 100GM,OTC
A10375,DISCONTINUE,OTC
A11806,DISCONT,OTC
A11808,DISCONTINUE,OTC
A11809,DISCONTINUE,OTC
A11810,DISCONTINUE,OTC
A11811,DISCONTINUE,OTC
A11812,DISCONTINUE,OTC
A11813,DISCONTINUE,OTC
A11814,~YUM EARTH ORGANIC POPS SOUR 87G,CONSIGNMENT DR HANISAH
A11815,~ZOLLIPOPS CLEAN TEETH POPS 5.2OZ,CONSIGNMENT DR HANISAH
A11816,~YUM EARTH ORGANIC POPS ANTIOXIDANT FRUITS 87G,CONSIGNMENT DR HANISAH
B10215,CHLORAMINE SYRUP 4MG/5ML 90ML,POISON
B10216,APO-METOPROLOL 100MG STRIP 10'S,POISON
B10217,*MSD ARCOXIA 90MG PCS 1'S,POISON
B10219,CCM CHLORAMINE 4MG STRIP 10'S,POISON
B10220,*FORTZAAR 100/25MG STRIP 10'S,POISON
B10221,GLUCOXIT 500MG STRIP 10'S,POISON
B10222,PULIN 10MG STRIP 10'S,POISON
000004,~ZOLLIPOPS CLEAN TEETH POPS 1S,CONSIGNMENT DR HANISAH
A11772,DISCONTINUE,OTC
A11773,DISCONTINUED,OTC
A11774,MCT COCONUT OIL 250ML,OTC
A11775,MH ORG OAT FLOUR 500GM,OTC
A11776,~EXTRA VIRGIN OLIVE OIL 100ML,CONSIGNMENT DR HANISAH
A11777,MH FOOD GLUTEN FREE FLOUR 500GM DISCONT,OTC
A11779,DISCONTINUE,OTC
A11780,MH ORG BABY SHITAKE MUSHROOM 50GM,OTC
A11781,DISCONTINUE,OTC
A11782,DISCONTINUE,OTC
A11784,DISCONTINUE,OTC
A11785,TOON SPROUT POWDER 50GM,OTC
A11786,ORG TOMATO KETCHUP 285GM,OTC
A11787,MH FOOD ORG COCONUT SUGAR 500GM,OTC
A11788,MH FOOD ORG DATE SUGAR 200GM,OTC
A11791,MH FOOD OLD TANGERINE PEEL 30GM,OTC
A11792,MH FOOD LAVENDER TEA 50GM,OTC
A11793,ALOINT LOTION 120ML ,OTC
A11794,DISCOUNTINUE,FOOD & BEVERAGES
A11796,ORG APPLE MANGO JUICE SUNBLAST 200ML,FOOD & BEVERAGES
A11797,ORG APPLE CHERRY BC JUICE SUNBLAST 200ML,FOOD & BEVERAGES
A11798,ORG PEANUT BUTTER CREAMY 180GM,OTC
A11799,ORG PEANUT BUTTER CHUNKY 180GM,OTC
A11803,BIONOVA ORG BAKED BEANS IN TOMATO SAUCE 340GM,OTC
A11804,MH ORG QUICK OATS 500GM,OTC
B10202,DISCONTINUE,POISON
B10203,DERMOVATE OINTMENT 15G,POISON
B10206,MONUROL 3G 1'S,POISON
B10207,SELSUN 2.5% (YELLOW) SUSPENSION 60ML,POISON
B10212,*HARNAL OCAS 400MCG STRIP 10'S,POISON
B10195,BETAMOX 500MG STRIP 10'S,POISON
B10196,DEFUZIN CREAM 15G,POISON
B10198,BEAMOTIL STRIP 10'S,POISON
B10192,MUCOPROM SYRUP 120ML,POISON
A11768,DISCONTINUE,OTC
A11769,DISCONTINUE,OTC
A11761,ONE TOUCH SELECT METER,MEDICAL DEVICE & SUPPLY
A11762,TREE'S CARE ROUND BLOOD LANCET 100'S,OTC
A11763,DISCONTINUE,OTC
A11764,DISCONTINUE,OTC
A11765,CHAMPS C 100MG LYSINE 100'S,OTC
A11766,DISCONTINUE,OTC
A11767,*DIOFLEX 15'S,OTC
A11757,DETTOL HANDWASH COOL MINT &amp; BERGAMOT 250ML,REHAB & SUPPORT
A11758,DE-LICE COMB FA-CB117,OTC
A11759,DE-LICE COMB 228 PLASTIC,OTC
B10183,BETASONE 0.1% CREAM 15G,POISON
A11730,DISCONTINUE,OTC
A11731,PAN MATE COTTON BUDS DRUM 400'S,OTC
A11732,CARINA COSMEX COTTON BUD 200S,OTC
A11733,FD COTTON BUD ( GCB4 ) 200S,PERSONAL CARE
A11734,DISCONTINUE,OTC
A11735,DISCONTINUED,OTC
A11736,FLAVETTES VIT C 250MG SUGAR FREE ORANGE 60'S,OTC
A11737,DISCONTINUE,OTC
A11738,DISCONTINUE,OTC
A11713,DISCONTINUE,OTC
A11714,DISCONTINUE,OTC
A11715,SKIN HYGIENE 3 PLY FACE MASK 50'S,MEDICAL DEVICE & SUPPLY
A11716,DISCONTINUED,OTC
A11717,MEDICOS FACE MASK 50'S,MEDICAL DEVICE & SUPPLY
A11718,DISCONTINUE,OTC
A11719,DISCONTINUE,OTC
A11720,DISCONTINUE,OTC
A11721,IZZLY BUBUR KASAR BERAS PERANG SEGERA 150G,OTC
A11722,DISCONTINUE,OTC
A11723,IZZLY BUBUR KASAR BERAS PUTIH SEGERA 150G,BABY & MOM
A11724,IZZLY BAWANG PUTIH 100G,OTC
A11742,DISCONTINUE,OTC
A11743,CERADAN BODY WASH 280ML,OTC
A11744,DISCONTINUE,OTC
A11746,CHAMPS C 100MG (ORANGE) 100'S,OTC
A11747,DISCONTINUED,OTC
A11748,ACTAL STRIP 20'S,OTC
A11749,*ACTAL TAB 10'S,OTC
A11750,TRIO GLOVE LATEX POWDER FREE (S) 100'S,OTC
A11751,LATEX GLOVE POWDER FREE (M) 100'S,OTC
A11726,BARIKEL + 75 ORANGE 300ML,BABY & MOM
A11740,*SANDOZ ACETYLCYSTEINE 600MG STRIP 2'S,OTC
A11753,HOVID PARACETAMOL (PARMOL) SUSP 250MG/5ML 120ML,OTC
A11754,OPTICARE 120ML,OTC
A11728,~SAMPUL RAYA,CONSIGNMENT DR HANISAH
A12077,DISCONTINUE,OTC
A12078,DISCONTINUE,OTC
A12079,DISCONTINUE,OTC
A12080,DISCONTINUE,OTC
A12081,DISCONTINUE,OTC
A12082,DISCONTINUE,OTC
A12083,DISCONTINUE,OTC
A12084,DISCONTINUE,OTC
A12085,DISCONTINUED,OTC
A12086,AGNESIA HYGIENE CARE POWDER 300G,PERSONAL CARE
A12087,DISCONTINUE,OTC
A12088,EUKY BEAR EUCALYPTUS SPRAY 100G,MEDICAL DEVICE & SUPPLY
B10296,*APROVEL 150MG STRIP 14'S,POISON
B10298,FUCIDIN H CREAM 5G,POISON
A12044,DISCONTINUED,OTC
A12073,DISCONTINUE,OTC
A12074,~XANTHAN GUM 100G,CONSIGNMENT DR HANISAH
A12075,DISCONTINUE,OTC
A12076,DISCONTINUE,OTC
A12090,~BROOCH PALESTINE,CONSIGNMENT DR HANISAH
A12091,PANCAKE PURPLE CARROT 210G,BABY & MOM
A12092,BIO OIL DRY SKIN GEL 100ML,OTC
A12093,PAN MATE COTTON WOOL 35G,OTC
A12094,OMNIPLAST 1.25CM*5M,OTC
A12095,OMNIPLAST 2.5CM*5M,OTC
A12096,BUNNIES COTTON WOOL 50G,OTC
A12097,PANCAKE SWEET POTATO 210G ,BABY & MOM
A12098,KLEENSO DISINFECTANT LIQUID 4L,OTC
A12102,DISCONTINUE,OTC
A12103,DISCONTINUE,OTC
A12105,DISCONTINUED,PERSONAL CARE
A12110,DISCONTINUED,OTC
A12111,CHAMPS MVT PLUS OMEGA-3 (FRUITY) 60'S,OTC
A12125,~HS CASTOR OIL 473ML,CONSIGNMENT DR HANISAH
A12126,EDGE FINGER SCALP BRUSH,PERSONAL CARE
A12127,DISCONTINUE,OTC
A12128,DISCONTINUE,OTC
A12129,DISCONTINUE,OTC
A12130,DISCONTINUE,OTC
A12138,FC BIO SANITARY PADS (BLUE) 10S,OTC
A12139,FC PANTYLINER (GREEN) 20S,PERSONAL CARE
A12140,DISCONTINUE,OTC
A12141,YONKER PAEDS FINGERTIP PULSE OXIMETER K1,OTC
A12142,AURELIUS CARE FOREHEAD INFRARED THERMOMETER TE-79,MEDICAL DEVICE & SUPPLY
A12143,AURELIUS CARE 2IN1 INFRARED THERMOMETER TE-91,MEDICAL DEVICE & SUPPLY
A12114,BERGAMOT NITRILE GLOVES (L) BLUE 100'S,OTC
B10303,DISCONTINUE,OTC
B10304,JARDIANCE DUO 12.5/1000MG 60'S,POISON
B10305,REGRO 5% LOTION 80ML,POISON
A12115,DISCONTINUE,OTC
A12116,QUICK COOK CREAMY SWEET POTATO PASTA 70G ,OTC
A12117,QUICK COOK CREAMY MUSHROOM PASTA 70G ,BABY & MOM
A12120,RENU FRESH MULTI PURPOSE SOL 355ML,OTC
A12121,RENU SENSITIVE 355ML,OTC
A12122,DISCONTINUE,OTC
A12183,LIFEBUOY BW VITA PROTECT 500ML,PERSONAL CARE
A12184,LIFEBUOY BW COOL FRESH 500ML,PERSONAL CARE
A12185,DISCONTINUE,OTC
A12192,DISCONTINUE,OTC
A12193,EMPTY BOTTLE 60ML,CONSIGNMENT DR HANISAH
A12194,DISCONTINUE,OTC
A12195,~YUM EARTH ORGANIC POPS VITAMIN C 87G,CONSIGNMENT DR HANISAH
A12196,DISCONTINUE,OTC
A12197,DISCONTINUE,CONSIGNMENT DR HANISAH
A12198,DISCONTINUE,OTC
A12146,DISCONTINUE,OTC
A12147,DISCONTINUE,OTC
A12148,DISCONTINUE,OTC
A12149,DISCONTINUE,OTC
A12150,DISCONTINUE,OTC
A12151,DISCONTINUE,OTC
A12152,DISCONTINUE,OTC
B10323,DIABETMIN RETARD 850MG STRIP 10'S,POISON
A12174,NUTRIFORTE FISH OIL 1000MG 100'S,OTC
A12175,DISCOUNTINUE,OTC
A12176,HOVID LIQUID PARAFFIN 100ML,OTC
A12177,DYNA FERROUS FUMARATE 200MG 10'S,OTC
A12179,DISCONTINUE,OTC
A12180,LIFEBUOY BW MILD CARE 500ML,PERSONAL CARE
A12181,DISCOUNTINUE,OTC
B10310,CURAM 625MG STRIP 4'S,POISON
B10311,FUKOLE 150MG STRIP 1'S,POISON
B10312,OSPAMOX 250MG/5ML GRANULE 60ML,POISON
B10313,MAXIDEX DROPS 5ML,POISON
B10314,DIAMITEX STRIP 10'S,POISON
B10315,SEDILIX-RX LINCTUS 120ML,POISON
B10316,RHINOCORT AQUA 64MCG 120D,POISON
A12124,DISCONTINUED,CONSIGNMENT
A12136,NATRIEO 50MG 60'S,OTC
B10318,VENTOLIN SYRUP 100ML,POISON
B10319,HOVID SALBUTAMOL SYRUP 2MG/5ML 100ML,POISON
B10320,*VENTOLIN NEBULES PACK 5'S,POISON
B10321,MABRON 50MG STRIP 10'S,POISON
B10322,FELXICAM 20MG STRIP 10'S,POISON
A12153,COLOURED HAIR BRUSH,OTC
A12154,WOODEN HAIR BRUSH,OTC
A12156,DISCONTINUE,OTC
A12157,DISCONTINUE,OTC
A12158,~UNIECO SURFACE SANITIZER 500ML,CONSIGNMENT
A12159,~UNIECO HAND SANITIZER GEL 50ML,CONSIGNMENT
A12160,~UNIECO HAND SANITIZER 500ML,CONSIGNMENT
A12161,DISCONTINUE,OTC
A12162,DISCONTINUE,OTC
A12163,DISCONTINUE,OTC
A12164,DISCONTINUE,OTC
A12165,DISCONTINUE,OTC
A12166,DISCONTINUE,OTC
A12167,DISCONTINUE,OTC
A12168,DISCONTINUE,OTC
A12169,DISCONTINUE,OTC
A12170,DISCONTINUE,OTC
A12171,~FACE BLEND 100G,CONSIGNMENT DR HANISAH
B10325,DISCONTINUE,OTC
A12172,HY MINYAK GAMAT ASLI LANGKAWI PLUS 60ML,OTC
A11951,COLGATE TP TOTAL WHITENING 150G 2'S,PERSONAL CARE
A11947,DISCONTINUE,OTC
A11948,EASYSURE GCU MULTI-FUNCTION MONITORING SYSTEM,MEDICAL DEVICE & SUPPLY
A11949,DISCONTINUE,OTC
B10287,YSP DOXYMYCIN 100MG STRIP 10'S,POISON
B10289,*VOCINTI 20MG STRIP 10'S,POISON
A11955,COLGATE TP TOTAL PRO BREATH HEALTH 150G 2'S,PERSONAL CARE
A11956,COLGATE TP OPTIC WHITE DAZZLING WHITENING 100G,PERSONAL CARE
A11957,COLGATE SENSITIVE PRO RELIEF REPAIR &amp; PREVENT 114G,PERSONAL CARE
A11959,DISCONTINUED,OTC
A11961,DISCONTINUE,PERSONAL CARE
A11960,DISCONTINUE,PERSONAL CARE
A11962,DISCONTINUE,OTC
A11931,SURGICAL BLADE RIBBLE SIZE 11,WOUND & SURGICAL
A11932,DISCONTINUED,OTC
A11933,10021 SENSURA STD W/EAR 50MM BP 5'S,WOUND & SURGICAL
A11934,10385 SENSURA 2P MX OP TRANSPARENT 50MM 10'S,WOUND & SURGICAL
A11935,DISCONTINUED,OTC
A11936,DISCONTINUE,OTC
A11937,DISCOUNTINUE,OTC
A11938,PHARMATON WITH SELENIUM 100'S,OTC
A11939,DISCONTINUED,OTC
A11940,DISCONTINUED,OTC
A11941,GLUCOLIN ORIGINAL 420G,OTC
A11942,COSMODERM VIT E TONING LOTION 100ML,OTC
A11943,DISCONTINUE,OTC
A11944,DISCONTINUE,PERSONAL CARE
A11945,DARLIE TRAVEL KIT ADULT 50G,OTC
A11970,NATURES BOUNTY CO Q10 100MG 30'S,OTC
A11971,DISCONTINUED,OTC
A11965,~DILUTED LAVENDER OIL 10ML,CONSIGNMENT DR HANISAH
A11969,21ST CEN HERBAL SLEEP 740MG 30'S,OTC
A11972,DISCONTINUED,OTC
A11973,HOMECARE PORO ACETAMINOPHEN 500MG ,OTC
A11974,DISCONTINUED,OTC
A11975,DISCONTINUE,OTC
A11976,DISCONTINUE,PERSONAL CARE
A11980,*SIMPLE CLEANSING FACIAL WIPES 25'S,OTC
A11981,REXOM/HOVID MIXTURE POTASSIUM CITRATE 100ML,OTC
A11982,DISCONTINUE,OTC
A11983,OB PRO COMFORT MINI TAMPON 16'S,PERSONAL CARE
A11984,DISCONTINUED,OTC
A11985,DISCONTINUED,OTC
A11986,NU-PREP LELAKI 100MG (PHYSTA EXTRAC TONGKAT ALI) 30S,OTC
A11920,DISCONTINUE,OTC
A11988,JUS LEGA MINUMAN BOTANI 350ML,OTC
A11990,DISCONTINUE,OTC
A11991,MATA HATI STEVIA + MONK FRUIT 10ML,OTC
A11992,DISCONTINUE,OTC
A11993,DISCONTINUE,OTC
B10294,GLYXAMBI 25/5MG BOX 30'S,POISON
A12038,DISCONTINUE,OTC
A12039,DISCONTINUE,OTC
A12043,DISCONTINUE,OTC
A12045,AMMEDA ABDOMINAL BINDER (XL),REHAB & SUPPORT
A12046,AMMEDA ABDOMINAL BINDER (L),REHAB & SUPPORT
A12047,LP CLOSED PATELLA KNEE SUPPORT ADVANCE (ONE SIZE),OTC
A12048,BREATHE RIGHT SENSITIVE ADULT 12'S,OTC
A12065,DISCONTINUE,OTC
A12066,DISCONTINUE,OTC
A12067,DISCONTINUE,OTC
A12068,DISCONTINUE,OTC
A12069,DISCONTINUE,OTC
A12070,DISCONTINUE,OTC
A12071,~ VISEEE 500MG 30S,SUPPLEMENT
A12053,LP CERVICAL COLLAR (XL),OTC
A12054,LP CERVICAL COLLAR (M),OTC
A12055,LP CERVICAL COLLAR (L),OTC
A12056,LP SHOULDER SUPPORT (L),OTC
A12057,LP SHOULDER SUPPORT (XL),OTC
A12058,LP OPEN PATELLA KNEE SUPPORT (REGULAR),OTC
A12060,LP KNEE SUPPORT (M),REHAB & SUPPORT
B10292,LORATYN-10 10S,POISON
B10293,PRELICA 75MG STRIP 10'S,POISON
A11998,GKB CORDYCEPS 350MG 60'S,OTC
A12001,DISCONTINUE,OTC
A12002,DISCONTINUE,OTC
A12003,DISCONTINUED,OTC
A12005,DERMATIX ADVANCE 15G,OTC
A12006,DISCONTINUE,OTC
A12007,DISCONTINUE,OTC
A12008,OPTI-FREE PURE MOIST 90ML,OTC
A12009,OREGAN MANUKA HONEY & BEE PROPOLIS DROPS 42G,OTC
A12010,OREGAN MANUKA HONEY DROPS 42G,OTC
A12011,DISCONTINUE,OTC
A12012,ORAL AID STRAWBERRY GEL 15G,OTC
A12013,DISCONTINUED,OTC
A12014,DISCONTINUE,OTC
A12015,ELLGY CORNS & WARTS TREATMENT SOLUTION,OTC
A12016,T3 PIMPLE GEL PLUS 15G,OTC
A12018,DISCONTINUE,OTC
A12019,DISCONTINUE,OTC
A12020,DISCONTINUE,OTC
A12021,DISCONT,OTC
A12023,LPM 726 NEOPRENE WRIST WRAP (RIGHT),OTC
A12024,LPM 726 NEOPRENE WRIST WRAP (LEFT),OTC
A12025,DISCONTINUED,OTC
A12026,DISCONTINUE,OTC
A12027,DISCONTINUED,OTC
A12030,REJUVASIL 10ML,OTC
A12031,~ECZEMA BLEND 30ML,CONSIGNMENT DR HANISAH
A12032,DISCONTINUE,OTC
A12033,DISCONTINUE,OTC
A12034,DISCONTINUE,OTC
A12035,BERGAMOT NITRILE GLOVES (M) BLUE 100'S X2230,OTC
A11593,SAFI MINYAK ZAITUN (GREEN) 50ML,OTC
A11586,~SURGICAL DISPOSABLE FACE MASK EL (GREEN) 1S,MEDICAL DEVICE & SUPPLY
A11587,DISCONTINUE,OTC
A11589,HEAD&SHOULDER SH ULTRA MEN ANTI HAIR-FALL 170ML,OTC
A11596,SAFI MINYAK ZAITUN (GREEN) 150ML,OTC
A11605,SHURAH PEWARNA RAMBUT - 2 (PERANG GELAP),OTC
A11606,SHURAH PEWARNA RAMBUT - 3 (BURGUNDI),OTC
A11607,SHURAH PEWARNA RAMBUT - 4 (KOPER MERAH),PERSONAL CARE
A11608,SHURAH PEWARNA RAMBUT - 5 (MERAH KLASIK),PERSONAL CARE
A11609,SHURAH PEWARNA RAMBUT - 6 (KAYU MANIS),PERSONAL CARE
A11611,DEE FRUIT ASSORTED FLAVOUR,FOOD & BEVERAGES
A11616,~ NISRAA STRENGTHENING TONIC 70ML,PERSONAL CARE
B10173,YSP VIRLESS CREAM 5G,POISON
A11569,REDOXON KIDS CHEW DA 60S,OTC
A11580,DISCONTINUE,OTC
A11581,DISCONTINUE,OTC
A10379,DISCONTINUE,OTC
A10468,DISCONTINUE,OTC
A10704,DISCONTINUE,OTC
A10705,DISCONTINUE,OTC
A10706,DISCONTINUE,OTC
A10717,DISCONTINUE,OTC
A10930,DISCONTINUE,OTC
A10932,SKIN WELLNESS 20S,OTC
A10983,*NIVEA DEO(M) ROLL ON DB CHARCOAL DARK WOOD 50ML,PERSONAL CARE
A11576,PUREEN LIQ CLEANSER REFILL NO FLAVOUR 600ML,BABY & MOM
A11708,DISCONT,OTC
A11709,DISCONTINUE,CONSIGNMENT
B10179,DISCONTINUE,POISON
A11710,DISCONTINUE,CONSIGNMENT
B10180,*DIFFLAM MINT STRIP 8'S,POISON
A11704,DISCOUNTINUE,OTC
A11705,PROVAS 60'S,OTC
A11701,*AP GOOD BYE FEVER PATCH (INFANT) 1'S,OTC
A11702,*AP GOOD BYE FEVER PATCH (CHILDREN) 1'S,OTC
A11647,HP BLACK SOY BEAN 500G,OTC
A11648,HP ORG SOY BEAN 500G,OTC
A11649,HP ORG MUNG BEAN 500G,OTC
A11650,HP 3 BEANS MIXED 500G,OTC
A11674,CRUDIGNO ORG OLIVE OIL EXTRA VIRGIN 250ML,FOOD & BEVERAGES
A11675,HP ORG CANE SUGAR 1KG,OTC
A11676,HP ORG DETOX JUICE RABENHORST 750ML,OTC
A11677,HP ORG ANTIOX JUICE RABENHORST 750ML,OTC
A11678,HP ORG CARROT JUICE RABENHORST 750ML,OTC
A11679,HP CRANBERRY JUICE RABENHORST 750ML,OTC
A11680,HP ORG BEETROOT JUICE RABENHORST 750ML,OTC
A11681,HP ORG VEGETABLE JUICE RABENHORST 750ML,OTC
A11682,HP 11 + 11 MULTIFRUIT JUICE RABENHORST 750ML,OTC
A11683,HP NATURAL PRUNE DRINK RABENHORST 750ML,OTC
A11684,HP ECO ORG POMEGRANATE VINEGAR 250ML,OTC
A11685,HP ORG 5 COLOURS STICK NOODLE 200G,OTC
A11686,HP ORG WHEATGRASS POWDER 120G,OTC
A11687,ORG CHIA SEED 280G,OTC
A11688,HP 5 SUPER SEEDS COOKIES 180G,OTC
A11689,DISCONTINUED,OTC
A11690,DISCONTINUED,OTC
A11691,WOOD VINEGAR LAUNDRY POWDER 1.2KG,OTC
A11692,HP BRAIN SUPPLEMENTS SOUP 137G,OTC
A11693,HP LIVER TONIC SOUP 143G,OTC
A11694,DISCONT,OTC
A11695,HP COCONUT OATS COOKIES 144G,OTC
A11696,HP ORG BABY PORRIDGE 500G,OTC
A11697,HP ORG MULBERRY 150G,OTC
A11698,HP ORG DRIED APRICOT 180G,OTC
A11699,HP DRIED CRANBERRIES 200G,OTC
A11639,~MY FACE OIL 10ML,CONSIGNMENT DR HANISAH
A11640,~MY NATURAL DEODORANT 30ML,CONSIGNMENT DR HANISAH
A11641,DISCONTINUE,FOOD & BEVERAGES
A11642,REXONA(M) DEODORANT SPRAY ACTIVE PROTECT INVISIBLE,OTC
A11643,REXONA(M) DEO SPRAY A/BACTERIAL DEFENSE 200ML,OTC
A11644,DISCONTINUE,OTC
A11645,REXONA(M) DEO SPRAY SPORT DEFENCE 200ML,OTC
A11646,DISCONTINUE,OTC
A10813,*SMITH&NEPHEW PRIMAPORE 8.3CM*6CM 5'S,WOUND & SURGICAL
A11626,DETTOL HAND SANITIZER 2IN1 SPRAY 50ML,OTC
A11627,OMRON HEM-7183 BLOOD PRESSURE BP MONITOR (KAFF BESAR),MEDICAL DEVICE & SUPPLY
A11628,DISCONTINUE,OTC
A11633,21ST CEN SELENIUM 200MCG 50'S,OTC
A11634,LIGHTHWEIGHT WHEELCHAIR SYIV100-11A(20'),REHAB & SUPPORT
A11635,TREE'S CARE SOFTCLIX BLOOD LANCET FLAT 100'S,OTC
A11636,DISCONTINUED,OTC
A11637,DISCONTINUED,OTC
A11638,DISCONTINUED,OTC
000001,~MY SOOTHING BALM 30GM,CONSIGNMENT DR HANISAH
A11652,HP ORG SULTANA RAISIN 200G,OTC
A11653,HP ORG SPELT FLOUR 500G,OTC
A11654,HP ORG ALL PURPOSE FLOUR 1KG,OTC
A11655,HP ORG UNBLEACHED PLAIN FLOUR 1KG,OTC
A11656,HP ORG HIGH PROTEIN WHOLEMEAL FLOUR 1KG,OTC
A11657,HP ORG WHITE RICE FLOUR 500G,OTC
A11658,HP ORG BROWN RICE FLOUR 500G,OTC
A11659,HP ORG 12 GRAIN 800G,OTC
A11660,HP ORG MOLASSES SUGAR 500G,OTC
A11661,HP ORG JAGGERY SUGAR 1KG,OTC
A11662,HP ORG YELLOW LENTILS 250G,OTC
A11663,HP ORG PARADISE LEGUMES 3 MIX LENTILS 250G,OTC
A11664,HP ORG MIX DAL 5 MIXED LENTILS 250G,OTC
A11665,HP RAW PEANUTS WHITE 250G,OTC
A11666,HP ORG SUNFLOWER SEED 250G,OTC
A11667,PARADISE 3 MIXED NOODLE 250G,OTC
A11668,HP NATURAL BAKING POWDER 150G,OTC
A11669,HP KOMBU SHITAKE DASHI 100G,OTC
A11670,PARADISE NAT PSYLLIUM HUSKS 100G,OTC
A11672,HP EPSOM SALT 250G,OTC
B10016,AXCEL DEXCHLORPHENIRAMINE 2MG 10'S,POISON
B10017,AXCEL DIPHENHYDRAMINE PAEDIATRIC SYRUP 100ML,POISON
B10019,AXCEL SALBUTAMOL 4MG 10'S,POISON
B10022,BERODUAL N INHALER 200 DOSES,POISON
B10023,BETAVAL CREAM 15G,POISON
B10024,BETNOVATE 0.1% CREAM 15G,POISON
B10032,CANDID-B LOTION 15ML,POISON
B10033,CCM BEAZYME 10'S,POISON
B10034,DISCONTINUE,POISON
B10037,CLARITYNE 10MG STRIP 10'S,POISON
B10042,DANZEN 5MG STRIP 10'S,POISON
B10043,DEQ LOZENGES STRIP 10'S,POISON
B10044,DEXASONE 0.5MG STRIP 10'S,POISON
B10048,DIFFERIN ADAPALENE GEL 0.1% 15G,POISON
B10049,DISCONTINUE,POISON
B10052,DURO-TUSS EXPECTORANT 90ML,POISON
B10053,DURO-TUSS REGULAR 90ML,POISON
B10054,DYRITON 4MG STRIP 10'S,POISON
B10059,FLIXOTIDE EVOHALER 125MCG 120 DOSES,POISON
B10060,FLUCOZOL 150MG STRIP 1'S,POISON
B10070,SERETIDE 50/250MCG ACCUHALER,POISON
B10073,HOE BUDENIDE NASAL SPRAY 64MG 120D,POISON
B10087,*LIPITOR 20MG STRIP 10'S,POISON
B10088,*LIPITOR 40MG STRIP 10'S,POISON
B10089,DISCOUNTINUE,POISON
B10084,KENHANCER PLASTER 6'S,POISON
B10094,MOTILIUM 10MG STRIP 25'S,POISON
B10096,MYONIT INSTA SUBLINGUAL 0.5MG 30'S,POISON
B10097,NASONEX SCENT-FREE 50MCG 140D,POISON
B10099,NEO DECA EAR/EYE DROPS 5ML,POISON
B10100,*NEXIUM 20MG STRIP 7'S,POISON
B10101,*NEXIUM 40MG STRIP 7'S,POISON
B10103,NORGESIC 12'S,POISON
B10105,*OMETAC 20MG STRIP 7'S,POISON
B10107,NORIPHARMA PREDSONE SYRUP 120ML,POISON
B10109,*NORVASC 10MG STRIP 10'S,POISON
B10111,NUROFEN EXPRESS 342MG BOX 12'S,POISON
B10112,NUROFEN EXPRESS 684MG BOX 12'S,POISON
B10114,GTN ACTAVIS 500MG 30S,POISON
B10116,OXY-NASE 0.025% NASAL SPRAY 15ML,POISON
B10120,PLAVIX 75MG BOX 14'S,POISON
B10123,PRIME MELGESIC 250MG STRIP 10'S,POISON
B10126,*PROMESEC 20MG STRIP 7'S,POISON
B10134,SANOFI LASIX 40MG STRIP 10'S,POISON
B10135,SIMTEC 10MG STRIP 10'S,POISON
B10136,*STORVAS C 10MG STRIP 10'S,POISON
B10139,SUNWARD NALOL 40MG STRIP 10'S,POISON
B10141,SUNWARD SUNOLUT STRIP 10'S,POISON
B10145,T3 MYCIN 1% GEL 25G,POISON
B10146,TAISHO PABRON COUGH & SINUS SYRUP 120ML,POISON
B10149,UPHADYL FORTE EXPECTORANT 90ML,POISON
B10161,XYZAL 5MG STRIP 10'S,POISON
A11362,MUMIN TP MAX PRO CLEAN 160G,OTC
A11363,DISCONTINUE,OTC
A11364,DISCONTINUED,OTC
A11365,DISCONTINUED,OTC
A11366,DISCONTINUED,OTC
A11367,DISCONTINUED,OTC
A11369,NESTLE KOKO CRUNCH CEREAL BAR 25G,OTC
A11370,NESTLE NUTREN DIABETIK 800G,OTC
A11371,DISCONTINUE,OTC
A11372,DISCONTINUE,OTC
A11373,DISCONTINUE,OTC
A11374,NEXCARE CLEAR WATER PROOF 16'S,OTC
A11375,DISCONTINUE,OTC
A11337,~PURE OLIVE SQUALANE OIL 10ML,CONSIGNMENT DR HANISAH
A11338,DISCONTINUE,OTC
A11335,DISCONTINUE,OTC
A11350,NESTLE MILO CEREAL BAR 24.5G,OTC
A11351,DISCONTINUE,OTC
A11352,DISCONTINUE,OTC
A11340,~MDC CAPTAIN GG KIDS BAMBOO TB 1'S,CONSIGNMENT DR HANISAH
A11341,DISCONTINUE,OTC
A11342,MENTHOLATUM DEEP COLD PATCH (COLD PAIN RELIEF) 2'S,OTC
A11343,MENTHOLATUM DEEP HEATING PATCH 7CM*10CM 2'S,OTC
A11344,MENTHOLATUM DEEP HEATING RUB EXTRA STRENGTH 94.4G,OTC
A11345,MENTHOLATUM OINTMENT 28G,OTC
A11346,MENTOS CHEWING GUM (FRESHMINT) 29.7G,OTC
A11347,MENTOS CHEWING GUM (BERRY LIME MINT) 29.7G,OTC
A11348,MERCK REMIFEMIN BOX 60'S,OTC
A11389,DISCONT,OTC
A11390,~PURE COCONUT OIL 100ML,CONSIGNMENT DR HANISAH
A11408,DISCONTINUE,OTC
A11409,DISCONTINUE,OTC
A11410,DISCONTINUE,OTC
A11411,DISCONTINUE,OTC
A11392,DISCONTINUE,OTC
A11393,DISCONTINUE,OTC
A11394,DISCOUNTINUE,OTC
A11395,DISCONTINUE,OTC
A11396,DISCONTINUE,OTC
A11397,DISCONTINUE,CONSIGNMENT
A11398,DISCONTINUE,OTC
A11399,DISCONTINUE,OTC
A11400,DISCONTINUE,OTC
A11401,DISCONTINUE,OTC
A11402,DISCONTINUE,OTC
A11403,DISCONTINUE,OTC
A11404,DISCOUNTINUE,OTC
A11405,DISCOUNTINUE,OTC
A11406,~ORGANICULE PUMPKIN POWDER 400G,OTC
A11354,DISCONTINUE,OTC
A11355,DISCONTINUE,OTC
A11356,MOSQUITO PATCH DEFENDER KIDS 18'S,OTC
A11357,*MUCOSOLVAN 24HRS 10'S (AMBROXOL),OTC
A11358,HAND THERAPY KIT BALL TYPE 3'S,OTC
A11377,NESTLE NUTREN DIABETIK 400G,OTC
A11378,NESTLE NUTREN FIBRE 400G,OTC
A11381,DISCONTINUE,OTC
A11382,DISCONTINUE,OTC
A11383,ORAL B TB CLASSIC (MEDIUM) 1'S,OTC
A11385,LPM SQUEEZE BALL 1'S,OTC
A11386,ORAL B TB ULTRATHIN EXTRASOFT 1'S,OTC
A11387,DISCONTINUE,OTC
A11247,HALLS MENTHO LYPTUS-BLUE 34G,OTC
A11248,HALLS VITA C LIME CANDY 34G,OTC
A11249,MANICURE SCISSORS HC063 576/24,OTC
A11251,DISCONTINUE,OTC
A11252,DISCONTINUE,OTC
A11254,HEINZ BABY BISCUIT 60G,BABY & MOM
A11256,HEMOSOL OINTMENT 25G,OTC
A11257,*HEMOSOL SUPPOSITORY 1'S (ZINC OXIDE),OTC
A11258,DISCONTINUE,OTC
A11259,DISCONTINUE,OTC
A11260,DISCONTINUE,OTC
A11265,DISCONTINUE,OTC
A11266,DISCONTINUE,OTC
A11269,DISCONTINUE,OTC
A11272,HIRUSCAR GEL 5G,OTC
A11273,MANICURE SCISSORS HM013 576/24,OTC
A11274,DISCONTINUE,OTC
A11277,HOVID ULTIMAX CREAM 15G,OTC
A11278,DISCONTINUE,OTC
A11280,HURIX'S MOUTH ULCERS CREAM WITH A/VERA 13G,OTC
A11284,DISCONTINUE,OTC
A11285,DISCONTINUE,OTC
A11289,DISCONTINUE,OTC
A11290,DISCONTINUE,OTC
A11287,DISCONTINUE,OTC
A11294,DISCONTINUE,OTC
A11297,DISCONTINUE,OTC
A11298,DISCONTINUE,OTC
A11299,DISCONTINUE,OTC
A11300,DISCOUNTINUE,PERSONAL CARE
A11301,DISCONTINUE,PERSONAL CARE
A11302,LACTACYD FEMININE WASH ALL DAY CARE 250ML,OTC
A11303,LACTACYD FEMININE WASH SOFT&SILKY 250ML,OTC
A11305,DISCONTINUED,OTC
A11306,DISCONTINUE,OTC
A11307,DISCONTINUE,OTC
A11308,DISCONTINUE,OTC
A11309,DISCONTINUE,OTC
A11310,CAREFREE SUPER DRY PL SCENTED 50S,PERSONAL CARE
A11311,NUTELLA B-READY 22G,OTC
A11313,ERIO LITTLE TEENY FRUITS FREEZE MANGOES 30G 4S,FOOD & BEVERAGES
A11314,MINI WIPES 8'S,OTC
A11315,DISCONTINUE,PERSONAL CARE
A11316,DISCONTINUE,PERSONAL CARE
A11317,DISCONTINUE,OTC
A11318,DISCONTINUE,OTC
A11319,DISCONTINUE,OTC
A11320,DISCONTINUE,OTC
A11321,LIFEFLO MAGNESIUM LOTION ALOE VERA 237ML,OTC
A11322,DISCONTINUE,OTC
A11325,DISCONTINUE,OTC
A11328,DISCONTINUE,OTC
A11329,DISCONTINUE,OTC
A11330,DISCONTINUE,OTC
A11331,DISCONTINUE,OTC
A11332,DISCONTINUE,OTC
A11333,DISCONTINUE,OTC
A11426,PRITAMOL SUPPOSITORIES 250MG 5'S  (PARACETAMOL),OTC
A11428,PUMICE BRUSH 288/48 (BERUS KAKI),OTC
A11431,PUREEN MILK POWDER DISPENSER BABY,BABY & MOM
A11434,QUICK ARMSLING GREEN CITY CHILD,OTC
A11435,QV FEET HEEL BALM 50G,PERSONAL CARE
A11416,DISCONTINUED,OTC
A11417,DISCONTINUED,OTC
A11418,DISCONTINUE,OTC
A11420,PREMIER KIDDIES BUDS 200 TIPS,OTC
A11423,~PRICKLY PEAR SEED OIL 10ML,CONSIGNMENT DR HANISAH
A11444,ROSKEN CREAM AD PROBIOTIC 75ML,OTC
A11445,ROSSMAX THERMOMETER TG380,MEDICAL DEVICE & SUPPLY
A11446,DISCONTINUE,OTC
A11447,DISCONTINUE,OTC
A11448,DISCONTINUE,OTC
A11449,DISCONTINUE,OTC
A11450,DISCONTINUE,OTC
A11451,SAFI SHAYLA HIJAB LEAVE HAIR FALL CONTROL&FRAGRANT,OTC
A11452,SAFI SHAYLA HIJAB LEAVE SMOOTH&FRAGRANT 120ML,OTC
A11453,SAFI TP OREN HERBA 75G,OTC
A11439,RELISPRAY EC 100ML,OTC
A11440,REPARIL GEL N 40G,OTC
A11455,SCOTT'S COD LIVER OIL 315MG 100'S,OTC
A11456,SCRUNCHIER HAIR ELASTIC,OTC
A11457,SCRUNCHIER HAIR ELASTIC 24IN1,OTC
A11460,DUGRO SURE PERISA ASLI 600G,BABY & MOM
A11437,REJOICE PERFUME FRESH CONDITIONER 170ML,OTC
A11462,DISCONTINUE,OTC
A11466,DISCONTINUE,OTC
A11467,DISCONTINUE,CONSIGNMENT
A11468,SUNSILK SH DAMAGE RESTORE 320MLS,OTC
A11470,SUNSILK HIJAB SH ANTI-RAMBUT GUGUR 70ML,OTC
A11471,DISCONTINUE,OTC
A11472,SUNSILK HIJAB SH SEGAR BERHIJAB 70ML,OTC
A11473,SUNSILK SH ANTI-DANDRUFF 320ML,OTC
A11474,SUNSILK SH ANTI-DANDRUFF 70ML,OTC
A11475,SUNSILK SH BLACK SHINE 70ML,OTC
A11478,SUNSILK SUPER COND VOLUME BOOSTER 180ML,OTC
A11479,SUNSILK SUPER COND DAMAGE RESCUE 180ML,OTC
A11480,SUNSILK SUPER COND POWER SHINE 180ML,OTC
A11481,DISCONTINUE,OTC
A11483,DISCONTINUE,OTC
A11484,TEN TEN NATURA (BROCCOLI) 150G,OTC
A11485,TEN TEN NATURA (CARROT) 150G,OTC
A11486,TEN TEN NATURA (MULTI-VEGE) 150G,OTC
A11488,TIGER BALM WHITE 10G,OTC
A11490,TRIANGULAR BANDAGE (APEX/S&N),REHAB & SUPPORT
A11496,UPHAMOL SUSPENSION FRUITY 250MG 100ML,OTC
A11497,VITAHEALTH TONGKAT ALI &amp; MACA PLUS 60'S,OTC
A11498,WELLMEX HYDROGEN PEROXIDE 30ML,OTC
A11499,~WITCH HAZEL HYDROSOL 100ML,CONSIGNMENT DR HANISAH
A11500,WOODS IVY LEAF HERBAL COUGH SYRUP 60ML,OTC
A11507,WRIGLEY'S DOUBLEMINT COOL BLACKCURRANT 58G,OTC
A11508,WRINLEY'S DOUBLEMINT GUM PEPPERMINT 58G,OTC
A11509,DISCONTINUE,OTC
A11510,DISCONTINUE,OTC
A11511,DISCONTINUE,OTC
A11512,XECA HCG/CARE RAPID KIT,OTC
A11513,DISCONTINUE,OTC
A11514,DISCONTINUE,OTC
A11515,WOUND & BURNS CREAM 15G,OTC
A11516,DISCONTINUE,OTC
A11493,~UNREFINED AVOCADO OIL 250ML,CONSIGNMENT DR HANISAH
A11494,DISCONTINUE,OTC
A11503,DISCONTINUE,OTC
A11413,PETAL FRESH HAIR RESQ ANTI-DANDRUFF SHAMPOO 335ML,OTC
A11518,ESCO FOLDING WALKING STICK,REHAB & SUPPORT
A11525,IZZLY SERBUK AYAM 70G,OTC
A11526,IZZLY SERBUK KEJU 80G,OTC
A11527,DISCONTINUE ,OTC
A11528,NOVA PHYTO-9 TABLET ,OTC
A11529,DISCONTINUE,OTC
A11530,IZZLY SERBUK BERAS PERANG SEGERA 150G,OTC
A11531,IZZLY SERBUK BERAS PUTIH SEGERA 150G,OTC
A11532,DRYPERS BABY HEAD TO TOE (REFILL),OTC
A11533,DISCONTINUE,OTC
A11534,ON CALL SURE TEST STRIPS 50'S,OTC
A11535,DISCONTINUE,OTC
A11520,ESCO QUAD NARROW,OTC
A11521,DISCONTINUE,OTC
A11523,*PROSPAN F 5ML COUGH SACHET 1'S,OTC
A11540,LIGHTWEIGHT FOLDABLE PEDIATRIC PUSH CHAIR,REHAB & SUPPORT
A11541,DISCONTINUE,OTC
A11542,DISCONTINUE,OTC
A11537,DISCONTINUE,OTC
A11538,QUORBYX M1.0 CREAM 100G,OTC
A11545,NOVGLUCAN CAPSULE 10S,SUPPLEMENT NOVA
A11548,DISCONTINUE,OTC
A11549,DISCONTINUE,OTC
A11550,DISCONTINUE,OTC
A11559,~SURGICAL DISPOSABLE FACE MASK EL (GREEN) 5S,MEDICAL DEVICE & SUPPLY
A11560,~REUSABLE MENSTRUAL CLOTH PAD REGULAR 1'S,CONSIGNMENT DR HANISAH
A11561,~REUSABLE MENSTRUAL CLOTH PAD EXTRA LONG 1'S,CONSIGNMENT DR HANISAH
A11562,~REUSABLE PANTY LINER 1'S,CONSIGNMENT DR HANISAH
A11563,~REUSABLE WET BAG 1'S,CONSIGNMENT DR HANISAH
A11564,~REUSABLE BREAST PAD BAMBOO 1'S,CONSIGNMENT DR HANISAH
A11565,AEON PULSE OXIMETER A310,OTC
A11566,CA-MI PULSE OXIMETER,OTC
A11552,DISCONTINUE,OTC
A11553,ITCH CREAM 15G,OTC
B10001,ACTIMIN 10'S,POISON
B10005,AERIUS 5MG BOX 10'S,POISON
B10007,ALLERPID STRIP 7'S,POISON
B10011,APO-ALLOPURINOL 100MG 10'S,POISON
B10014,*ASLENE 120MG STRIP 10'S,POISON
A10135,BETADINE COLD DEFENSE KIDS NASAL SPRAY 20ML,OTC
A10137,BIOGROW OAT BG22 480G,OTC
A10139,BIOLAB FLANIL CREAM 60G,OTC
A10140,DISCONTINUE,OTC
A10114,GKB KIDS STAR 1'S,OTC
A10115,~CIK BIBAH RTE AYAM MASAK MERAH 150G,FOOD & BEVERAGES
A10118,SHILEY TUBE 6UN75R 1UNIT,MEDICAL DEVICE & SUPPLY
A10121,BATHROOM SCALE TANITA HD 378,OTC
A10075,OPTIMAXE LITE VANILLA 400G ,SUPPLEMENT
A10076,~NESTLE NUTREN OPTIMUM CEREAL 800G,OTC
A10077,DISCONTINUE,OTC
A10078,~BEBIMORA DIAPANTS (S),BABY & MOM
A10079,DISCONTINUE,OTC
A10080,DISCONTINUE,OTC
A10083,DISCONTINUE,OTC
A10084,DISCONTINUE,OTC
A10088,APPETON ESSENTIAL MVT 21 30'S,OTC
A10089,DISCONTINUE,OTC
A10090,DISCONTINUE,OTC
A10092,APPETON MVT 60'S,OTC
A10086,DISCONTINUE,OTC
A10094,DISCONTINUE,OTC
A10096,AQ-KINESOLOGY TAPE (9611X),OTC
A10097,AQUACEL AG+EXTRA (413567) 10CM*10CM 1'S,WOUND & SURGICAL
A10098,AQUACEL EXTRA (420672) 10CM*10CM 1'S,OTC
A10102,A-SEPTIC AS GEL 15G,OTC
A10103,AU FAIRY ALOE VERA GEL 180G,OTC
A10104,AUDACE SHAMPOO (EXTRA) 200ML,OTC
A10105,SUNWARD AQUEOUS CREAM 500G,PERSONAL CARE
A10108,DISCONTINUE,OTC
A10041,ALDARA PUMP 5% CREAM 2G,POISON
A10042,TONGKAT ALI MACA PLUS 10'S,OTC
A10044,DISCONTINUE,OTC
A10045,ALCON OPTI-FREE EXPRESS EVERYDAY COMFORT 355ML,OTC
A10046,DISCONTINUE,OTC
A10047,ALCON SYSTANE ULTRA EYE DROPS 5ML,OTC
A10048,ALCON SYSTANE ULTRA UNIT DOSE VIALS 0.5ML*24S,OTC
A10038,DIAPEX WONDER PANTS SIZE XXL 32'S + 4'S,REHAB & SUPPORT
A10051,AFIAT MINYAK HANGAT 55ML,OTC
A10055,~MY DEODORANT STICK,CONSIGNMENT DR HANISAH
A10056,DISCONTINUED,OTC
A10057,ALUCID SUSPENSION 100ML,OTC
SHIPPING,SHIPPING,CONSIGNMENT
A10005,DISCONTINUED,OTC
A10006,21ST CEN MAXI CAL 60'S,OTC
A10003,21ST CEN CHEWY C 30MG 90'S,OTC
A10011,21ST CEN SELENIUM 'N' ACE 30'S,OTC
A10016,21ST CEN WOMEN'S MVT WITH EPO OIL 30'S,OTC
A10018,*ABBOTT ENSURE GOLD VANILLA 800G,SUPPLEMENT
A10020,ABSORBA UNDERPAD 75CM*75CM 10'S,REHAB & SUPPORT
A10022,SURGICAL BLADE RIBBLE SIZE 15,OTC
A10023,A-CERUMEN EAR HYGIENE SPRAY 40ML,OTC
A10026,ACU-LIFE FOAM EAR PLUGS,OTC
A10027,BD ALCOHOL SWAB 100S,OTC
A10148,CARTRIL-S 250MG CAPSULE100'S,SUPPLEMENT
A10149,DISCONTINUE,OTC
A10150,DISCOUNTINUE,OTC
A10151,DISCONTINUED,OTC
A10152,DISCONTINUED,OTC
A10154,DISCOUNTINUE,OTC
A10156,BM EVENING PRIMROSE OIL 1000MG 100'S,SUPPLEMENT
A10157,BM EVENING PRIMROSE OIL+FISH OIL 30'S,SUPPLEMENT
A10159,BM GARLIC OIL 90'S,SUPPLEMENT
A10161,BM LECITHIN 1200 100'S,SUPPLEMENT
A10165,BM MULTIVITAMINS+MINERAL 30'S,SUPPLEMENT
A10169,*BYE BYE FEVER (BABY) 2'S,OTC
A10170,*BYE BYE FEVER (CHILDREN) 2'S,OTC
A10171,DISCONTINUE,OTC
A10172,DISCONTINUE,OTC
A10186,PANCAKE PUMPKIN 210G,BABY & MOM
A10188,DISCONTINUE,OTC
A10189,DISCONTINUE,OTC
A10190,DISCONTINUE,OTC
A10193,DISCONTINUE,OTC
A10194,DISCONTINUE,OTC
A10195,*CASPRIN 100MG 30'S (ASPIRIN),OTC
A10196,*CEBION VIT C 1000MG 10'S,OTC
A10198,DISCONTINUE,OTC
A10200,DISCONTINUE,OTC
A10218,CHAMPS MULTIVITAMINS (STRAWBERRY) 100'S,OTC
A10219,CHAMPS MVT PLUS FOLIC ACID &amp; LYSINE 100'S,OTC
A10220,CHAMPS C 100MG (BLACKCURRANT) 100'S,OTC
A10221,CHAMPS C 100MG SUGAR FREE (ORANGE) 100'S,OTC
A10222,DISCONTINUE,OTC
A10223,CHEWIES VIT C 100MG 30'S,OTC
A10224,CLEANOL ANTIBAC DISINFECTANT 100ML,OTC
A10225,CLEANOL ANTIBAC DISINFECTANT 250ML,OTC
A10226,CLEANOL ANTIBAC DISINFECTANT LIQUID 50ML,OTC
A10227,DISCONTINUE,OTC
A10228,DISCONTINUE,OTC
A10229,DISCONTINUE,OTC
A10230,MULTI B 30'S,OTC
A10231,SENSITIVE SKIN CREAM 25G,OTC
A10232,DISCONTINUE,OTC
A10207,JARDIN CETRIDIN 1 LOTION 125ML,WOUND & SURGICAL
A10208,DISCONTINUE,OTC
A10209,DISCONTINUE,PERSONAL CARE
A10210,CETAPHIL GENTLE CLEANSER OILY SKIN 125ML,PERSONAL CARE
A10211,DISCONTINUE,PERSONAL CARE
A10212,DISCONTINUED,OTC
A10213,DISCONTINUE,OTC
A10214,DISCONTINUE,OTC
A10215,DISCONTINUED,PERSONAL CARE
A10216,DISCONTINUE,OTC
A10202,DISCONTINUE,OTC
A10203,~MINYAK BIDARA ASLI 50G,CONSIGNMENT DR HANISAH
A10204,DISCONTINUE,OTC
A10234,COLGATE KIDS TB EXTRA SOFT 1'S,PERSONAL CARE
A10235,COLGATE KIDS TP STRAWBERRY TIGER 1'S,PERSONAL CARE
A10241,COLGATE TP TRIPLE ACTION 200G,PERSONAL CARE
A10242,COLGATE TP FRESH MINT/REGULAR MINT 180G,PERSONAL CARE
A10243,COSMODERM VIT E FACIAL FOAM 125ML,OTC
A10238,COLGATE TB PREMIER CLEAN B2F1 SOFT,PERSONAL CARE
A10247,"COSMODERM VIT E OIL 15,000IU 30ML",OTC
A10261,DARLIE FOR HER TB MEDIUM,OTC
A10262,DARLIE KIDS TP STRAWBERRY 40G,PERSONAL CARE
A10263,DERMACYN 500ML,WOUND & SURGICAL
A10264,DERMAL THERAPY HEEL BALM 50G,PERSONAL CARE
A10265,DERMATIX ADVANCE GEL 9G,OTC
A10268,DISCONTINUE,OTC
A10269,DETTOL SPRAY MORNING DEW 225ML,OTC
A10270,DISCONTINUE,OTC
A10271,DISCONTINUE,OTC
A10275,DISCONTINUED,OTC
A10276,DISCONTINUE,OTC
A10281,DISPOSABLE GLOVES DOMESTIC 100'S,OTC
A10284,DISCONTINUE,OTC
A10285,DOVE BODY WASH SENSITIVE SKIN 1L,PERSONAL CARE
A10286,DOVE COND DETOX NOURISHMENT 320ML,OTC
A10290,DR FORSTER TS7 CLEANSER BAR 75G,OTC
A10296,DISCONTINUE,OTC
A10298,DULCOLAX SUPP 10MG 5'S,OTC
A10490,DISCOUNTINUE,OTC
A10496,LINKUS STRAWBERRY LOZENGE 8'S,FOOD & BEVERAGES
A10493,LIFETREE LITE FIRST AID KIT,REHAB & SUPPORT
A10507,LISTERINE GREEN TEA LESS INTENSE 100ML,OTC
A10509,LISTERINE FRESH BURST 250ML,OTC
A10512,GARNIER BC SUNSCREEN NAT 30ML,OTC
A10520,DISCONTINUE,OTC
A10524,DISCONTINUE,OTC
A10525,MENTHOLATUM DEEP HEATING RUB 35.4G,OTC
A10526,MENTHOLATUM DEEP HEATING RUB 94.4G,OTC
A10527,TRIPLE FOWLER MANUAL ADJUSTABLE HOSPITAL BED WITH FULL SIDE RAIL + MATRESS,REHAB & SUPPORT
A10453,KIDDI PHARMATON 100ML,OTC
A10454,KODOMO KIDS TP GRAPE 40G,OTC
A10455,KODOMO KIDS TP STRAWBERRY 40G,OTC
A10461,KOTEX S&S MAXI NIGHT OVN NWG 32CM 14S,OTC
A10462,DISCONTINUED,OTC
A10463,DISCONTINUED,OTC
A10465,*KORDEL'S EVENING PRIMROSE OIL 1000MG 100'S,OTC
A10466,KORDEL'S ST JOHN'S WORT 300MG 30'S,OTC
A10467,DR P BASIC DIAPERS XL 8'S,PERSONAL CARE
A10469,DISCONTINUE,OTC
A10471,KUHLER SANITIZER GEL 500ML,OTC
A10472,KUHLER SANITIZER SPRAY 110ML,OTC
A10473,KUHLER SANITIZER SPRAY 250ML,OTC
A10477,KY JELLY 100G,OTC
A10478,KY JELLY 50G,OTC
A10481,DISCONTINUE,OTC
A10482,DISCONTINUE,OTC
A10483,DISCOUNTINUE,OTC
A10484,DISCOUNTINUE,OTC
A10486,LIFEBUOY BW BOTTLE MOISTURE PLUS 500ML,PERSONAL CARE
A10487,LIFEBUOY BW REFILL CHARCOAL & MINT 850ML,PERSONAL CARE
A10516,DMB-PROTECTA VIT D3+MAG+VITA B12 10S,OTC
A10517,*LIVE-WELL CLEAROGOUT 1'S,OTC
A10533,MOZZIE PATCH 10'S*2,OTC
A10534,~SURGICAL DISPOSABLE FACE MASK HL (GREEN) 5S,MEDICAL DEVICE & SUPPLY
A10538,DISCONTINUED,OTC
A10540,MUMIN TP PREMIUM 200G,OTC
A10541,NEOBUN CAPSIUM PLASTER 1'S 11cmx18cm,OTC
A10543,NEUROGAIN 90 DHA FOR CHILDREN 60'S,OTC
A10545,DISCONTINUE,OTC
A10546,SALONPAS JET SPRAY 118ML,OTC
A10547,DISCONTINUE,OTC
A10548,DISCONTINUE,OTC
A10549,DISCONTINUE,OTC
A10550,DISCONTINUE,OTC
A10551,DISCONTINUE,OTC
A10552,DISCONTINUE,OTC
A10553,DISCONTINUE,OTC
A10554,*NEXCARE CLEAR PLASTIC 10'S,OTC
A10555,NEXCARE EYE PATCH REGULAR 14'S,OTC
A10556,*NEXCARE FABRIC 10'S,OTC
A10557,*NEXCARE TAN PLASTIC 10'S,OTC
A10558,DISCONTINUE,OTC
A10559,DISCONTINUE,PERSONAL CARE
A10562,DISCONTINUE,OTC
A10564,DISCONTINUE,OTC
A10569,DISCONTINUE,OTC
A10575,*NOVOFINE 31G 6MM 10'S,MEDICAL DEVICE & SUPPLY
A10576,*NOVOFINE 32G 6MM 10'S,MEDICAL DEVICE & SUPPLY
A10578,RIBENA PASTIL 40G,FOOD & BEVERAGES
A10582,OPPO (1081) WRIST WRAP,OTC
A10583,OPPO (1089) WRIST/THUMB SUPPORT (L),OTC
A10584,OPPO (1089) WRIST/THUMB SUPPORT (S),OTC
A10586,OPPO (2001) ANKLE SUPPORT (M),OTC
A10587,OPPO (2001) ANKLE SUPPORT (S),OTC
A10588,OPPO (2022) KNEE SUPPORT (L),REHAB & SUPPORT
A10589,OPPO (2022) KNEE SUPPORT (M),REHAB & SUPPORT
A10593,OPPO (2085) ELBOW SUPPORT (M),OTC
A10594,*SMITH&NEPHEW OPSITE POS-OP DRESSING 9.5CM*8.5CM 1'S,WOUND & SURGICAL
A10595,DISCONTINUE,WOUND & SURGICAL
A10596,OPTREX REFRESHING EYE DROPS TIRED 10ML,OTC
A10597,OPTREX REHYDRATING EYE DROPS DRY 10ML,OTC
A10580,OBIMIN PLUZ 30'S,OTC
A10599,DISCONTINUE,OTC
A10341,DISCONTINUE,OTC
A10342,DISCONTINUE,OTC
A10343,DISCONTINUE,OTC
A10344,DISCONTINUE,OTC
A10345,DISCONTINUE,OTC
A10346,DISCONTINUE,OTC
A10349,NICOME ALKALINE BATTERY AA 4'S,MEDICAL DEVICE & SUPPLY
A10352,FINE FOODS NATURAL EPSOM SALT 425GM,OTC
A10353,FIRST AID BOX M2 METAL+EQUIPMENT,OTC
A10355,DISCONTINUED,OTC
A10356,DISCONTINUE,OTC
A10378,HANSAPLAST CARTOON PRINCESS 20'S,OTC
A10368,GAVISCON 200ML,OTC
A10369,DISCONTINUED,OTC
A10371,GAVISCON DOUBLE ACTION 150ML,OTC
A10372,GOLD LIFE SPIRULINA 60'S,OTC
A10359,FOTE ALOE VERA GEL 56G,PERSONAL CARE
A10360,FOTE ALOE VERA GEL ROSE PETAL 56G,OTC
A10361,FOTE ALOE VERA GEL ROSE PETAL 170G,OTC
A10363,FRESH & WHITE TP EXTRA COOL MINT 70G,OTC
A10336,DISCOUNTINUE,OTC
A10331,ABBOTT ENSURE GOLD VANILLA 400G,SUPPLEMENT
A10312,DISCONTINUED,OTC
A10326,ELLGY PLUS D FACTOR CREAM 50G,PERSONAL CARE
A10327,EMTRIX FUNGAL NAIL TREATMENT 10ML,OTC
A10303,"DURASAFE HOT & COLD GEL PACK 5""*10""",OTC
A10316,DISCONTINUE,OTC
A10317,DISCONTINUE,OTC
A10318,DISCONTINUE,OTC
A10319,DISCONTINUE,OTC
A10320,EGO QV HAND CREAM 50G,OTC
A10321,DISCONTINUE,OTC
A10322,DISCONTINUE,OTC
A10323,EGO QV SKIN LOTION 250ML,OTC
A10324,DISCONTINUE,OTC
A10382,HANSAPLAST EXTRA TOUGH 16'S,OTC
A10388,JARDIN CETRIDIN 2 LOTION 125ML,WOUND & SURGICAL
A10390,SLEEP TITE BED BUG&amp;DUST MITE SPRAY NATURAL 300ML,OTC
A10392,~SURGICAL DISPOSABLE FACE MASK HL (GREEN) 1S,MEDICAL DEVICE & SUPPLY
A10397,DISCONTINUE,OTC
A10398,DISCONTINUE,OTC
A10399,DISCONTINUE,OTC
A10400,DISCONTINUE,OTC
A10394,HIMALAYA PILEX OINTMENT 30G,OTC
A10395,APPETON WELLNESS 60+ 900G,SUPPLEMENT
A10403,DISCONTINUE,PERSONAL CARE
A10404,HOE CALA-MY LOTION 150ML,OTC
A10407,HURIX'S ALOE VERA HAEMOCARE CREAM PLUS 13G,OTC
A10412,DISCONTINUE,OTC
A10417,DISCONTINUE,OTC
A10415,HURIXS SIRAP UBAT BATUK GAMAT & MADU PLUS 180ML,OTC
A10421,HYDROCYN 100ML,WOUND & SURGICAL
A10424,DISCONTINUE,OTC
A10430,DISCONTINUE,OTC
A10431,INTIMATE SLIM WING NORMAL FLOW DAY 230MM 16'S*2,PERSONAL CARE
A10434,DISCONTINUE,OTC
A10427,INCOMEX UNDERPAD 10'S,OTC
A10428,DISCONTINUED,OTC
A10442,DISCONTINUE,OTC
A10444,DISCONTINUE,OTC
A10448,JOHNSON'S BABY TOILETRIES SET 4IN1,OTC
A10451,KANGAROO EUCALYPTUS OIL 56ML,OTC
A11052,DISCONTINUE,OTC
A11054,AEROCHAMBER KID (YELLOW),MEDICAL DEVICE & SUPPLY
A11055,NASAL STRIP KIDS 10S ,OTC
A11056,DISCONTINUE,OTC
A11057,DISCONTINUE,OTC
A11058,DISCONTINUE,OTC
A11065,DISCONTINUE,OTC
A11066,CAP LANG MINYAK ANGIN 12ML,OTC
A11067,CAP LANG MINYAK ANGIN 3ML,OTC
A11086,DARLIE KIDS TRAVEL KIT,OTC
A11087,DISCONTINUE,OTC
A11070,CARINA SOFT WHITE HANDKERCHIEF 3PLY 8'S,OTC
A11071,DISCONTINUE,OTC
A11072,POTCIT MIXTURE 120ML (POTASSIUM CITRATE),OTC
A11073,DISCONTINUE,OTC
A11074,DISCONTINUE,OTC
A11075,DISCONTINUE,OTC
A11076,DISCONTINUE,OTC
A11077,DISCONTINUE,OTC
A11078,DISCONTINUE,OTC
A11079,DISCONTINUE,OTC
A11080,CITREX VIT C 1000MG SUGAR FREE 50'S,OTC
A11081,DISCONTINUE,OTC
A11082,COLGATE KIDS TB ULTRA SOFT 6+ BARBIE,PERSONAL CARE
A11083,COLGATE KIDS TB ULTRA SOFT 6+ BATMAN,PERSONAL CARE
A11011,SET HAIR BRUSH 8601,OTC
A11012,ELLS LICE COMB 100/2 8602,OTC
A11013,LICE COMB SET 8652 3'S,OTC
A11016,DISCOUNTINUE,OTC
A11017,DISCONTINUE,OTC
A11019,FINGER COT 20S,OTC
A11020,DISCONTINUE,OTC
A11028,ATH YIN HAO 300ML,OTC
A11029,DISCONTINUE,OTC
A11030,AVEENO SKIN RELIEF MOISTURISING LOTION 354ML,OTC
A11031,AXCEL EVILINE FORTE 120ML,OTC
A11032,ATH AYATAKA 300ML,OTC
A11033,DISCONTINUE,OTC
A11034,DISCONTINUE,OTC
A11024,ESCO ARMSLING (S),OTC
A11025,DISCONTINUED,OTC
A11026,DISCONTINUE,OTC
A11036,BEAUTY TOOL SET 5IN1 720/12,OTC
A11037,BED FRESH 500ML,OTC
A11038,BED FRESH 80ML,OTC
A11039,BIO-D DENGUARD PLUS LOTION 100ML,OTC
A11040,DISCONTINUED,OTC
A11042,DISCONTINUE,OTC
A11043,DISCONTINUE,OTC
A11044,DISCONTINUE,OTC
A11045,DISCONTINUE,OTC
A11046,DISCONTINUE,OTC
A11022,AP TREWOUND ANTISEPTIC SPRAY 30ML,WOUND & SURGICAL
A11048,DISCONTINUE,OTC
A11049,DISCONTINUE,OTC
A11050,DISCONTINUED,OTC
A10935,DISCONTINUE,OTC
A10940,XEPA EUDERM CREAM 45GM,OTC
A10941,XEPA THYMOL MOUTHWASH 120ML,PERSONAL CARE
A10946,ZAMBUK OINTMENT 18G,OTC
A10955,GILLETTE MACH 3 SHAVE GEL EXTRA COMFORT 70G,OTC
A10956,DISCONTINUE,OTC
A10957,DISCONTINUED,OTC
A10958,DASHING WHITENING SCRUB SEA SALT 100G,OTC
A10959,DISCONTINUE,OTC
A10960,DISCONTINUED,OTC
A10961,DISCONTINUE,OTC
A10950,SENSITIVE SKIN CREAM 100ML,OTC
A10969,GARNIER CN HAIR COLOUR DARK BROWN SH3,OTC
A10970,DISCOUNTINUE,OTC
A10971,DISCONTINUE,OTC
A10973,DISCONTINUE,OTC
A10974,DISCONTINUE,OTC
A10975,DISCONTINUE,OTC
A10976,DISCONTINUE,OTC
A10977,DISCONTINUE,OTC
A10978,DISCONTINUE,OTC
A10980,LOREAL HYDRA ENERGETIC DETOX FOAM G+VIT CG 100ML,OTC
A10981,LOREAL HYDRA POWER FOAMING GEL 100ML,OTC
A10982,LOREAL WHITE ACTIVE ANTI-ACNE VOLCANO FOAM 100ML,OTC
A10985,DISCONTINUE,OTC
A10986,GILLETTE BLUE 2 / II PLUS RAZOR 5'S+1'S,PERSONAL CARE
A10987,GILLETTE BLUE 2 PLUS RAZOR 1'S,PERSONAL CARE
A10952,DISCONTINUE,OTC
A10953,~ FUTURE FOOD THYME EO 10ML,CONSIGNMENT DR HANISAH
A10999,WEEKLY MEDICINE BOX SMALL,OTC
A11000,~WEEKLY MEDICINE BOX LARGE,CONSIGNMENT DR HANISAH
A11001,COMB 3IN1 206B 144/24,OTC
A11002,LINES HAIR BAND 2 IN 1,OTC
A11003,BOTTLE 3IN1 50ML,OTC
A11004,TRAVEL PACK 3IN1 144/12 50ML,OTC
A11005,METAL NAIL CUTTERS 2IN1,OTC
A10992,DISCONTINUE,OTC
A10993,SCHICK EXACTA 2 SENSITIVE 3 RAZOR 2'S + 1'S,OTC
A10994,SCHICK EXACTA 2 SENSITIVE(W) DISPOSABLE RAZOR 5,OTC
A10995,SCHICK SHAVE GUARD SENSITIVE LIME FOAM 220ML,OTC
A10996,SCHICK XTREME 3 SENSITIVE DISPOSABLE RAZOR 1'S,OTC
A10997,DUOFILM LIQUID 15ML,OTC
A11159,~DOTERRA PEPPERMINT 15ML,CONSIGNMENT DR HANISAH
A11155,DISCONTINUE,OTC
A11181,DISCONTINUE,OTC
A11182,ELEFBEBE ADJUSTABLE SUCTION MANUAL BREAST PUMP BP-M15S,BABY & MOM
A11202,ELEFBEBE WIDE NECK NEWBORN BOTTLE 60ML (FB-N03),BABY & MOM
A11203,ELLGY PLUS CRACKED HEEL CREAM 50G,PERSONAL CARE
A11204,ENCHANTER TALC ALLURING 125G,OTC
A11205,ENCHANTER TALC CHARMING 125G,OTC
A11206,DISCONTINUE,PERSONAL CARE
A11207,ABBOTT ENSURE COFFEE 400G,SUPPLEMENT
A11210,DISCONTINUE,OTC
A11216,DISCONTINUE,MEDICAL DEVICE & SUPPLY
A11217,DISCONTINUED,OTC
A11220,FACE SHIELD SPEC,MEDICAL DEVICE & SUPPLY
A11221,FACE SHIELD ADULT (PLASTIC) BLUE AWNING,OTC
A11222,FACE SHIELD FULL FACE-ACRYLIC,MEDICAL DEVICE & SUPPLY
A11213,ESENTIEL COOL CALAMINE LOTION 200ML,OTC
A11214,LOVE EARTH MUSHROOM SEASONING 150G,OTC
A11224,FIFFY BABY NASAL SPRAY,OTC
A11234,DISCONTINUE,OTC
A11235,GENGIGEL 1G 1'S,OTC
A11236,DISCONTINUE,OTC
A11237,DISCONTINUED,SUPPLEMENT
A11238,DISCONTINUED,SUPPLEMENT
A11239,DISCONTINUED,SUPPLEMENT
A11240,NAIL CLIPPER HA022 6.6CM 576/2,OTC
A11241,DISCONTINUE,OTC
A11242,"HAIR CLIP 10""1 480/24",OTC
A11243,"HAIR CLIP 10""1 7CM 600/24",OTC
A11227,FITBAR CHOCOLATE 24G,OTC
A11228,DISCONTINUE,OTC
A11230,FLEXISEQ GEL 50G,OTC
A11245,"HAIR ELASTIC 10""1 480/24",OTC
A11172,DISCONTINUE,OTC
A11173,DISCONTINUE,OTC
A11174,DISCONTINUE,OTC
A11175,DYNA KAOLIN PECTIN SUSPENSION CHERRY 120ML,OTC
A11176,ECOTEST PREMIER HCG KIT 1'S,OTC
A11177,~EGMONT MANUKA HONEY 250G,CONSIGNMENT DR HANISAH
A11178,DISCONTINUE,OTC
A11179,DISCONTINUE,OTC
A11151,~DOTERRA LAVENDER 15ML,CONSIGNMENT DR HANISAH
A11152,~DOTERRA LEMON 15ML,CONSIGNMENT DR HANISAH
A11143,DISCONTINUE,OTC
A11144,DISCONTINUE,OTC
A11149,~DOTERRA INTODUCTORY KIT,CONSIGNMENT DR HANISAH
A11141,~DOTERRA DEEP BLUE RUB 4OZ LOTION,CONSIGNMENT DR HANISAH
A11136,DISCONTINUE,OTC
A11089,COLGATE TB BAMBOO CHARCOAL SOFT 2'S,PERSONAL CARE
A11090,COLGATE TP FRESH COOL MINT 50G,PERSONAL CARE
A11092,COLGATE TP KAYU SUGI 75G,PERSONAL CARE
A11096,COUNTERPAIN PATCH 4'S,OTC
A11097,COUNTERPAIN PATCH HOT 4'S,OTC
A11098,DRYPERS DRYPANTS SIZE XXXL 20'S,BABY & MOM
A11100,DISCONTINUE,OTC
A11101,DARLIE TP 50G,OTC
A11102,DISCONTINUED,OTC
A11103,DISCONTINUE,OTC
A11104,DISCONTINUE,OTC
A11105,DISCONTINUE,OTC
A11107,MENTHOLATUM DEEP HEATING RUB EXTRA STRENGTH 35.4G,OTC
A11108,DISCONTINUE,OTC
A11109,BIO-D DENGUARD PLUS MOSQ REPELLENT SPRAY LAV 100ML,OTC
A11110,DISCONTINUE,OTC
A11111,DERMACYN SPRAY 100ML,WOUND & SURGICAL
A11113,DISCONTINUE,OTC
A11114,DISCONTINUE,OTC
A11115,DISCONTINUE,OTC
A11116,DISCONTINUE,OTC
A11117,DISCONTINUE,OTC
A11118,*DETTOL BW ORIGINAL 950ML,PERSONAL CARE
A11119,DISCONTINUE,OTC
A11124,DISCONTINUE,OTC
A11125,*DETTOL HANDWASH ORIGINAL 250ML,REHAB & SUPPORT
A11126,DETTOL MOM HW DAMASK ROSE 250ML,OTC
A11127,DISCONTINUE,OTC
A11094,COLGATE TB EXTRA CLEAN MEDIUM 1'S,PERSONAL CARE
A11131,DISCONTINUE,OTC
A11132,DISCONTINUE,OTC
A10756,ZP KID SERIES 1 1'S,OTC
A10757,ZP KID SERIES 2 1'S,OTC
A10758,DISCONTINUE,OTC
A10759,DISCONTINUE,OTC
A10760,DISCONTINUE,OTC
A10762,DISCONTINUE,OTC
A10763,ZP KIDS SERIES 3 1'S,OTC
A10768,DISCONTINUE,OTC
A10769,DISCONTINUE,OTC
A10770,DISCONTINUE,OTC
A10771,DISCONTINUE,OTC
A10773,DISCONTINUE,OTC
A10774,DISCONTINUE,OTC
A10775,SEBAMED OLIVE FACE & BODY WASH 200ML,PERSONAL CARE
A10776,SELSUN BLUE PRO 2 IN 1 (PURPLE) 200ML,OTC
A10750,DISCONTINUE,OTC
A10751,SENSODYNE FRESHMINT 100G,OTC
A10752,SENSODYNE TB DAILY PROTECTION 3'S,OTC
A10721,ROSSMAX MEDICAL THERMOMETER TG100,MEDICAL DEVICE & SUPPLY
A10743,SCHOLL FRESH STEP ANTI-PERSPIRENT SHOE SPRAY 150ML,OTC
A10744,SCOTT'S DHA CHEW GUMMY (BC) 60'S,OTC
A10745,SCOTT'S DHA CHEW GUMMY (ORANGE) 60'S,OTC
A10687,RANBAXY GARLIC PEARL 100'S,OTC
A10685,DISCONTINUE,OTC
A10689,DISCONTINUE,OTC
A10690,DISCONTINUE,OTC
A10691,DISCONTINUE,OTC
A10696,DISCONTINUE,OTC
A10697,DISCONTINUE,OTC
A10698,DISCONTINUE,OTC
A10699,DISCONTINUE,OTC
A10700,DISCONTINUE,OTC
A10701,DISCONTINUE,OTC
A10702,DISCONTINUE,OTC
A10703,REXOM MIST MAGNESIUM TRISILICATE 120ML,OTC
A10707,REXONA(W) ROLL ON POWDER DRY 50ML,OTC
A10708,REXONA(W) ROLL ON PASSION 50ML,OTC
A10693,EVIN ALUMINIUM PUSHCHAIR WHEELCHAIR,REHAB & SUPPORT
A10694,DISCONTINUE,OTC
A10715,ROSKEN CREAM AD PROBIOTIC 400ML,OTC
A10719,ROSKEN FEET HEEL BALM 50G,PERSONAL CARE
A10723,RS CHARCOAL INTERDENTAL FLOSS 50'S*3,OTC
A10724,RS SHALLOP SAFETY TOOTHPICK 600'S,OTC
A10725,RS UN WAXWD DENTAL FLOSS 50M*3,OTC
A10726,SACID SOAP 100G,OTC
A10728,DISCONTINUE,PERSONAL CARE
A10729,SAFI SHAYLA COND SOFT&SMOOTH 160G,OTC
A10730,DISCONTINUE,OTC
A10731,DISCONTINUE,OTC
A10732,DISCONTINUE,OTC
A10733,DISCONTINUE,OTC
A10734,DISCONTINUE,OTC
A10735,SAFI SHAYLA SH OIL SCALP CONTROL 320G,OTC
A10736,SAFI TP OREN HERBA 175G,OTC
A10737,SAFI TP KAYU SUGI 75G,OTC
A10604,ORAL B ESS MINT WAXED FLOSS 50M,PERSONAL CARE
A10605,ORAL B MW 7 BENEFIT 250ML,OTC
A10609,ORAL B TB COMPLETE EASY CLEAN HERBAL 1'S,OTC
A10610,ORAL B GLIDE DEEP CLEAN COOL MINT FLOSS 40M,OTC
A10611,ORAL B INTERDENTAL BRUSHES 20'S,OTC
A10612,ORAL B INTERDENTAL KIT 1'S,OTC
A10614,ORAL B SATIN FLOSS MINT 50M/55YD,OTC
A10615,ORAL B SUPER FLOSS MINT 50'S,OTC
A10622,DISCONTINUE,OTC
A10623,DIY COOKIES DECORATION,OTC
A10624,~CERAVE MOITURISING CREAM 177ML,PERSONAL CARE
A10625,DISCONTINUE,OTC
A10626,DISCONTINUE,OTC
A10628,FRANCH SCALP TONIC 100ML ,OTC
A10634,PALMER'S MASSAGE CR STRETCH MARK 125G,BABY & MOM
A10635,PALMER'S LIP BALM SPF 15 4G,OTC
A10639,DISCONTINUE,OTC
A10640,DISCONTINUE,OTC
A10641,DISCONTINUE,OTC
A10661,DISCONTINUED,OTC
A10668,POLIDENT DENTURE CREAM FLAVOUR FREE 60G,OTC
A10670,POLYLAB HYDROGEN PEROXIDE 100ML,WOUND & SURGICAL
A10671,POLYLAB LMS 100ML,OTC
A10672,POLYLAB SURGICAL SPIRIT 100ML,WOUND & SURGICAL
A10677,PROVITON PLUS CoQ10 90'S,OTC
A10678,PROVITON PLUS CoQ10 15'S,OTC
A10765,SEBAMED CLEANSING BAR 100G,PERSONAL CARE
A10766,DISCONTINUE,OTC
A10778,SELSUN BLUE PRO EX MOIST (GREEN) 200ML,OTC
A10780,SELSUN BLUE PRO-X EX STRENGTH (RED) 200ML,OTC
A10787,SENSODYNE TB COMPLETE PROTECTION 1'S,OTC
A10790,SHINE MVT LYSINE KIDS 60'S,OTC
A10791,SHOOT CONDOM 3 IN 1 3'S,OTC
A10792,SHOOT CONDOM MIX 3'S,OTC
A10793,SHOOT CONDOM RIBBED 3'S,OTC
A10797,SIMPLE REFRESHING FACIAL WASH GEL 150ML,OTC
A10798,SIMPLE SOOTHING FACIAL TONER 200ML,OTC
A10799,SIMPLE WATER BOOST MICELLAR CLEANSING WATER 400ML,OTC
A10802,SLEEP TITE BED BUG&DUST MITE SPRAY LAVENDAR 300ML,OTC
A10803,SM CALAMINE LOTION 120ML,OTC
A10812,DISCONTINUE,OTC
A10814,SOFY PURE STYLE LIN 14CM FRESH 40'S,OTC
A10817,SPOON HEALTH ORG CHIA SEEDS 150G,OTC
A10818,DISCONTINUE,OTC
A10819,DISCONTINUE,OTC
A10820,DISCONTINUE,OTC
A10821,DISCONTINUE,OTC
A10822,DISCONTINUE,OTC
A10823,DISCONTINUE,OTC
A10826,SNAKE BRAND COOLING POWDER CLASSIC 50G,OTC
A10827,FORLAX KIDS 4G TWIN PACK 2'S,OTC
A10830,STERIPEP ANTISEPTIC SOLUTION 60ML,OTC
A10838,SUNPLAY SPORT SUNSCREEN LOTION SPF120 30G,OTC
A10839,SUNPLAY ULTRASHIELD SPF 130 PA+ 35G,OTC
A10840,DISCOUNTINUE,OTC
A10841,DISCONTINUE,OTC
A10843,*SURBEX ZINC B-PLUS 60'S,OTC
A10847,TOP-UKO UNIVERSAL SURGICAL TAPE 1.25CM*5M,REHAB & SUPPORT
A10848,DISCONTINUE,OTC
A10850,SWISSE VIT C EFF 20'S,OTC
A10854,DISCONTINUE,PERSONAL CARE
A10855,DISCONTINUE,PERSONAL CARE
A10858,TENA ABSORBENT UNDERPAD LARGE 8'S,REHAB & SUPPORT
A10862,DR. P VALUE DIAPER M 10'S,REHAB & SUPPORT
A10875,DISCONTINUED,OTC
A10880,ULTRAFRESH BREATH SPRAY COOLMINT 12ML,OTC
A10881,ULTRAFRESH BREATH SPRAY MINT GREEN 12ML,OTC
A10882,UNIGLOVES DRESSING ROLL 5*10CM (1M),OTC
A10883,YUWELL SERVICE CHARGES,OTC
A10884,DISCOUNTINUE,OTC
A10886,UPHAMOL 250MG SUSPENSION ORANGE 100ML,OTC
A10873,TOLNADERM CREAM 15G (TOLNAFTATE),OTC
A10890,UROPLAST EYE PAD ADHESIVE 1'S,OTC
A10892,VASELINE JELLY ALOE 100G,OTC
A10893,VASELINE PETROLEUM JELLY BABY 100G,OTC
A10894,DISCONTINUE,OTC
A10895,DISCONTINUE,OTC
A10899,VASELINE PETROLEUM JELLY BABY 50ML,OTC
A10900,VEET CREAM SUPREME ESSENCE 90ML,OTC
A10901,VEET HAIR REMOVAL HIBISCUS NOR 25G,OTC
A10902,DISCONTINUE,OTC
A10903,DISCONTINUE,OTC
A10904,DISCONTINUE,OTC
A10905,DISCONTINUE,OTC
A10911,VISMED GEL 0.45ML 20'S,OTC
A10915,DISCONTINUED,OTC
A10916,DISCONTINUED,OTC
A10917,DISCONTINUED,OTC
A10918,DISCONTINUED,OTC
A10919,DISCONTINUED,OTC
A10920,*VITAHEALTH GINKGO 2000MG 130'S,OTC
A10922,VITAHEALTH KIDS MULTIVITE JELLYBEAN 90'S,OTC
A10923,VITAHEALTH MVT & MINERAL 30'S,OTC
A10925,DISCONTINUE,OTC
A10926,VITAHEALTH SELENIUM PLUS 100'S,OTC
A10928,DISCONTINUE,OTC
A10929,DISCONTINUE,OTC
A10931,WHISPER HVY PAD OVERNIGHT WING 40CM 6'S,OTC
A12683,DISCONTINUE,OTC
A12699,FREEGO DISPOSABLE PANTIES (XL),PERSONAL CARE
A12711,UPHAMOL MENSTRUAL 500/25MG 10'S,OTC
A12723,TENDER SOFT FACIAL COTTON 160'S,OTC
A12724,DISCONTINUE,OTC
A12725,DISCONTINUE,OTC
A12726,DISCONTINUE,OTC
A12727,~ITCH RELIEF GEL 30ML,CONSIGNMENT DR HANISAH
B10395,*BEZARTAN 150MG STRIP 10'S,POISON
B10396,*BEZARTAN 300MG STRIP 10'S,POISON
A12728,OMEGA-3 BURST LEMON 30'S,OTC
A12729,OMEGA 3 BURST MINT 30'S,OTC
A12730,OMEGA 3 BURST TROPICAL 30'S,OTC
A12731,OMEGA 3 BURST ORANGE 30'S,OTC
A12732,~TEA BAG SACHET,CONSIGNMENT DR HANISAH
A12733,DISCOUNTINUE,MEDICAL DEVICE & SUPPLY
A12734,DISCONTINUE,MEDICAL DEVICE & SUPPLY
B10398,ZOBREX 200MG STRIP 10'S,POISON
A12735,DISCONTINUE,OTC
A12736,MENTHOLATUM DEEP COLD ICE GEL 100G,OTC
A12738,MOBILIS HIGHT ADJUSTABLE TRANSFER CHAIR MC 890-C,OTC
A12741,PROGUTT 10 BILLION CFU 60'S,OTC
A12739,ORADEX DUAL ACTION 400ML (RED),OTC
A12740,DISCONTINUE,OTC
B10399,RHINITIN SYRUP 120ML,POISON
B10400,DISCONTINUE,POISON
B10401,METASONE CREAM 15GM,POISON
A12749,DISCONTINUED,OTC
A12750,BOATBIO INFLUENZA KIT 3IN1 1S,OTC
A12751,NEWGENE 2 IN 1 COVID TEST KIT 1'S,OTC
A12752,DISCONTINUE,OTC
A12770,DISCONTINUE,OTC
A12771,DISCONTINUE,OTC
A12772,DISCONTINUE,OTC
B10404,GALDERMA EPIDUO GEL 15G,POISON
A12767,(IN HOUSE) HANDSFREE STAND THERMOMETER K3X,MEDICAL DEVICE & SUPPLY
A12768,NANO FOGGING SPRAY MACHINE,OTC
A12774,SEMILIGHTWEIGHT RECLINING COMMODE WHEELCHAIR (DAF) DETACHABLE ARMREST FOOTREST 18INCH + PADDED SEAT,MEDICAL DEVICE & SUPPLY
A12776,AKUTOL PLASTER REMOVAL SPRAY 35ML,WOUND & SURGICAL
A12777,YUKAZAN DISINFECTANT (EUCALYPTUS) SPRAY 200ML,MEDICAL DEVICE & SUPPLY
A12753,DISCONTINUE,OTC
A12754,DISCONTINUE,OTC
A12755,DISCONTINUE,MEDICAL DEVICE & SUPPLY
A12756,DISCONTINUE,MEDICAL DEVICE & SUPPLY
A12757,SALIXIUM 2 IN 1 COVID TEST KIT,OTC
A12758,BIODETECT 2IN1 TEST KIT,OTC
S00006,OTHERS (COMMISSION),CONSIGNMENT
A12760,*MEDISHIELD HL KF99 DENIM BLUE 10'S,MEDICAL DEVICE & SUPPLY
A12761,*MEDISHIELD HL KF99 DENIM RED 10'S,MEDICAL DEVICE & SUPPLY
A12762,*MEDISHIELD HL KF99 DENIM GREEN 10'S,MEDICAL DEVICE & SUPPLY
A12763,*MEDISHIELD HL KF99 GLOSSY BLACK 10'S,OTC
A12764,*MEDISHIELD EARLOOP KF94 BLACK 10'S,OTC
A12765,*MEDISHIELD HL KF99 WHITE 10'S,MEDICAL DEVICE & SUPPLY
B10402,XEPA VELLO-5 SOLUTION,POISON
A12658,BIOAIDS MEDICOM NON-WOVEN SWAB 7.5CM*7.5CM 100'S,WOUND & SURGICAL
A12659,DISCONTINUE,OTC
A12660,SYSTANE BALANCE 10ML,OTC
A12648,DISCONTINUED,OTC
A12649,~MY SHIELD PERSONAL 100ML,OTC
A12650,~MY SHIELD PERSONAL 1 LITRE,OTC
A12652,DISCONTINUE,OTC
A12651,DISCONTINUE,OTC
A12653,~12 IN 1 MANICURE SET STAINLESS STEEL,CONSIGNMENT
B10393,*BISOHEXAL 2.5MG STRIP 25'S,POISON
A12654,OMNICAN  INSULIN SYRINGE 1ML 8MM (B BRAUN),OTC
A12655,TISSUE ROLL,OTC
A12656,FIRST AID CAMPING BAG,OTC
A12616,~FUTURE FOOD NERVE SUPPORT ESSENTIAL OIL 10ML,CONSIGNMENT DR HANISAH
A12633,MEDICOS KIDS 3PLY EAR LOOP 10'S,MEDICAL DEVICE & SUPPLY
A12635,DETTOL BW FRESH 250ML,OTC
A12636,DISCONTINUE,OTC
A12637,DISCONTINUE,OTC
B10388,DIFFERIN 0.1% GEL 30G,POISON
A12638,DISCONTINUE,OTC
A12643,DISCONTINUE,OTC
A12536,BANANA BOAT ULTRA PROTECT SPFT 50+ LOTION 90ML,PERSONAL CARE
A12639,PROMEDITECH ALUMINIUM SILVER QUAD CANE,REHAB & SUPPORT
A12642,OILUM MOIST BAR WITH COLLAGEN 85G,PERSONAL CARE
A12644,DISCONTINUE,OTC
A12645,DISCONTINUED,OTC
A12646,DISCONTINUED,OTC
A12647,DISCONTINUE,OTC
A12664,HURIX'S GAMAT PLUS OINTMENT 20G,OTC
A12665,DISCONTINUE,OTC
A12666,DISCONTINUE,MEDICAL DEVICE & SUPPLY
A12667,DISCONTINUE,MEDICAL DEVICE & SUPPLY
A12668,DISCONTINUE,OTC
A12669,DISCONTINUE,MEDICAL DEVICE & SUPPLY
A12670,DISCONTINUE,OTC
A12671,DISCONTINUE,OTC
A12672,DISCONTINUE,OTC
A12673,DISCONTINUE,OTC
B10391,AVAMYS NASAL SPRAY 120D,POISON
A12685,VANTELIN KNEE SUPPORT (L),REHAB & SUPPORT
A12686,DIP 'N' TELL PREGNANCY TEST KIT 1'S,OTC
A12687,DIP 'N' TELL MIDSTREAM PREG TEST KIT,OTC
A12688,MOZZIE PATCH UNICORNS 10'S,OTC
A12689,*OILATUM SOAP BAR 100G,PERSONAL CARE
A12693,CAMSTERILE SHOES COVER NON-WOVEN 2'S,OTC
A12694,CAMSTERILE SHOES COVER CPE 2'S,OTC
A12691,CAMSTERILE NITRILE GLOVE (S),REHAB & SUPPORT
A12692,DISCONTINUE,OTC
A12695,DISCONTINUE,OTC
A12701,DISCONTINUE,OTC
A12702,DISCONTINUE,OTC
A12703,DISCONTINUE,OTC
A12704,DISCONTINUE,OTC
A12705,DISCONTINUE,OTC
A12706,DISCONTINUE,OTC
A12707,DISCONTINUE,OTC
A12708,DISCONTINUE,MEDICAL DEVICE & SUPPLY
A12709,DISCONTINUE,MEDICAL DEVICE & SUPPLY
A12596,AVERA GEL 10G,OTC
A12597,SUNWARD PAMOL (PCM) 500MG 10'S,OTC
B10381,*CELEBREX 400MG PCS 1'S,POISON
B10382,*MUSAFEN 10MG STRIP 10'S,POISON
B10386,*MINOXIDIL 5MG STRIP 10'S,POISON
B10387,YSP BISLAN 8MG STRIP 10'S,POISON
A12598,DISCONTINUED,OTC
A12599,DETTOL BW ORIGINAL 250ML,PERSONAL CARE
A12600,DISCONTINUE,OTC
A12602,COLGATE TB SLIM SOFT CHARCOAL 1'S,PERSONAL CARE
A12603,DISCONTINUE,BABY & MOM
A12604,DISCONTINUE,BABY & MOM
A12605,DISCONTINUE,BABY & MOM
A12606,DISCONTINUE,BABY & MOM
A12615,~FUTURE FOOD CITRONELLA ESSENTIAL OIL 10ML,CONSIGNMENT DR HANISAH
A12617,~FUTURE FOOD CEDARWOOD ESSENTIAL OIL 10ML,CONSIGNMENT DR HANISAH
A12618,~FUTURE FOOD TURMERIC ESSENTIAL OIL 10ML,CONSIGNMENT DR HANISAH
A12619,~FUTURE FOOD KAFFIR LIME ESSENTIAL OIL 10ML,CONSIGNMENT DR HANISAH
A12620,~FUTURE FOOD ORANGE ESSENTIAL OIL 10ML,CONSIGNMENT DR HANISAH
A12621,~FUTURE FOOD LEMON ESSENTIAL OIL 10ML,CONSIGNMENT DR HANISAH
A12622,~FUTURE FOOD LIME ESSENTIAL OIL 10ML,CONSIGNMENT DR HANISAH
A12623,~FUTURE FOOD MANDARIN ESSENTIAL OIL 10ML,CONSIGNMENT DR HANISAH
A12624,~FUTURE FOOD BERGAMOT ESSENTIAL OIL 10ML,CONSIGNMENT DR HANISAH
A12625,~FUTURE FOOD GRAPEFRUIT ESSENTIAL OIL 10ML,CONSIGNMENT DR HANISAH
B10384,*APO ROSUVASTATIN 20MG STRIP 10'S,POISON
A12612,ORAL B VISION TB 1'S,OTC
A12613,~FUTURE FOOD PINE ESSENTIAL OIL 10ML,CONSIGNMENT DR HANISAH
A12627,~FUTURE FOOD VIRGIN ROSEHIP 50ML,CONSIGNMENT DR HANISAH
A12628,~FUTURE FOOD ORGANIC ALOE VERA GEL 250G,CONSIGNMENT DR HANISAH
A12629,DISCONTINUE,OTC
A12630,~HYDROSOL ROSE 100ML,CONSIGNMENT DR HANISAH
A12631,DISCONTINUE,OTC
A12564,DISCONTINUE,OTC
A12565,DISCONTINUE,MEDICAL DEVICE & SUPPLY
A12566,DISCONTINUE,OTC
A12567,DISCONTINUE,OTC
A12568,DISCONTINUE,MEDICAL DEVICE & SUPPLY
A12569,*AQ KIDS MASK 10'S,MEDICAL DEVICE & SUPPLY
A12570,*ZERO DEGREE 4PLY ARMY GREEN 10'S,MEDICAL DEVICE & SUPPLY
A12571,*ZERO DEGREE 4PLY DENIM BLUE 10'S,MEDICAL DEVICE & SUPPLY
A12572,*ZERO DEGREE 4PLY GLOSSY BLACK 10'S,MEDICAL DEVICE & SUPPLY
A12573,DISCONTINUE,MEDICAL DEVICE & SUPPLY
A12574,*RESPACK KF94 IVY BLOOM 1'S,MEDICAL DEVICE & SUPPLY
A12575,~FACE MOISTURIZER 15G,CONSIGNMENT DR HANISAH
B10379,*XIGDUO XR 10MG/1000MG STRIP 7'S,POISON
A12576,URO NATURAL MINERAL WATER 300ML,OTC
A12592,DISCONTINUE,OTC
A12547,~BLACK BEAUTY FACE SOAP,CONSIGNMENT DR HANISAH
A12540,*NEUTROVIS 3PLY HL LAVENDER 10'S,MEDICAL DEVICE & SUPPLY
A12577,*ZERO DEGREE KF94 BLACK 1'S,MEDICAL DEVICE & SUPPLY
A12578,*ZERO DEGREE KF94 BLUE GEOMETRIC 1'S,OTC
A12579,*ZERO DEGREE KF94 DENIM BLUE 1'S,OTC
A12580,*ZERO DEGREE KF94 WHITE 1'S,OTC
A12581,*ZERO DEGREE KF94 OMBRE PINK 1'S,MEDICAL DEVICE & SUPPLY
A12583,NEMO INCENTIVE SPIROMETER,MEDICAL DEVICE & SUPPLY
A12585,DISCONTINUE,OTC
A12586,DISCONTINUE,OTC
A12587,NATURALLE GARLIC CAPSULE 220'S,OTC
A12589,DISCONTINUE,OTC
A12590,SUNPLAY SPORT UV LOTION SPF 120 PA++++ 35G,PERSONAL CARE
A12591,SUNPLAY SPORT BODY MIST 165ML,OTC
A12593,ONE TOUCH ULTRA TEST STRIP 25'S,MEDICAL DEVICE & SUPPLY
A12594,DISCONTINUE,OTC
A12550,DISCOUNTINUE,MEDICAL DEVICE & SUPPLY
A12551,DISCOUNTINUE,MEDICAL DEVICE & SUPPLY
A12552,DISCONTINUE,MEDICAL DEVICE & SUPPLY
A12553,DISCONTINUE,MEDICAL DEVICE & SUPPLY
A12554,DISCONTINUE,MEDICAL DEVICE & SUPPLY
A12549,DISCONTINUE,OTC
A12555,*NEUTROVIS KF94 DYNAMITE GREY 1'S,MEDICAL DEVICE & SUPPLY
A12556,*NEUTROVIS KF94 JET BLACK 1'S,MEDICAL DEVICE & SUPPLY
A12557,*NEUTROVIS KF94 OXFORD BLUE 1'S,MEDICAL DEVICE & SUPPLY
A12558,*NEUTROVIS KF94 POOL BLUE 1'S,MEDICAL DEVICE & SUPPLY
A12559,*NEUTROVIS KF94 SWEET MACARON 1'S,MEDICAL DEVICE & SUPPLY
A12560,*NEUTROVIS KIDS KF94 BUMBLEBEE 1'S,MEDICAL DEVICE & SUPPLY
A12561,DISCONTINUE,OTC
A12562,*ZERO DEGREE 4PLY SKY BLUE 10'S,OTC
A12518,DISCONTINUE,OTC
A12486,~GINGER & RED DATES CUBE TEA 1'S,CONSIGNMENT DR HANISAH
A12519,DISCLOSURE PREGNANCY TEST 1'S,OTC
A12521,AB-IMMUNO 15'S PROBIOTIC PLUS 15'S,OTC
A12522,DISCONTINUE,OTC
A12524,DISCONTINUE,OTC
A12525,~AROMA DIFFUSER,CONSIGNMENT DR HANISAH
A12527,CANSSU BOX 15'S,OTC
A12528,MEXBLUE HABATUSSAUDA 60'S,OTC
A12529,DISCONTINUE,OTC
A12542,~FUTURE FOOD PEPPERMINT 10ML,CONSIGNMENT DR HANISAH
A12543,~FUTURE FOOD ROSEMARY 10ML,CONSIGNMENT DR HANISAH
A12544,ULTRACARBON CHARCOAL 10'S,OTC
A12545,DISCONTINUE,OTC
A12492,DISCONTINUE,OTC
A12493,~FUTURE FOOD ROSE GERANIUM 10ML,CONSIGNMENT DR HANISAH
A12494,~FUTURE FOOD GINGER 10ML,CONSIGNMENT DR HANISAH
A12487,~WOLFBERRY & RED DATES CUBE TEA 1'S,CONSIGNMENT DR HANISAH
A12488,~GINGER CUBE TEA 1'S,CONSIGNMENT DR HANISAH
A12489,~RED DATES CUBE TEA 1'S,CONSIGNMENT DR HANISAH
A12490,~GOJI CUBE TEA 1'S,CONSIGNMENT
A12484,DISCONTINUE,OTC
B10375,BISOHEXAL 5MG STRIP 25'S,POISON
A12465,3M NEXCARE JUNIOR EYE PATCH 14'S,OTC
A12504,~FUTURE FOOD LEMONGRASS 10ML,CONSIGNMENT DR HANISAH
B10373,*SINGULAIR 4MG STRIP 7'S,POISON
B10374,DUOPHARMA DOXYCILLIN 100MG STRIP 10'S,POISON
A12497,~FUTURE FOOD CLOVE 10ML,CONSIGNMENT DR HANISAH
A12498,~FUTURE FOOD FOUR THIEVES 10ML,CONSIGNMENT DR HANISAH
A12499,~FUTURE FOOD LAVENDER 10ML,CONSIGNMENT DR HANISAH
A12500,~FUTURE FOOD TEA TREE 10ML,CONSIGNMENT DR HANISAH
A12501,~FUTURE FOOD EUCALYPTUS 10ML,CONSIGNMENT DR HANISAH
A12502,~FUTURE FOOD FRANKINCENSE OMAN 10ML,CONSIGNMENT DR HANISAH
A12506,EGE OLIVE OIL & HABBATUL BARAKAH OIL 24'S,OTC
A12509,KOOLFEVER SOFT COOL GEL PILLOW,OTC
A12510,DISCONTINUE,OTC
A12512,DISCONTINUE,OTC
A12516,INSTANT ICE PACK 100G,OTC
B10337,CORDARONE 200MG BOX 30'S,POISON
A12288,DISCONTINUED,PERSONAL CARE
A12289,DISCONTINUE,OTC
A12290,NO NO FEVER PATCH 2'S,OTC
A12291,QUORBYX CREAM 100GM,OTC
A12321,MH ORG GOJIBERRY 80G,OTC
A12322,MH ORG ENERGY SOY 400GM,OTC
A12323,MH ORG DRIED CHILLI 50GM,OTC
A12325,UD BIO COVID TEST KIT SALIVA 1'S,OTC
B10338,VOLTAREN 12H 2% EMULGEL 50G,POISON
B10340,BETALOC 100MG STRIP 20'S,POISON
PI0003,AVOMETER AVANT (SOLOMETER),CONSIGNMENT
PI0004,DISCONTINUE,CONSIGNMENT
PI0005,DISCONTINUE,CONSIGNMENT
A12333,OPTIVE FUSHION EYE DROPS 10ML,OTC
A12334,~CI VITAMIN E 10ML,CONSIGNMENT DR HANISAH
A12331,DISCONTINUE,OTC
A12332,DISCONTINUE,OTC
A12335,DISCONTINUE,OTC
A12336,FAMILY GUARD FRESH FLORAL 280ML,MEDICAL DEVICE & SUPPLY
A12337,FAMILY GUARD MOUNTAIN AIR 280ML,MEDICAL DEVICE & SUPPLY
A12338,DISCONTINUED,PERSONAL CARE
B10341,*NICORETTE 2MG STRIP 15'S,POISON
B10342,*NICORETTE 4MG STRIP 15'S,POISON
A12340,VITALIC/NEUROBINE 10'S,OTC
A12341,DISCONTINUE,OTC
A12342,PROMUNE 90 10G 1'S,OTC
A12343,DISCONTINUE,FOOD & BEVERAGES
B10343,VIAGRA 100MG BOX 4'S,POISON
B10344,*NICORETTE PATCH STEP 1 25MG/16HR PCS 1'S,POISON
B10345,DISCONTINUE,POISON
B10346,*NICORETTE PATCH STEP 2 15MG/16HR PCS 1'S,POISON
A12245,DISCONTINUE,OTC
A12246,DISCONTINUE,OTC
A12248,SKY GEL ULTRASOUND GEL 5KG,OTC
B10330,MELOXICAM 7.5MG STRIP 10'S,POISON
A12280,SCHOLL FRESH STEP SHOE SPRAY 150ML,OTC
A12281,PAN MATE DISPOSABLE PANTIES (XXL) 6'S,PERSONAL CARE
A11304,DISCONTINUE,OTC
A12263,DISCOUNTINUE,OTC
A12283,EAGLE BIO LOLLIPOP TEST KIT 1'S,OTC
B10336,VOLTAREN 50MG STRIP 10'S,POISON
A12285,ORG APPLE GUAVA JUICE SUNBLAST 200ML,FOOD & BEVERAGES
A12286,MH BROWN RICE CRACKERS 150G,OTC
A12287,DISCONTINUE,OTC
PI0001,SAMPLE KOMBUCHA,CONSIGNMENT
A12293,QUORBYX CREAM 500GM,OTC
A12294,DISCONTINUE,OTC
A12295,DISCONTINUED,OTC
A12296,OPTREX EYE WASH 300ML,OTC
A12297,MH VEGETARIAN MUSHROOM SAUCE 500G,OTC
A12298,MH ORG BLACK BEAN POWDER 300G,OTC
A12299,MH ORG 4 IN LOVE SLIM MISUA 300G,OTC
A12300,MH ORG 4 SEASON FLAT NOODLE 250G,OTC
A12301,MH ORG BUCKWHEAT NOODLES 250G,OTC
A12302,MH BEETROOT RAMEN 320G,OTC
A12303,MH BABY SPINACH RAMEN 320G,OTC
A12304,MH ALL-PURPOSE MUSHROOM SEASONING 150G,OTC
A12305,MH ORG COCONUT AMINOS 250ML,OTC
A12306,MH STEVIA SWEETENER 200G,OTC
A12307,MH KOKONUT COCONUT COOKING OIL 2L,OTC
A12308,MH FOOD GOLDEN CHRYSANTHEMUM 100G,FOOD & BEVERAGES
A12309,MH NATURAL RED DATE 200G,OTC
A12310,DISCONTINUE,OTC
A12311,MH ORG REGULAR OAT 500G,OTC
A12312,MH ORG SPELT FLOUR 500G,OTC
A12313,MH RAW ALMOND 150G,OTC
A12314,MH RAW CASHEW 150G,OTC
A12315,MH ORG GOLDEN FLAXSEED 250G,OTC
A12316,DISCONTINUE,OTC
A12317,MH MULTIGRAIN CRACKER WITH KOMBU 12'S,OTC
A12189,SUCTION TUBE SIZE 8,OTC
A12200,DISCONTINUED,OTC
A12201,NIPS MILK CHOCOLATE 85G,OTC
A12203,~RAW SHEA BUTTER 20G,CONSIGNMENT DR HANISAH
A12205,HIMALAYA FATIGUE WELLNESS ASHVADANDHA 60'S,OTC
A12206,DISCONTINUE,OTC
A12209,DYNA BALM SERAI WANGI 20G,OTC
A12212,NATURAL CLENX TEA TEABAG 50'S,OTC
A12213,DISCONTINUE,OTC
A12214,DISCONTINUE,OTC
A12215,DISCONTINUE,OTC
A12217,POLYLAB MOISTURE RICH MP SOL 360ML+100ML,OTC
A12219,VASELINE INT CARE ALOE SOOTHE BODY LOTION 250ML,OTC
A12221,NASAL STRIPS 5'S,OTC
B10327,DISCONTINUE,POISON
B10328,FUCITHALMIC EYE DROP 5G,POISON
B10329,MELAQUIN CREAM 4% WITH SUNBLOCK,POISON
A12222,LIFEFLO MAGNESIUM OIL NIGHT SPRAY 237ML,OTC
A12225,~*ZEMVELO SACHA INCHI OIL VIT E 60'S,CONSIGNMENT
A12226,DISCONTINUE,OTC
A12227,AKUARIZ GAMAT GEL 60G,OTC
A12229,DETTOL HAND SANITIZER ORIGINAL 50ML,PERSONAL CARE
A12230,SUNPLAY WATER KIDS HYPOALLERGY SPF60 35G,OTC
A12231,DR MIST BODY SPRAY 75ML,OTC
A12234,SIMPLE HYDRATING LIGHT MOISTURISER 125ML,OTC
A12235,*FYBOGEL SACHET 1'S,OTC
A12237,DISCONTINUED,OTC
A12239,VITAMODE ASHWAGANDHA 300MG 30'S,OTC
B10332,PLENDIL 10MG STRIP 15'S,POISON
A12249,BACTEPRO HAND SANITIZER GEL 5L,OTC
A12250,DISCOUNTINUE,OTC
A12251,*YUKA ZAN KF94 (PINK/YELLOW) 10'S,MEDICAL DEVICE & SUPPLY
A12252,*YUKA ZAN KF94 (LAVENDER/PEACH) 10'S,OTC
A12253,*YUKA ZAN KF94 (FAIRY GREEN/FOREST GREEN) 10'S,MEDICAL DEVICE & SUPPLY
A12254,*YUKA ZAN KF94 KIDS CARTOON 10'S,MEDICAL DEVICE & SUPPLY
A12255,DISCONTINUE,OTC
A12256,YUKA ZAN FACE SHIELD,MEDICAL DEVICE & SUPPLY
A12257,DISCONTINUE,OTC
A12258,DISCONTINUE,OTC
A12259,DISCONTINUE,OTC
A12265,RAINBOWS ORI SPROUTED COOKIES 150G,OTC
A12266,RAINBOWS SEED SPROUTED COOKIES 150G,OTC
A12267,RAINBOWS BLACK SESAME COOKIES 150G,OTC
A12268,DISCONTINUE,OTC
A12269,REXONA TEENS TROPICAL ENERGY 102ML,OTC
A12270,REXONA TEENS MUSIC FAN 102ML,OTC
A12271,*REXONA TEENS FUN SPIRIT 102ML,OTC
A12272,DISCONTINUE,OTC
A12273,DISCONTINUED,OTC
A12274,DISCONTINUE,OTC
A12275,DISCONTINUE,OTC
A12276,~MY ANTIDOTE LAVENDER SOAP,CONSIGNMENT DR HANISAH
B10333,AERIUS SYRUP 60ML,POISON
B10334,IBUPROFEN SUSPENSION 100ML,POISON
B10335,UPHAXICAM 10MG STRIP 10'S,POISON
A12277,PROFESSIONAL USE ALL TEST COVID TEST KIT 1'S,OTC
A12278,GREEN WORLD BUG&DUST MITE SPRAY NATURAL 500ML (PREMIUM),OTC
A12279,SLEEP TITE BED BUG&DUST MITE SPRAY LAVENDAR 500ML,OTC
A12401,~DOTERRA VEGGIE CAPS 160S,CONSIGNMENT DR HANISAH
A12402,DISCONTINUE,OTC
A12403,DISCONTINUE,OTC
A12404,DISCONTINUE,OTC
A12405,DISCONTINUED,OTC
A12406,~YUM EARTH ORGANIC POPS STRAWBERRY 87G,CONSIGNMENT DR HANISAH
A12407,DERMOPLEX ANTIFUNGAL CREAM 15G,OTC
A12409,DISCONTINUE,OTC
A12410,DISCONTINUE,OTC
A12411,DISCONTINUE,OTC
A12412,DISCONTINUE,OTC
A12413,DISCONTINUE,OTC
A12414,EXTRA COMFORT NITRILE PP GLOVES (L) 100'S,OTC
A12415,HURIX'S BALM MOS'Q KING W/ALOE VERA 20G,OTC
B10363,*HYZAAR 100/12.5MG STRIP 10'S,POISON
A12416,PANCAKE CARROT 210G ,BABY & MOM
A12417,PANCAKE BEETROOT 210G ,BABY & MOM
A12362,DISCONTINUE,OTC
A12379,COLGATE TB TRIPLE ACTION MEDIUM 1'S,PERSONAL CARE
A12382,MALE EXTERNAL CATHETER (XL),WOUND & SURGICAL
A12384,MALE EXTERNAL CATHETER (L),WOUND & SURGICAL
A12385,PANCAKE BUTTERFLY PEA 210G ,BABY & MOM
A12388,PANCAKE PANDAN 210G,OTC
A12389,3M TEGADERM TRASNPARENT DRESSING 10X13CM ,WOUND & SURGICAL
A12390,HIBISCUS VITAL ALKALINE WATER 500ML Hibiscus,OTC
A12391,QUICK COOK CREAMY MAC & CHEESE PASTA 70G ,FOOD & BEVERAGES
A12327,SKINPLEX STOPBLEED 80MM*100MM 3'S,OTC
A12328,DISCONTINUE,OTC
A12329,SKINPLEX STOPBLEED 25MM*72MM 5'S,OTC
A12344,~ITCH RELIEF OIL SPRAY 50ML,CONSIGNMENT DR HANISAH
A12345,DISCONTINUE,OTC
A12346,DISCONTINUE,OTC
A12347,DISCONTINUE,OTC
A12348,DISCONTINUE,OTC
B10349,DISCONTINUE,POISON
B10350,APO-SERTRALINE 50MG 100'S,POISON
A12349,BM MULTIVITAMINS+MINERAL 120'S,SUPPLEMENT
A12350,ROMA WAFELLO ITALIAN BITES CHOCOBLAST 10S ,FOOD & BEVERAGES
A12351,DISCONTINUE,OTC
A12352,DISCONTINUE,OTC
A12353,DISCONTINUE,OTC
A12354,DISCONTINUED,OTC
A12355,DISCONTINUED,OTC
A12356,DISCONTINUED,OTC
A12357,GLUCODR GLUCOMETER AUTO A,MEDICAL DEVICE & SUPPLY
A12358,*LEGALON 140MG STRIP 10'S (MILK THISTLE),OTC
A12359,AROSS DIGITAL THERMOMETER KFT-03,MEDICAL DEVICE & SUPPLY
A12360,AROSS CARTOON DIGITAL THERMOMETER KFT-03C,MEDICAL DEVICE & SUPPLY
A12366,WATERPROOF DRESSING ADH TAPE ROLL 5CM*10M,OTC
A12367,DISCONTINUE,WOUND & SURGICAL
A12368,ALUMINIUM 2IN1 RECIPROCAL WALKING FRAME,REHAB & SUPPORT
A12369,FOLDABLE BACKREST WHEELCHAIR GSR02,REHAB & SUPPORT
A12370,FOLDABLE COMMODE WITH BUCKET,REHAB & SUPPORT
B10351,DISCONTINUE,POISON
B10352,TERRAMYCIN OPTHALMIC EYE OINT 3.5G,POISON
B10353,*THYROSIT 100MCG STRIP 10'S,POISON
B10355,SANDOZ OSPAMOX 500MG STRIP 10'S (AMOXICILLIN),POISON
B10357,*CAVUMOX 625MG STRIP 3'S,POISON
B10358,DISCONTINUE,POISON
B10359,SIAM FLUCOZOLE 200MG PCS 1'S,POISON
A12371,DISCONTINUE,OTC
A12372,DISCONTINUE,OTC
A12373,DISCONTINUE,OTC
A12374,MED TEXTILE POSTURE BRACE ELASTIC,OTC
A12375,*CRANGG+ 3G 1'S (CRANBERRY),OTC
A12376,DISCONTINUED,OTC
A12377,ORAL B CLASSIC ULTRACLEAN MEDIUM 2'S,OTC
B10366,VOBRAX CAP 200MG STRIP 10'S,POISON
A12418,GKB I-KIDS 1S,SUPPLEMENT
A12420,IZZLY SERBUK BIJIRIN OATS SEGERA 225G,OTC
A12421,IZZLY BIJIRIN BARLI SEGERA,OTC
A12422,DISCONTINUE,OTC
A12423,DISCONTINUE,OTC
A12424,*NEUTROVIS 3PLY HL SKY BLUE 10'S,MEDICAL DEVICE & SUPPLY
A12425,DISCONTINUE,OTC
A12426,*NEUTROVIS PREM 4PLY WHITE 10'S,MEDICAL DEVICE & SUPPLY
A12427,DISCONTINUE,OTC
A12428,DISCONTINUE,OTC
A12429,*NEUTROVIS PREM 3PLY LAVENDER 10'S,MEDICAL DEVICE & SUPPLY
A12430,DISCONTINUE,OTC
A12431,NEUTROVIS PREM 4PLY KIDS FOX & PENGUIN 10'S,MEDICAL DEVICE & SUPPLY
A12432,DISCONTINUE,OTC
A12395,HOVID ULTIMAX CREAM 30G,OTC
B10360,RHINATHIOL PROMETHAZINE 125ML,POISON
B10361,PROCTOSEDYL OINT 15G,POISON
A12434,DISCONTINUE,OTC
A12435,DISCONTINUE,OTC
A12436,*NEUTROVIS PREM HL  3PLY PINK BABY 10'S,MEDICAL DEVICE & SUPPLY
A12397,DISCONTINUE,OTC
A12398,DISCONTINUED,OTC
A12399,DISCONTINUE,OTC
A12438,*NEUTROVIS HL 4PLY BLACK 10'S,MEDICAL DEVICE & SUPPLY
A12440,*NEUTROVIS EXTRA 4PLY STEEL GREY 10'S,MEDICAL DEVICE & SUPPLY
A12447,*NEUTROVIS PREM HL 4PLY DENIM BLUE 10'S,MEDICAL DEVICE & SUPPLY
A12448,DISCONTINUE,OTC
A12449,DISCONTINUE,OTC
A12450,*HIMAYA PREM 3PLY HL BLUSH ROSE 10'S,MEDICAL DEVICE & SUPPLY
A12451,DISCONTINUE,OTC
A12452,*HIMAYA 3PLY HL SOFT OLIVE 10'S,MEDICAL DEVICE & SUPPLY
A12453,*HIMAYA 3PLY HL LOVE LATTE 10'S,MEDICAL DEVICE & SUPPLY
A12454,DISCONTINUE,OTC
A12455,*HIMAYA 3PLY HL BLUE LAGOON 10'S,MEDICAL DEVICE & SUPPLY
A12456,DISCONTINUE,OTC
A12457,*HIMAYA 3PLY HL APRICOT DREAM 10'S,MEDICAL DEVICE & SUPPLY
A12444,*NEUTROVIS EXTRA 4PLY FEATHER IRIS 10'S,MEDICAL DEVICE & SUPPLY
A12460,*HIMAYA PREM 4PLY HL OCEAN BLUE 10'S,MEDICAL DEVICE & SUPPLY
A12461,*HOVID NEUROVIT 10'S,OTC
A12462,DISCONTINUE,OTC
A12472,SUPER SAFE LATEX GLOVE POWDERED (M)100'S,OTC
A12473,SUPER SAFE LATEX GLOVE POWDERED (S)100'S,OTC
A12474,DISCONTINUE,OTC
A12475,DISCONTINUED,OTC
A12476,TOCOVID 200MG 30'S,OTC
A12478,DISCOUNTINUE,OTC
A12479,DISCONTINUE,OTC
A12467,CAREYS ANTI EMBOLISM STOCKING (L),REHAB & SUPPORT
A12468,CAREYS ANTI EMBOLISM STOCKING (M),OTC
A12469,DISCONTINUE,OTC
A12470,MEDI TOUCH LATEX GLOVE PF (M) 100'S,OTC
A12481,DISCONTINUE,OTC
B10367,*CLOPISTAD 75MG STRIP 10'S,POISON
B10368,COVERSYL 5MG BOX 30'S,POISON
B10369,DISCONTINUE,POISON
V10001,CERAVIS,OTC
C0002,RAYA KIT 2022,OTC
A13090,~HAIR SHAMPOO SOAP BASE 500G,CONSIGNMENT DR HANISAH
A13091,~CHAMOMILE HONEY,CONSIGNMENT DR HANISAH
A13092,~ORGANIC NEEM SHAMPOO BAR,CONSIGNMENT DR HANISAH
A13093,~RAPUNZEL HAIR OIL 50ML,CONSIGNMENT DR HANISAH
A13088,DERMATONICS ONCE HEEL BALM 75ML,OTC
A13089,DISCONTINUED,PERSONAL CARE
A13074,~DOTERRA GINGER LEMON CANDY 1'S,CONSIGNMENT DR HANISAH
B10456,JEWIM MINOXIDIL TOPICAL SOLUTION 5% 60ML,POISON
B10459,MEDOLIN SALBUTAMOL 4MG,POISON
A13077,~DOTERRA EASY AIR CANDY 1'S,CONSIGNMENT DR HANISAH
A13078,~POUCH BAG,CONSIGNMENT DR HANISAH
A13080,ARNIA MADU KELULUT ASLI 60G,FOOD & BEVERAGES
A13081,DISCONTINUE,OTC
A13082,DISCONTINUE,OTC
A13072,REMMIS GUMMIES WITH BIOTIN 60S,OTC
A13084,GRACE CARE ANKLE SUPPORT -M,REHAB & SUPPORT
A13038,DISCONTINUE,OTC
A13039,DISCONTINUE,OTC
A13040,GINKGO 2000 MG 10'S,OTC
B10451,DISCONTINUE,POISON
B10452,GLUCOPHAGE XR 750MG 15'S,POISON
B10453,GLUCOPHAGE XR 500MG 15'S,POISON
A13047,EVIN SONIC TOOTHBRUSH REFILL PACK,PERSONAL CARE
A13050,TFF LP200-A 33G SACHET 1'S,SUPPLEMENT
A13052,DISCONTINUE,OTC
A13053,DISCONTINUE,OTC
A13054,DISCONTINUED,OTC
A13055,INSTANT HYGIENE SANITIZER 5L,OTC
A13056,DISCONTINUE,OTC
A13058,NEILMED NASADROPS SALINE ON THE GO,OTC
A13061,DISCONTINUE,SUPPLEMENT TLS
A13062,GLUCONAVII STARTER KIT,MEDICAL DEVICE & SUPPLY
A13063,NANOGLIDE 4MM PACK 10'S,MEDICAL DEVICE & SUPPLY
A13064,NANOGLIDE 5MM PACK 10'S,MEDICAL DEVICE & SUPPLY
A13067,DISCONTINUE,OTC
B10455,CELEBIB CAPSULE 200MG 10'S,POISON
A13068,DISCONTINUED,PERSONAL CARE
A13069,DISCONTINUED,PERSONAL CARE
V10016,OMEGA 3 BURST SOFTGEL,OTC
000009-BAN,DISCONTINUE,OTC
000009-DAT,DISCONTINUE,OTC
000009-BUT,DISCONTINUE,OTC
V10008,AUDACE HAIR CONTROL SHAMPOO,OTC
V10009,GAIA HERB,OTC
A13096,DISCONTINUE,OTC
A13097,DISCONTINUE,OTC
A13098,DISCONTINUE,OTC
V10012,OPTIFAST SHAKE 636G,OTC
V10023,IZZLY BIJIRIN,OTC
A13099,DISCONTINUED,OTC
A13100,BM OMEGA-3 FISH OIL 1000MG 120S,SUPPLEMENT
V10030,AVEENO SKIN RELIEF MOIST LOTION,OTC
V10031,DISCONTINUE,OTC
V10034,DISCONTINUE,OTC
V10035,MH ORG SHIITAKE MUSHROOM,OTC
V10036,CAFFE BEYANG,OTC
A13103,~DROPS ESSENTIAL OIL PEPPERMINT,CONSIGNMENT DR HANISAH
B10461,CETIZAL 5MG 10'S,POISON
A13116,ORAL-B TOOTHBRUSH EASY CLEAN CHARCOAL,OTC
A13117,ORAL-B TOOTHBRUSH ULTRA-THIN DUAL CLEAN (EXTRA SOFT),OTC
A13118,ORAL-B TOOTHBRUSH GENTLE GUM CARE EXTRA SOFT,OTC
A13119,IZZLY SERBUK CENDAWAN 50G,OTC
A13120,DISCONTINUE,OTC
A13121,DISCONTINUE,OTC
A13126,DISCONTINUE,OTC
B10460,RESOLOR 2MG BOX 28'S,POISON
A13101,~DROPS ESSENTIAL OIL,CONSIGNMENT DR HANISAH
A13102,~DROPS ESSENTIAL OIL LAVENDER,CONSIGNMENT DR HANISAH
A13106,DISCONTINUE,OTC
A13107,~DOTERRA ZESGENT 15ML,CONSIGNMENT DR HANISAH
A13108,~DOTERRA ZESGENT10ML DILUTED,CONSIGNMENT DR HANISAH
V10027,FEMININE COMFORT PAD/PANTY LINER,OTC
V10028,IZZLY SERBUK BAWANG MERAH/PUTIH,OTC
V10038,IZZLY SERBUK BERAS INSTANT,OTC
V10039,STASH TEA COMP BLACK TEA,OTC
V10041,AIPHARMA GOOD BYE FEVER,OTC
V10043,DISCONTINUE,OTC
V10044,CUBE TEA ANTIDOTE,OTC
A13104,PERSONAL SHOPPER (SHOPEE),OTC
B10465,E-ZYME B6 SOOTHING LIQUID 90ML,POISON
B10466,DISCONTINUE,POISON
A13135,DISCONTINUED,OTC
A13136,~ORGANICULE ALGAE OIL 250MG,CONSIGNMENT DR HANISAH
A13137,~DROPS VITAMIN E OIL,CONSIGNMENT DR HANISAH
A13138,~NEEM & TEA TREE SOAP 50G,CONSIGNMENT DR HANISAH
3,DISCONTINUE,CONSIGNMENT
A13110,STERIMAR BABY NASAL SPRAY 100ML,OTC
A13112,ORAL-B TOOTHBRUSH EASY CLEAN BLACK (B2F1),OTC
A13113,ORAL-B TOOTHBRUSH COMPLETE SENSITIVE CARE (EXTRA SOFT),OTC
A13127,TRUTH HCG URINE PREGNANCY TEST 1'S,OTC
A13128,~MENTHOL CRYSTAL 9GM,CONSIGNMENT DR HANISAH
A13129,AFRICAN SEA COCONUT COUGH MIXTURE 177ML,OTC
A13130,~FUTURE FOOD CITRUS PUNCH 300G,CONSIGNMENT DR HANISAH
A13131,DISCONTINUE,OTC
A13132,BIONETTE ELECTRONIC ALLERGY RELIEF DEVICE,OTC
A13143,DISCONTINUE,OTC
A13148,CADBURRY DAIRY MILK CHOCOLATE 15G,OTC
A13149,~FUTURE FOOD DREAM WEAVER ESSENTIAL OIL 10ML,CONSIGNMENT DR HANISAH
A13150,~ BONIVITA 450MG 30S,CONSIGNMENT
A13151,SUDU GARFU PLASTIK,OTC
A13152,SERENAZ NAT SEA WATER NASAL SPRAY 30ML,OTC
A13153,NASOCARE INFANT (SMALL) 50ML,OTC
A13144,STERIMAR NASAL SPRAY 100ML,OTC
A13145,AL AQSA EXTRA VIRGIN PALESTINIAN OLIVE OIL 100ML,OTC
A13140,LIGHT WHEELCHAIR WITH FOLDABLE BACREST (GSR06A),REHAB & SUPPORT
B10468,PHARMANIAGA DERMAL G CREAM 15G,POISON
A13147,MINSYAM OLIVE OIL VITAMIN E LAVENDER &amp; ROSEMARY 50ML,OTC
A13156,VASELINE LIP THERAPY ORIGINAL 7G,OTC
A13157,DISCONTINUE,OTC
A13158,ARTELAC NIGHTTIME GEL EYE GEL DEEP HYDRATION OVERNIGHT 10G,OTC
A13163,REPARIL ICE SPRAY 200ML,OTC
A13164,SALUS FLORADIX FORMULA 500ML,OTC
A13165,DISCONTINUE,OTC
A13168,KAPS NATURAL INSECT REPPELENT SPRAY 75ML,OTC
A13169,ZESHIELD NATURAL MOSQUITO REPELLENT 50ML,OTC
A13160,SUNPLAY ULTRA SHIELD SPF130 PA+++ HIGH PERFORMANCE 35G,OTC
A13161,DISCONTINUE,OTC
A13174,DISCONTINUE,SUPPLEMENT TLS
A13175,HCG STRIP ONE STEP URINE PREGNANCY TEST,OTC
A13176,~PURE ETHANOL 50ML WITH SPRAY BOTTLE,CONSIGNMENT DR HANISAH
V10047,DISCONTINUED,OTC
A13179,DISCONTINUED,OTC
A13180,~FUTURE FOOD MENTHOL CRYSTAL 50G,CONSIGNMENT DR HANISAH
A13182,DISCONTINUE,OTC
A13183,AS NO.1 NITRILE GLOVE L (BLUE) 100'S,REHAB & SUPPORT
B10470,JANUVIA 100MG 7S,POISON
A13185,~POCKET TISSUE  2PLY*8 SHEETS,CONSIGNMENT DR HANISAH
B10471,VENTOLIN RESPIRATOR SOLUTION 10ML,POISON
A13186,KAPS INSECT REPPELENT STICK 34G,OTC
A13187,GLUCONAVII NFC READER,MEDICAL DEVICE & SUPPLY
A13188,DISCONTINUE,OTC
A13189,MH ORGANIC PUMPKIN KERNEL 200G,OTC
A13190,MH BUCKWHEAT SEAWEED COOKIES 200G,OTC
A13192,MH ORG EXTRA VIRGIN OLIVE OIL-GREENIST 250ML,OTC
A13193,MH ORG SOY SAUCE-UG 310ML,OTC
A13194,MH ORG BLACK SESAME OIL COLD PRESSED-PC 220G,OTC
A13195,IZZLY SPINACH NOODLES 55G,OTC
A13196,IZZLY SWEET POTATO NOODLES 55G,OTC
A13197,IZZLY PUMPKIN NOODLES 55G,OTC
A13211,AVADOL PARACETAMOL 250MG/5ML 90ML,OTC
A13212,DISCONTINUED,OTC
A13213,NASOCARE INFANT (BIG) 100ML,OTC
A13215,~CREAM CONTAINERS 4S,CONSIGNMENT DR HANISAH
A13216,TRAVEL SET CONTAINERS 3PCS,OTC
A13223,COSRX CLEAR FIT MASTER PATCH 18'S,PERSONAL CARE
B10478,LORSEDIN 1MG/ML ORAL SOLUTION 60ML,POISON
A13224,DISCONTINUED,OTC
A13225,DISCONTINUED,OTC
A13226,DISCONTINUED,OTC
A13227,DISCONTINUED,OTC
A13228,DISCONTINUED,OTC
A13229,DISCONTINUED,OTC
A13230,DISCONTINUED,OTC
A13231,DISCONTINUED,OTC
A13217,~ DAZIBET 500MG 30S,CONSIGNMENT
B10477,FOSAMAX PLUS 70MG/5600IU BOX 4'S,POISON
A13218,DISCONTINUE,OTC
A13219,DISCONTINUED,OTC
A13220,DISCOUNTINUE,OTC
A13221,MUNATORIL THROAT SPRAY GOLA 30ML,OTC
A13233,DISCONTINUED,OTC
A13234,DISCONTINUED,OTC
A13235,DISCONTINUED,OTC
A13236,DISCONTINUE,OTC
B10475,NEO BETASONE 15G,POISON
B10476,MYCLAV AMOXICILLIN/CLAVULANATE 625MG 10'S,POISON
A13239,NEEM TOOTHPASTE 125G,OTC
A13240,NEEM TOOTHPASTE 175G FREE T/BRUSH,OTC
A13241,NEEM TOOTHPASTE 200G,OTC
A13247,PRENAVIT PREGNANCY SUPPLEMENTS 30'S,OTC
A13242,BAUSCH&LOMB SENSITIVE EYES PLUS SALINE 355ML,OTC
A13243,DISCONTINUED,FOOD & BEVERAGES
A13244,NEILMED NASA MIST SALINE SPRAY 75ML,OTC
A13245,DISCOUNTINUE,OTC
A13246,PROMATER OMEGA-3 FISH OIL 500MG 30'S,OTC
A13248,DISCONTINUE,OTC
A13249,STRIVACE SCAR GEL 9GM,OTC
A13251,DISCONTINUE,OTC
B10480,FLEMING AMOXICILLIN/CLAVULANIC 228.5MG/5ML  SUSPENSION,POISON
B10481,AXCEL CEFUROXIME -125 50ML,POISON
A13256,YUWELL BLOOD PRESSURE MONITOR WITH BLUETOOTH YE8600A,MEDICAL DEVICE & SUPPLY
A12944,FAMILY GUARD LAVENDER 280ML,MEDICAL DEVICE & SUPPLY
A12933,DISCONTINUE,OTC
A12940,PILL SPLITTER & STORAGE,OTC
B10441,DISCONTINUE,POISON
A12942,DISCONTINUED,OTC
A12930,AVOSIL LOZENGE 2MG PACK 20'S,OTC
A12952,PROGIGUARD VEGI CAPS 60'S,OTC
A12953,ELEFBEBE DOUBLE ELECTRIC BREAST PUMP BP-D05,BABY & MOM
A12954,DISCONTINUED,OTC
A12955,*MEDISHIELD HL KF99 OLIVE GREEN 10'S,MEDICAL DEVICE & SUPPLY
A12949,EKOBREEZE K5 NANO SPRAY MACHINE GUN,OTC
A12950,WESNITZER VCARE ENVIRONMENTAL DISINFECTANT LIQUID 5L,MEDICAL DEVICE & SUPPLY
A12957,AXCEL PARACETAMOL 250MG (STRAWBERRY) 100ML,OTC
A12959,ANDON INFRARED NO-TOUCH THERMOMETER,MEDICAL DEVICE & SUPPLY
A12960,DISCONTINUE,OTC
A12965,AROSS NITRILE BLUE GLOVE (S),REHAB & SUPPORT
A12966,NITRILE GLOVE POWDER FREE (M) 100'S,REHAB & SUPPORT
A12967,DISCONTINUE,OTC
A12962,DISCONTINUE,OTC
A12963,DISCONTINUE,OTC
A12970,PRIMES COTTON BALLS 50G,BABY & MOM
A12935,DISCONTINUE,OTC
B10440,DYNADRYL SYRUP 100ML,POISON
A12936,UPHAMOL 250MG ORANGE 60ML,OTC
A12937,DISCONTINUE,OTC
A12938,~CLOVE INHALER WITH CLOVE ESSENTIAL OIL,CONSIGNMENT DR HANISAH
B10439,CONCOR 2.5MG 10'S,POISON
A12920,~EZEE CHICKEN BRIYANI 250G,OTC
A12921,~EZEE VEGETABLE BRIYANI 250G,CONSIGNMENT
A12922,~EZEE CHICKEN RENDANG 180G,CONSIGNMENT
A12923,~EZEE CHICKEN MASALA 180G,OTC
A12924,SEBORIN ANTI DANDRUFF HAIR TONIC (BROWN) 400ML,PERSONAL CARE
A12925,DISCONTINUE,OTC
A12926,FAMILY GUARD CITRUS 280ML,MEDICAL DEVICE & SUPPLY
A12908,SWISSE ULTIBOOST COLLAGEN COMPLEX 30'S,OTC
A12909,DETTOL SPRAY SAKURA BLOSSOM 450ML,PERSONAL CARE
A12910,DISCONTINUE,OTC
A12911,DISCONTINUE,OTC
A12912,DISCONTINUE,OTC
A12913,DISCONTINUE,BABY & MOM
A12914,DISCONTINUE,BABY & MOM
A12915,DISCONTINUE,OTC
A12903,SEJOY SALIVA COVID TEST KIT 1'S,OTC
B10437,*ATOZET 10/20MG 10'S,POISON
A12904,DISCONTINUE,OTC
A12905,LIAN HUA QING WEN 500MG CAP 10'S,OTC
B10438,*XIGDUO XR 5MG/1000MG STRIP 7'S,POISON
A13009,DISCONTINUED,OTC
A13015,DISCONTINUE,OTC
A13002,NUT KING SALTED PEANUTS 12G,OTC
A13005,NESTLE HONEY STAR 30G,OTC
A13011,NIPS PEANUT 13G,OTC
B10446,CARINOX CAP 10'S,POISON
A13012,~ DOTERRA FRANKINCENSE 15ML,CONSIGNMENT DR HANISAH
B10447,DISCONTINUE,POISON
A11630,SUNSILK HIJAB SH SEGAR&ANTI RAMBUT GUGUR 320ML,OTC
A13024,DISCONTINUE,OTC
A13025,DISCONTINUE,OTC
A13026,DISCONTINUE,OTC
A13027,DISCONTINUE,OTC
A13028,DISCONTINUE,OTC
A13030,VICKS INHALER WITH KEYCHAIN 0.5ML,OTC
A13031,DISCONTINUE,OTC
B10448,*SINGULAIR 10MG 7'S,POISON
A13032,VASELINE PETROLEUM JELLY ORIGINAL 250ML,OTC
A13033,DISCONTINUE,OTC
A13034,DIABETASOL VANILLA 360G,OTC
A13035,DIABETASOL CAPPUCINO 360G,OTC
A13036,DIABETASOL CHOCOLATE 360G,OTC
A13048,~DWANGI BODY PERFUME 15ML,OTC
A12972,EXTRA COMFORT W.O.W BANDAGE 10CM*7M,WOUND & SURGICAL
B10443,ZERTIN SYRUP 120ML,POISON
B10444,SEDNO SYRUP 60ML,POISON
A12982,DISCONTINUE,OTC
A12985,DISCONTINUE,OTC
A12986,DISCONTINUE,OTC
A12990,DURO HERB CHESTY COUGH LIQUID 100ML,OTC
A12996,DISCONTINUE,MEDICAL DEVICE & SUPPLY
A12997,L' ESPACE AEROCHAMBER PEDIATRIC (VALVED HOLDING CHAMBER),MEDICAL DEVICE & SUPPLY
A12998,DISCONTINUE,OTC
A12999,DISCONTINUE,OTC
B10445,PHOLCODYL FORTE SYRUP 90ML,POISON
B10433,ELLA 30MG BOX 1'S,POISON
B10424,ALCON VIGAMOX EYE DROPS 5ML,POISON
A12859,FLASHLIGHT EARPICK,OTC
A12860,DISCONTINUE,MEDICAL DEVICE & SUPPLY
A12861,DISCONTINUE,MEDICAL DEVICE & SUPPLY
A12862,DISCONTINUE,OTC
A12863,~AL-LECCA SACHA INCHI OIL 33 SACHETS,CONSIGNMENT
A12864,~AL-LECCA SACHA INCHI OIL BOTTLE 250ML,CONSIGNMENT
A12850,MH PUMPKIN RAMEN 320G,OTC
A12851,MH SEAWEED MISO INSTANT NOODLE 380G,OTC
A12852,MH ORG PEARLED BARLEY 500G,OTC
A12853,MH RED BARLEY POWDER SUGAR FREE 300GM,OTC
A12854,MH NUTRIENT CRUNCH 100GM,OTC
A12855,DISCONTINUE,OTC
A12856,DISCONTINUE,OTC
B10431,DISCONTINUE,POISON
A12857,RAMADHAN PLANNER,OTC
A12858,DISCONTINUE,OTC
A12835,~OLIVE CASTILLE LIQUID SOAP 500ML (ORGANIC),CONSIGNMENT DR HANISAH
A12836,DISCOUNTINUE,REHAB & SUPPORT
A12841,MED TEXTILE ARM SLING (M),OTC
A12842,MED TEXTILE ARM SLING (L),REHAB & SUPPORT
B10429,*GLUCOPHAGE 850MG STRIP 20'S,POISON
A12833,DISCONTINUED,OTC
A12843,BAUSCH&LOMB BIOTRUE MULTIPURPOSE SOLUTION 60ML,OTC
A12846,DISCONTINUED,OTC
A12869,FIRST AID PORTABLE BAG,REHAB & SUPPORT
A12870,CERTAINTY ANTIBACTERIAL WIPES 40'S,OTC
A12871,MEDITOTS 2IN1 MOZZIE-BLOCK 60ML,OTC
A12872,DISCONTINUE,OTC
B10436,NOVOMIX FLEXPEN 100IU/ML 5*3ML,POISON
A12882,DISCONTINUE,OTC
A12883,DISCONTINUE,OTC
A12867,DISCONTINUE,OTC
B10435,DISCONTINUE,POISON
A12878,3/4 SILICONE ORTHOTIC INSOLES (M),REHAB & SUPPORT
A12893,ACCUSURE BODY FAT SCALE,MEDICAL DEVICE & SUPPLY
A12895,EVIN MATERITY BELT,BABY & MOM
A12896,EVIN SONIC TOOTHBRUSH,PERSONAL CARE
A12898,DISCONTINUE,OTC
A12899,DISCONTINUE,OTC
A12900,DISCOUNTINUE,OTC
A12901,DISCONTINUE,OTC
A12779,DISCONTINUE,OTC
A12780,DISCONTINUE,OTC
A12782,DISCONTINUED,OTC
A12743,FACE SHIELD KIDS,MEDICAL DEVICE & SUPPLY
A12745,SURGIPLUS PPE SUIT COVERALL (L) 1'S,OTC
A12746,SURGIPLUS PPE SUIT COVERALL (XL) 1'S,OTC
A12784,DISCONTINUE,OTC
A12785,DISCONTINUE,OTC
A12786,DISCONTINUE,OTC
A12787,HP ORG INSTANT BABY OATS 500GM,OTC
A12788,HP BUCKWHEAT FLAKE WITH MIXED FRUIT 300GM,OTC
A12789,HP PARADISE MIXED DRIED FRUITS 200GM,OTC
A12790,HP ORG KIDS PASTA SAFARI 300GM,OTC
A12791,HP IODIZED HIMALAYA SALT 500GM,OTC
A12793,HP NUTTY PROTEIN MIX 90GM,OTC
A12794,DISCONTINUE,OTC
A12795,DISCONTINUE,OTC
A12796,VIDA VIT C 1000MG LEMON325ML,OTC
A12797,VIDA VIT C 1000MG KIWI 325ML,OTC
A12800,COLGATE TB ZIG ZAG MEDIUM 1'S,PERSONAL CARE
A12799,DARLIE CHARCOAL CLEAN TOOTHBRUSH SOFT,OTC
A12798,DARLIE WAVY FRESH TOOTHBRUSH SOFT,OTC
A12801,MILNA TODDLER BISCUIT CHOC 110G,OTC
A12802,DISCONTINUE,OTC
A12803,*VG-GUARD 500MG STRIP 10'S,OTC
A12807,DISCONTINUE,OTC
A12808,EJEN ALI FABRIC MASK KID (ALICIA),MEDICAL DEVICE & SUPPLY
A12811,DISCONTINUED,OTC
A12812,PROSPAN F COUGH SYRUP 100ML,OTC
A12814,~6 IN 1 EAR PICK SET,CONSIGNMENT
A12816,UPHAVIT SYRUP 120ML,OTC
A12821,YHMED BUBBLE MATTRESS WITH ADJUSTABLE PUMP,MEDICAL DEVICE & SUPPLY
A12822,ANDON PULSE OXIMETER PO6,OTC
A12823,DISCONTINUE,OTC
A12825,DISCONTINUE,OTC
A12826,PORTABLE NANO ATOMIZER,OTC
A12827,*YUKA ZAN KF94 4PLY (MOCHA/STONE GREY) 10'S,OTC
A12828,*YUKA ZAN KF94 4PLY (BLACK/NAVY BLUE) 10'S,OTC
B10405,ENZDASE 5MG STRIP 10'S,POISON
B10406,*EXFORGE 5/80MG STRIP 14'S,POISON
B10408,CIALIS 5MG BOX 28'S,POISON
B10409,CIALIS 20MG BOX 8'S,POISON
B10410,ANDROGEL 50MG GEL 30'S,POISON
B10416,DUOPHARMA ACIPAN INJ 1MG/ML AMP 10'S,POISON
B10417,DUOPHARMA ANALPAN INJ 75MG/3ML AMP 10'S,POISON
B10418,DUOPHARMA LAKAN INJ 2%/10ML VIAL 25'S,POISON
B10419,DUOPHARMA MALON INJ 10MG/2ML AMP 10'S,POISON
B10420,DUOPHARMA PIRIMAT 10MG INJ 1ML/AMP 10'S,POISON
B10421,DUOPHARMA TACARLINE INJ 1MG/ML AMP 10x1ML,POISON
B10422,DUOPHARMA UNOCEF INJ 500MG/10ML VIAL 25'S,POISON
B10423,SM ZYCORT POWER FOR INJ 100MG 2ML 25'S,POISON
B10425,PHARMANIAGA XYLID 250MG STRIP 10'S,POISON
A12829,DISCONTINUE,OTC
A12830,BBRAUN NACL 0.9%+G-5 IV INFUSION BP 500ML,OTC
B10412,TENOF-EM 200MG/300MG 30'S,POISON
B10413,EMLA CREAM 5G,POISON
B10414,ARIMIDEX 1MG BOX 28'S,POISON
A12832,~RAPUNZEL HAIR OIL 30ML,CONSIGNMENT DR HANISAH
A13871,TRUPAL ADULT WET WIPES 20X30 40'S,OTC
B10608,VIVERE CREAM 5% 5GM,POISON
B10609,DERIVA 0.1% AQ GEL 15GM,POISON
A13877,DISCONTINUE,OTC
A13880,SALONPAS SPRAY 80ML,OTC
A13879,CAP LANG MUSCULAR BALM 20G,OTC
A13881,BYE BYE FEVER SUPER COOL 2'S,OTC
B10612,CONCOR 5MG 10'S,POISON
B10613,RECADIN 100MG 10'S,POISON
A13899,BETADINE ANTISEPTIC LIQUID 30ML,WOUND & SURGICAL
A13900,~SKIN BALM 30ML,CONSIGNMENT DR HANISAH
A13901,HIMALAYA PROTECTING NEEM & TURMERIC BODY WASH 400ML,PERSONAL CARE
A13886,BERGAMOT NITRILE GLOVES (M) PINK 100'S X2238PK,REHAB & SUPPORT
A13894,DISCONTINUE,OTC
A13895,FISHERMAN 'S FRIEND ORIGINAL 25G ( BLUE ),FOOD & BEVERAGES
B10610,APO-RISPERIDONE 2MG 100'S,POISON
000013,DISCONTINUE,OTC
A13883,DISCONTINUED,OTC
A13884,4PLY CORDIAL BEARS MEDICAL MASK EARLOOP 5'S,MEDICAL DEVICE & SUPPLY
A13889,DISCONTINUE,OTC
A13890,ORAL KALIMATE 5G POWDER 1'S,OTC
B10602,HOVID CELECOXIB 200MG 10'S,POISON
B10603,FEXOFENADINE 180MG,POISON
A13845,CITREX MULTI-VITAMIN GUMMIES,OTC
B10604,SERETIDE EVOHALER 25/50MCG,POISON
A13846,JF SULFUR 10% 100G,OTC
A13847,DISCONTINUED,OTC
A13848,GARNIER MICELLAR CLEANSING WATER SENSITIVE 50ML,OTC
A13837,LP SHOULDER SUPPORT SIZE M,REHAB & SUPPORT
A13838,FULLICON MINI MASSAGE BALL (DURIAN TYPE),REHAB & SUPPORT
B10600,BENATUSSIL EXPECTORANT 120ML,POISON
A13839,UCORT CREAM,OTC
B10601,BENATUSSIL EXPECTORANT 60ML,POISON
A13841,TIGERUS PEI PA KOA 300ML,OTC
A13853,DISCONTINUE,OTC
A13855,~NMNNAD+ EXTEND 3G 30'S,CONSIGNMENT
A13856,~BER-COR-DIA 30'S,CONSIGNMENT
A13866,SENSODYNE REPAIR & PROTECT 100G DEEP REPAIR TWIN,OTC
A13867,DISCONTINUE,OTC
A13868,SUZUSHII'S FEVER COOLING PATCH KIDS,OTC
A13869,MEDETOP VIRGIN COCONUT OIL 250ML,OTC
A13850,ONE TOUCH DELICA LANCET 100'S,MEDICAL DEVICE & SUPPLY
A13851,DISCONTINUED,OTC
A13852,DISCONTINUED,OTC
B10606,COLODIUM 2MG 10'S,POISON
B10596,ALCON TRAVATAN EYE DROP 2.5ML,POISON
A13824,DISCONTINUE,OTC
B10597,DYNAPHAN SYRUP 100ML,OTC
B10598,PEACE SYRUP 60ML,POISON
B10599,AZOREN 40/5MG 30'S,POISON
A13830,"STEEL TRANSPORT WHEELCHAIR 16"" /41CM",REHAB & SUPPORT
A13809,ARFEN SUPPOSITORY 125MG 1'S,OTC
B10595,PROCTOSEDYL SUPP 15G 1'S (FRIDGE),POISON
A13810,BIOGAIA CHEWABLE 10'S,OTC
A13807,HANSAPLAST WOUND HEALING OINT 50GM,WOUND & SURGICAL
A13812,~DEODORANT 15ML,CONSIGNMENT DR HANISAH
A13813,LIFEFLO MAGNESIUM LOTION 14GM,OTC
A13815,INSTA-C TRIAL SET,OTC
A13816,INSTA CLEAR TRIAL SET,OTC
A13817,INSTA-C SUNSCREEN,OTC
A13803,SNAKE BRAND SPORT OIL 60ML,OTC
A13804,NESTLE HONEY STAR BAR 22G,OTC
PI0012,BASIC HEALTH SCREENING OPEN DAY 4.0,SERVICE
A13795,DISCONTINUED,OTC
A13798,ONE TOUCH SELECT PLUS MTR+ STRIPS 25'S 024118,MEDICAL DEVICE & SUPPLY
A13799,OMRON HEM-7142T1 BT BLOOD PRESSURE MONITOR,MEDICAL DEVICE & SUPPLY
A13785,BARIKEL + 75G APPLE 300ML,BABY & MOM
A13786,BARIKEL + 75G HONEY DEW 300ML,BABY & MOM
A13787,ERIO LITTLE TEENY FRUITS FREEZE BANANAS 30G 4S,BABY & MOM
A13788,DISCONTINUE,OTC
A13778,HURIX'S SUGAR FREE GRAPE LICORICE 20G,FOOD & BEVERAGES
A13779,DISCONTINUE,OTC
A13780,DISCONTINUE,OTC
A13776,HURIX'S 1000 FEVER & PAINRELIEF TAB 10'S,OTC
B10592,CONDEP INJ VIAL 1'S,POISON
A13782,HUDSON'S JUJUBES HONEY LEMON (TIN) 50G,FOOD & BEVERAGES
A13783,POISE LINERS 19CM 12'S,PERSONAL CARE
A14039,~ MADU NAQIA 350G,CONSIGNMENT
A14040,~ AIR MUSOFFA 500ML,CONSIGNMENT
A14035,ACE CORDYCEP 10'S,OTC
A14036,DISCONTINUE,OTC
A14029,DISCONTINUE,SUPPLEMENT
A14031,TYT MANDIAN HERBA BERSALIN 2'S 40G,BABY & MOM
A14032,DISCONTINUE,OTC
A14030,TYT MANDIAN HERBA BERSALIN + HALIA 2'S 45G,BABY & MOM
A14008,KALBE DIABETASOL SWEETENER 1'S,OTC
A14009,DISCONTINUED,OTC
A14010,DISCONTINUED,OTC
A14016,~ AUTOMATIC PREMIUM UMBRELLA,CONSIGNMENT
A14017,GULSAN POMEGRANATE 250ML,OTC
A14022,ERIO LITTLE TEENY FRUITS FREEZE DRAGON FRUITS 30G 4S,BABY & MOM
A13995,TERUMO BLOOD GLUCOSE TIP,MEDICAL DEVICE & SUPPLY
A13998,DISCONTINUE,BABY & MOM
A13999,DISCONTINUE,BABY & MOM
A14000,SUSU KAMBING LAZZCAFE,BABY & MOM
A14001,SAMANO JUS MENGKUDU 300ML,OTC
A14002,JUS MENGKUDU BERMADU JITU 300ML,OTC
A13992,DISCONTINUE,OTC
A13993,DISCONTINUE,OTC
A13975,DISCONTINUED,OTC
B10622,TRAJENTA DUO 2.5MG/1000MG 10'S,POISON
A13990,DISCONTINUE,OTC
A13968,KARIHOME GOAT MILK S3 900G,BABY & MOM
A13976,~CLOVE AROMA THERAPY,CONSIGNMENT DR HANISAH
A13977,RUSH BABY COOKIES DATES/APRICORT & KISMIS 115G,BABY & MOM
000016,DISCONTINUE,CONSIGNMENT
A13978,RUSH BABY COOKIES MANGO 115G,BABY & MOM
A13979,RUSH BABY COOKIES CHOC & BANANA 115G,BABY & MOM
A13980,RUSH BABY RICE PUFF APPLE BANANA 30G,BABY & MOM
A13981,RUSH BABY RICE PUFF BLUEBERRY BEETROOT 30G,BABY & MOM
A13982,RUSH BABY RICE PUFF SPINACH GREEN PEAS 30G,BABY & MOM
A13983,RUSH BABY SEASONING POWDER COMBO,BABY & MOM
A13984,RUSH BABY DRIED FRUIT ASSORTED FLAVOUR 20G,BABY & MOM
A13985,RUSH BABY DRIED FRUIT STRAWBERRY 20G,BABY & MOM
A13986,DISCONTINUE,BABY & MOM
A13987,RUSH KIDS SOY SAUCE,OTC
A13988,HEINZ TEETHING RUSKS 100G,OTC
A13989,HEINZ POUCHES 120G,BABY & MOM
A13937,~YUM EARTH ORGANIC POPS STRAWBERRY & GRAPE 87G,CONSIGNMENT DR HANISAH
A13938,VASELINE LIP THERAPY COCOA BUTTER 4.8G,OTC
A13942,DISCONTINUE,OTC
A13943,DISCONTINUE,OTC
A13944,TLS 4-MEN CAPSULE 420MG 10'S,SUPPLEMENT TLS
A13946,SPLAT ORALCARE FOAM MINT 50ML,OTC
A13947,SPLAT ORALCARE FOAM RASBERRY 50ML,OTC
A13930,~MINYAK BIDARA ASLI 10ML,CONSIGNMENT DR HANISAH
B10616,COPAN INJECTION 20MG/ML 10'S 1ML,POISON
B10617,SHINCORT INJ 40MG/ML 100'S 1ML,POISON
A13933,DISCONTINUE,OTC
B10618,INJECSOL K10 POTASSIUM CHLORIDE 10%W/V INJ 10ML 20'S,POISON
B10619,DISCONTINUE,POISON
B10620,PHARMA CO-AMOXICLAVV 228MG/5ML SUSP 70ML,POISON
A13939,ARCALION 200 30S,OTC
A13950,~ITCH RELIEF ROLL 10 ML,CONSIGNMENT DR HANISAH
A13923,THERMAL COOLER BAG (MEDIUM),OTC
000015,DISCONTINUE,OTC
A13925,COLGATE TOTAL PRO BREATH HEALTH 150G,PERSONAL CARE
A13926,COLGATE SENSITIVE PRO-RELIEF WHITENING 110G,PERSONAL CARE
A13917,DISCONTINUE,PERSONAL CARE
A13918,DISCONTINUE,OTC
A13919,DISCONTINUE,OTC
000014,DISCONTINUE,OTC
B10614,PROGYLUTON 21'S,POISON
A13907,INNOMED M2 BLOOD PRESSURE MONITOR,MEDICAL DEVICE & SUPPLY
A13908,SACCRANTA SACCHAROMYCES SACHET 250MG  1S,OTC
A13909,~FOAM BOTTLE 500ML,CONSIGNMENT DR HANISAH
A13896,~ONLINE WORKSHOP,CONSIGNMENT DR HANISAH
A13897,CALMZ TABLET 550MG 10S,OTC
A13898,SIMPLE FACIAL CLEANSING WIPES 7'S,OTC
A13903,FISHERMAN'S FRIEND SPEARMINT 25G ( BLUE ),FOOD & BEVERAGES
A13904,FISHERMAN'S FRIEND CHERRY 25G (RED),FOOD & BEVERAGES
A13913,DISCONTINUE,REHAB & SUPPORT
A13914,NUBIO C+D3+ZINC 30'S,OTC
A14082,SKIN ALLERGY TEST,OTC
B10632,BERODUAL SOLUTION 20ML,POISON
A14084,"NATUFOODIES FREEZE DRIED FRUITEE BITES ( APPLE,BANANA,STRAWBERRY) 15G",FOOD & BEVERAGES
B10633,LUVOX 100MG 10'S,POISON
A14085,D'MEDY SACHA INCHI OIL PLUS 60'S,OTC
A14086,DISCONTINUED,OTC
A14059,~BEBIMORA DIAPANTS (L),BABY & MOM
A14064,~BEBIMORA TELON OIL 30ML,BABY & MOM
A14088,~PHR RR4BELLCO,OTC
A14091,SAHARA NATURAL DATE VINEGAR 400ML,OTC
A14094,~DISHWASHING SOAP 300GM,CONSIGNMENT DR HANISAH
A14095,FRANCH NEEM SOAP 100G 1'S,PERSONAL CARE
A14097,~TASNEEM BUBBLY BABY BATH JAUNYS 200ML,BABY & MOM
A14098,~TASNEEM BUBBLY BABY BATH COVE FRESH / CF-BATH 200ML,BABY & MOM
A14103,VAJOMBA PASTILLE BERRY SAKURA 25G,FOOD & BEVERAGES
A14050,(IN HOUSE) LIPIDOCARE ANALYZER (2 YEARS WARRANTY),MEDICAL DEVICE & SUPPLY
B10625,AXCEL MICONAZOLE 15G,POISON
B10626,AXCEL MOMETASONE OINTMENT 0.1% 15G,POISON
B10627,AXCEL MOMETASONE CREAM 0.1% 15G,POISON
B10628,AXCEL HYDROCORTISONE CREAM 1% 15G,POISON
A14045,CITREX VIT C + ELDERBERRY MIXED BERRIES FLAVOUR 1'S,OTC
[79656631050],DISCONTINUE,OTC
A14048,COUNTRY FARM ORGANIC APPLE CIDER VINEGER 500ML,FOOD & BEVERAGES
A14049,LOHAS ORGANIC APPLE CIDER VINEGER 946ML,FOOD & BEVERAGES
A14069,RUSH BABY CEREAL OATMEAL 150G,BABY & MOM
A14070,RUSH BABY COOKIES AVOCADO & CHEESE 110G,BABY & MOM
A14071,MIN KAFFE,OTC
A14077,LIGHTWEIGHT WHEELCHAIR WITH FLIP ARMREST,REHAB & SUPPORT
A14078,DISCONTINUE,REHAB & SUPPORT
A14076,WALKING FRAME WITH WHEEL MPL-WK-9149L,REHAB & SUPPORT
A14067,DELUXE / BARIATRIC HEAVY DUTY WHEELCHAIR 24',REHAB & SUPPORT
A14080,EVIN WEEKLY PLANNER 21 COMPARTMENT,REHAB & SUPPORT
A14074,ELEFBEBE WIDE FEEDING BOTTLE NB (NATURAL) FB-N02,BABY & MOM
A14058,~BEBIMORA DIAPANTS (M),BABY & MOM
A14180,SMITH&NEPHEW OPSITE SPRAY 100ML,WOUND & SURGICAL
A14175,~ECZEMA SALVE SMALL 15 ML,CONSIGNMENT DR HANISAH
A14176,~TAMANU MOISTURISER 50 GM,CONSIGNMENT DR HANISAH
A14177,HIMALAYA GARLIC WELLNESS 60 'S,OTC
A14165,~ANTIDOTE COLD COFFEE BOTTLE,CONSIGNMENT DR HANISAH
A14166,~ DIY SOAP,CONSIGNMENT DR HANISAH
A14169,CEA MARKER TEST,SERVICE
A14170,MIGHTY BERRY,CONSIGNMENT
A14171,BIO-D INSECT PROTECTION TRAVEL PACK,OTC
A14172,RHEUMATOID FACTOR TEST,OTC
A14125,DISCONTINUE,CONSIGNMENT
B10636,ARICEPT EVESS  10MG  TAB 14S,CONSIGNMENT
A14129,DISCONTINUE,OTC
A14148,FLEET ENEMA 133ML,OTC
A14146,DISCONTINUE,CONSIGNMENT
A14143,DISCONTINUE,OTC
A14133,DISCONTINUE,CONSIGNMENT
A14139,DISCONTINUE,OTC
A14140,DISCONTINUE,OTC
A14141,DISCONTINUE,OTC
A14122,DISCONTINUE,OTC
A14111,DISCONTINUE,CONSIGNMENT
A14108,APPLE MONKEY MASHED (STRAWBERRY & SWEET POTATO) 100G,BABY & MOM
A14109,DICONTINUE,OTC
A14119,DISCONTINUE,OTC
B10658,PROZAC TABLET 20MG 14'S,POISON
B10659,RITALIN TABLET 10MG 30'S,POISON
B10660,BRINTELIX TABLET 10MG 28'S,POISON
B10661,ALLERGAN PRED FORTE 1% EYE DROP 5ML,POISON
A14310,PROGUTT 10'S,OTC
A14311,PROMED PVC SMALL FIRST AID KIT (PM-03-PS),REHAB & SUPPORT
B10662,HYOSUN SYRUP 60ML,POISON
A14312,LICE COMB ,CONSIGNMENT
A14313,VITPRO NEUROVI 10S,OTC
A14299,~QV BATH OIL 250ML,CONSIGNMENT DR HANISAH
A14301,~DOTERRA VEGGIE EMPTY CAPSULE 10S,CONSIGNMENT DR HANISAH
A14302,PG BODY & FOOT MASSAGE LOTION 1000ML,OTC
A14296,RUBBER MACKINTOSH SHEETING 1METRE,OTC
B10657,SUNIZINE TAB 10MG 10'S ,OTC
A14303,VIGILENZ CATGUT PLAIN USP 3/0 12'S,OTC
A14282,RICE PUFF DURIAN & CORN 50G,BABY & MOM
A14285,COLGATE TRAVEL KIT,PERSONAL CARE
A14287,DISCONTINUE,OTC
A14288,LIPOSOMAL VITAMIN C 50GM PINEAPPLE,OTC
A14293,TOOTHIE-POP WITH  XYLITOL,CONSIGNMENT
A14294,~MY NATURAL FACE WASH 60ML,CONSIGNMENT DR HANISAH
A14290,KHALIFAH DEBU TAYAMMUM,OTC
A14297,3M CAVILON DURABLE BARRIERI CREAM 92G,WOUND & SURGICAL
A14298,3M CAVILON DURABLE BARRIERI CREAM 28G,WOUND & SURGICAL
B10646,TELSWIFT 40MG 7'S,POISON
B10647,CLAMOVID 625MG 5S,POISON
A14257,DISCONTINUED,CONSIGNMENT
A14258,~ORGANIC CHIA SEEDS 50G,CONSIGNMENT DR HANISAH
B10648,DIOVAN 80MG 14S,POISON
B10649,DIOVAN 160MG 14S,POISON
A14268,HS HAIR & SCALP SOLUTION 50ML,CONSIGNMENT
B10650,APO ATORVASTATIN 40MG 10S,POISON
A14271,DISCONTINUED,CONSIGNMENT
A14272,13986 ALTERNA FREE 2PC OPAQUE 60MM 15S,REHAB & SUPPORT
A14275,~WELLNESS NMN 500MG PLUS 1S,CONSIGNMENT
A14276,~SKIN BALM 15ML,CONSIGNMENT DR HANISAH
B10653,ORION HYDROCORTISONE 10MG TAB 100'S,POISON
A14279,~HACKS CANDY 1S,CONSIGNMENT DR HANISAH
A14278,DISCONTINUED,SUPPLEMENT
A14280,COTTON BUD 160'S,OTC
A14202,TISSEEL 4ML,OTC
A14199,~AZOMIS SKINCARE RAPID ACTION ACNE GEL 10ML,OTC
A14208,DISCONTINUE,CONSIGNMENT
A14211,DHERBS GEL MANDIAN 7 BUNGA 500ML,PERSONAL CARE
A14179,HIMALAYA SKIN WELLNESS 60'S,OTC
A14184,~NISSA'' MENSTWELL 60'S,OTC
A14185,BED MATTRESS PVC/FABRIC,CONSIGNMENT
A14186,SACCRANTA SACCHAROMYCES CAPSULE 250MG 1S,OTC
A14192,SYN-E FRUIT BEVERAGE 200ML,FOOD & BEVERAGES
A14193,ORALITE ORANGE ORS 1'S,OTC
A14194,ORAL-B TOOTHBRUSH EASY CLEAN (SOFT),OTC
A14195,PHYBER UP 20G 1'S,OTC
A14188,LP 653 SUPPORT LONG FINGER BANG ELASTIC ,CONSIGNMENT
B10639,ZANIDIP 10MG 14'S,POISON
A14189,RINSCAP CIPA CHLORHEXIDINE 2% + IPA 70% 50ML,WOUND & SURGICAL
B10640,DISCOUNTINUE,POISON
A14190,~TAMANU MOISTURISER 15 GM,CONSIGNMENT DR HANISAH
B10641,CONTROLOC TABLET 20MG 14'S,POISON
B10642,BACTOPIC 5GM,POISON
B10643,DYSOLVON TABLET DYNAPHARM,POISON
A14217,MARIGOLD YOGURT STRAWBERRY 200G,FOOD & BEVERAGES
A14218,MARIGOLD YOGURT MIXED BERRY 200G,FOOD & BEVERAGES
A14219,SURYA RTD APPLE CIDER VINEGER 150ML,FOOD & BEVERAGES
A14220,SURYA RTD POMEGRANATE CIDER VINEGER 150ML,FOOD & BEVERAGES
A14221,SURYA RTD GUAVA CIDER VINEGER 150ML,FOOD & BEVERAGES
A14222,MEDERMA ADVANCED SCAR GEL 10G,OTC
A14223,GK BIO LIGNO PLUS 1'S,OTC
A14224,RAED MANDIAN CACING,OTC
A14225,DHERBS BIDARA SHOWER GEL 500ML,PERSONAL CARE
A14226,~ AL-ARD FIRST HARVEST LIMITED EDITION PREMIUM ORGANIC EXTRA VIRGIN OLIVE OIL 250ML,CONSIGNMENT DR HANISAH
A14227,~AL-ARD  PREMIUM ORGANIC EXTRA VIRGIN OLIVE OIL 250ML,CONSIGNMENT DR HANISAH
A14228,~ AL-ARD ORGANIC EXTRA VIRGIN OLIVE OIL 500ML,CONSIGNMENT DR HANISAH
A14229,~ AL-ARD PALESTINIAN SUMAC 120G,CONSIGNMENT DR HANISAH
A14212,VITAGEN 125ML ASSORTED,FOOD & BEVERAGES
A14213,PEEL FRESH ORANGE 300ML,FOOD & BEVERAGES
A14214,PEEL FRESH MIXED APPLE ALOE VERA 300ML,FOOD & BEVERAGES
A14215,PEEL FRESH TROPICAL MANGO 300ML,FOOD & BEVERAGES
A14232,BABY FUSILLI 300G,BABY & MOM
A14233,DISCONTINUE,BABY & MOM
A14234,BABY SHELL 300G,BABY & MOM
000018,DISCONTINUE,OTC
A14242,CREAMY CREAM SOUP 80G,BABY & MOM
A14243,CREAMY MUSHROOM SOUP 70G,BABY & MOM
A14244,CREAMY TOMATO SOUP 80G,BABY & MOM
A14245,CHICKEN BROTH 50G,BABY & MOM
A14246,FISH BROTH 50G,BABY & MOM
A14247,VEGGIE BROTH 50G,BABY & MOM
A14237,DISCONTINUE,BABY & MOM
A14249,RICE PUFF STRAWBERRY & ACAI BERRY 50G,BABY & MOM
A14250,RICE PUFF BLUEBERRY & PURPLE SWEET 50G,BABY & MOM
A14252,APPLE BITES 10G,OTC
A13722,~REFINED AVOCADO OIL 100ML,CONSIGNMENT DR HANISAH
A13735,DISCONTINUE,OTC
A13736,DISCONTINUED,PERSONAL CARE
A13737,STERIMAR STOP & PROTECT ALLERGY RESPONSE 20ML,OTC
B10570,ILIADIN DECONGESTANT NASAL DROPS 0.025% 10ML (CHILD 1-6Y),POISON
A13729,DISCONTINUED,OTC
B10572,CALCIGARD RETARD 20MG 10'S,POISON
A13745,YARRA CHOCOLATE MILK 200ML,FOOD & BEVERAGES
B10576,HOVID HOSOLVON DM ELIXIR 120ML,POISON
A13746,NU-PREP WANITA 50MG (PHYSTA EXTRAC TONGKAT ALI) 30'S,OTC
B10577,XETEC SYP 60ML,POISON
B10578,LIPANTHYL PENTA 145MG,POISON
B10579,NOOTROPIL 1200MG 20'S,POISON
A13748,SIMPLE MICELLAR WATER KIND TO SKIN 400ML,OTC
A13733,BERGAMOT NITRILE GLOVES (L) BLACK 100'S,OTC
A13739,REMDII COOLING SNOW CREAM 30G,OTC
A13741,DISCONTINUE,WOUND & SURGICAL
B10571,GLUCOPHAGE XR 1000MG STRIP 10'S,POISON
B10575,DUOPHARMA EZENOL 160MG STRIP 10'S,POISON
A13742,ACTIMOL 250MG/5ML 60ML SUSP ORANGE,OTC
A13756,46769 ALTERNA CONVEX BASEPLATE 60MM 5'S,WOUND & SURGICAL
B10581,CAFERGOT 20'S,POISON
A13758,SALONPAS RELIEF PAIN 5'S 7CM*10CM,OTC
A13759,AVAMOL SUSP 250MG/5ML 100ML,OTC
A13760,AVELAC/NOPHALAC SOLUTION 100ML,OTC
B10582,MONTELUKAST CHEWABLE TAB 4MG,POISON
A13764,DISCONTINUE,OTC
B10583,TEGRETOL CR 400MG 200'S,POISON
B10586,OXACIL 250MG 10'S,POISON
B10584,TEGRETOL CR 200MG 200'S,POISON
A13769,PUREEN COTTON BUD 200TIPS POLYBAG,OTC
B10587,ACUGESIC INJ 50MG/ML 10'S(1ML),POISON
B10588,GASTRIL INJ 50MG/2ML 10'S(1ML),POISON
B10589,LARTRIL INJ 12.5MG/ML 10'S(1ML),POISON
B10590,DISCONTINUE,POISON
B10591,COUGH-EN RX LINCTUS 120ML,POISON
A13771,ENZYME COMPLEX PW 5G 10'S,OTC
A13680,PROGESIC PARACETAMOL 250MG SUSPENSION 100ML,OTC
A13684,WOODS PEPPERMINT LOZ - SUGAR FREE ORIGINAL 6'S,FOOD & BEVERAGES
A13685,WOODS PEPPERMINT LOZ - SUGAR FREE LEMON 6'S,FOOD & BEVERAGES
A13686,DISCOUNTINUE,OTC
A13687,DYMIND SALIVA COVID TEST KIT,OTC
A13690,SUPER SAFE LATEX GLOVE POWDERED (L) 10'S,OTC
A13695,DISCONTINUE,OTC
A13696,BERGAMOT LATEX PW FREE (M)100'S,REHAB & SUPPORT
A13697,SLEEP TITE BED BUG REPELLENT LOTION 100ML,OTC
A13681,LINKUS CHERRY LOZENGES 8'S,FOOD & BEVERAGES
A13666,PSLOVE KNEE HEAT 2'S,OTC
A13667,KOOLFEVER SPRAY 100ML,OTC
A13668,ARFEN SUPPOSITORY 250MG 1'S,OTC
A13669,PROTEMP PARACETAMOL SUPP 325MG 6'S,OTC
A13671,FISHERMAN MINT 11G 10'S ( GREEN ),FOOD & BEVERAGES
A13672,DISCONTINUE,PERSONAL CARE
A13675,DISCONTINUE,OTC
A13674,DISCONTINUED,OTC
A13673,FITBAR TIRAMISU DELIGHT 22G,OTC
A13676,LP KNEE SUPPORT (L),REHAB & SUPPORT
A13677,LP KNEE SUPPORT (XL),REHAB & SUPPORT
A13678,DISCONTINUE,CONSIGNMENT
B10557,DIFFLAM-C SOLUTION 100ML,POISON
A13679,DISCONTINUE,OTC
B10558,CLOZOLE CREAM 15G,POISON
B10559,SCABITONE EMULSION 120ML,OTC
A13709,DISCONTINUED,OTC
A13719,NICOME HEAVY DUTY AAA BATTERY 4'S,OTC
B10567,CALIBERI 5MG 1'S,POISON
A13713,SUU BALM STARTER KIT 2X45ML,BABY & MOM
A13714,KLEENEX FT VINTAGE SOFT 2PLY 50'S,OTC
A13724,~PURE HAZELNUT OIL 100ML,CONSIGNMENT DR HANISAH
A13725,~PURE ALOE VERA OIL 50ML,CONSIGNMENT DR HANISAH
A13726,~ESTROFEMME PLUS 20'S,CONSIGNMENT
B10568,RECORMON 2000IU/0.3ML 1'S,POISON
A13727,DISCONTINUED,OTC
B10569,RANBAXY FLUHALT 75MG 1'S,POISON
PI0007,DISCONT,CONSIGNMENT
A13711,DISCONTINUED,OTC
A13712,DISCONTINUE,OTC
A13694,AXCEL PAPAIN 10'S,OTC
B10564,OLMETEC 20MG,POISON
B10565,SEROQUEL QUETIAPINE 25MG,POISON
A13708,DISCONTINUE,MEDICAL DEVICE & SUPPLY
A13699,HIGH ELASTIC BANDAGE 15CMX4.5M,REHAB & SUPPORT
B10561,NAXPAR DIPHENHYDRAMINE SYRUP 90ML,POISON
A13700,DISCONTINUE,OTC
B10563,AXCEL OXYMETAZOLINE 0.025% 10ML,POISON
A13701,C+ FACE & BODY WASH 400ML (HYDRATE AND SOOTH),OTC
A13702,C+ FACE & BODY WASH 400ML (CLEANSE AND REPAIR),PERSONAL CARE
A13703,DISCONTINUE,OTC
A13704,DISCONTINUE,OTC
A13705,DISCONTINUE,OTC
A13706,DISCONTINUE,OTC
A13539,DISCOUNTINUE,OTC
A13525,ROHTO DRY AID EYE DROPS 13ML,OTC
A13526,DISCONTINUED,OTC
A13527,ROMA WAFELLO ITALIAN BITES BUTTER CARAMEL 10S,FOOD & BEVERAGES
A13536,DISCONTINUE,OTC
A13537,DISCONTINUE,OTC
A13523,DISCONTINUE,OTC
A13529,EASYSURE TOTAL CHOLESTEROL TEST STRIP 1'S,MEDICAL DEVICE & SUPPLY
A13530,GLUCONAVII GLUCOSE TEST STRIP 1'S,MEDICAL DEVICE & SUPPLY
A13524,DISCONTINUE,OTC
A13550,DISCONTINUE,OTC
A13551,DISCONTINUE,OTC
A13552,DISCONTINUE,OTC
A13553,COSMOPAS MEDICATED PLASTER 10'S,OTC
A13554,DISCONTINUE,OTC
A13555,DISCONTINUED,OTC
A13556,BETADINE FEMININE WASH LEMON VERBENA FRESH &amp; ACTIVE 100ML,OTC
A13557,DISCONTINUE,OTC
B10531,STREPSILS MAX PRO LOZENGE 8'S,OTC
A13558,DETTOL LIQUID 500ML,OTC
B10532,CETRIZET D 5MG/120MG 10'S,POISON
A13542,PAN MATE DISPOSABLE PANTIES (L) 6'S,OTC
A13543,PAN MATE DISPOSABLE PANTIES (M) 6'S,OTC
A13544,PAN MATE DISPOSABLE PANTIES (XL) 6'S,OTC
A13549,*NEUTROVIS 3PLY SKY BLUE 10'S,OTC
A13545,DISCONTINUE,OTC
A13578,VSOY MULTIGRAIN SOYA BEAN MILK 200ML,FOOD & BEVERAGES
A13450,DISCONTINUED,FOOD & BEVERAGES
A13580,DISCONTINUE,OTC
A13581,DISCONTINUED,OTC
A13561,DISCOUNTINUE,OTC
A13562,DISCONTINUE,OTC
A13567,DISCONTINUE,OTC
A13570,NIVEA DEO ROLL EXTRA BRIGHTENING 50ML,PERSONAL CARE
A13572,NIVEA DEO ROLL DEEP SERUM WITH SAKURA 50ML,PERSONAL CARE
A13574,DISCONTINUE,OTC
A13575,DISCOUNTINUE,OTC
A13576,DISCONTINUE,OTC
A13582,MILO KOTAK 200ML,OTC
A13583,100PLUS ORIGINAL 325ML,OTC
A13584,DRINHO SOYA BEAN MILK 250ML,OTC
B10534,AVODART 0.5MG 30'S,POISON
A13586,~SPRAY BOTTLE 25ML-30ML,CONSIGNMENT DR HANISAH
A13585,~EMPTY BOTTLE,CONSIGNMENT DR HANISAH
A13587,DISCONTINUE,PERSONAL CARE
B10533,WINDEX SYP. 120ML,POISON
B10535,AXCEL ACYLOVIR CREAM 5GM,POISON
A13588,POLYMEM NON ADHESIVE PAD 10CMX10CM,OTC
A13591,DISCONTINUE,OTC
A13592,DISCONTINUED,FOOD & BEVERAGES
A13593,DISCONTINUED,FOOD & BEVERAGES
A13594,DISCONTINUED,FOOD & BEVERAGES
B10537,ANTAMIN 4MG TAB 10'S,POISON
A13595,DISCONTINUE,OTC
A13597,OB PROCOMFORT TAMPONS SUPER 32'S,PERSONAL CARE
B10538,CCM CHLORAMINE 2.5MG/5ML SYP 90ML,POISON
B10539,DCM EXPECTORANT SYP 120ML,POISON
B10540,STROKAN FC 250MG 10'S,POISON
B10551,SERETIDE 50/500MCG ACCUHALER,POISON
B10552,TORLEVA 500MG 100'S,SERVICE
A13638,DISCONTINUE,OTC
A13640,BIOTTA MOUNTAIN CRANBERRY PLUS 500ML,OTC
A13641,IZZLY PANCAKE STRAWBERRY 200G,OTC
A13642,IZZLY PANCAKE BEETROOT & BROWN RICE 200G,OTC
A13643,IZZLY PANCAKE DARK COCA & HONEY 200G,OTC
A13644,IZZLY PANCAKE PANDAN & SOYA BEAN 200G,BABY & MOM
A13646,DISCONTINUE,OTC
A13631,DISCONTINUE,OTC
A13633,VISMED 0.18% 0.3ML 20'S,OTC
A13634,AFRICAN SEA COCONUT DROPS CANDY EXTRA STRONG ( WHITE PACK ),FOOD & BEVERAGES
B10550,HOVID AMOXIGRAN GRANULES 125MG/5ML,POISON
A13637,ZEMVELO SACHA INCHI OIL 120'S,OTC
B10556,STREPSILS MAX PLUS LOZENGES 8'S,POISON
A13650,~AIDEEL SACHA INCHI OIL SOFTGEL 30'S,CONSIGNMENT
A13651,~INCA PRO SHAKE BLUEBERRY,OTC
A13652,~INCA PRO SHAKE VANILLA,OTC
A13653,E-PLUS TONGKAT ALI 60'S,OTC
A13654,E-PLUS KACIP FATIMAH 60'S,OTC
A13655,E-PLUS PUERICA MIRIFICA,OTC
A13657,KOTEX SS MAXI 24CM NONWING 10'S,PERSONAL CARE
A13658,KOTEX SS MAXI 24CM NONWING 20'S,PERSONAL CARE
A13659,~ KOTEX SS MAXI 24CM NONWING 3X20'S,CONSIGNMENT DR HANISAH
A13660,DISCONTINUE,PERSONAL CARE
A13661,KOTEX SS MAXI WING 24CM 3X16'S,PERSONAL CARE
B10555,AZOREN 20MG/5MG 30'S,POISON
A13663,PSLOVE MENSTRU HEAT 2'S,OTC
A13664,PSLOVE NECK HEAT 2'S,OTC
A13603,~FUTURE FOOD MAGNESIUM CHLORIDE FLAKES 500G,CONSIGNMENT DR HANISAH
A13599,DISCONTINUE,OTC
B10541,SUNIZINE SYRUP 60ML,POISON
B10542,ZYNOMAX POWDER ORAL SUSPENSION,POISON
B10543,DISCONTINUE,POISON
A13600,~EMPTY PILL BOTTLE 1/2 OZ,CONSIGNMENT DR HANISAH
A13601,DISCOUNTINUE,OTC
A13608,10PCS TRAVEL SET,OTC
A13609,BEIYIN 7PCS TRAVEL SET,OTC
A13611,INNOMED TWIST LANCETS 30-G 50S,MEDICAL DEVICE & SUPPLY
A13612,DISCONTINUED,CONSIGNMENT
A13613,~10% DILUTED TEA TREE BLEND,CONSIGNMENT DR HANISAH
A13618,DISCONTINUE,OTC
A13619,DISCONTINUE,OTC
A13620,CAMSTERILE NITRILE GLOVE (S) 10'S,REHAB & SUPPORT
A13621,SENSODYNE COMPLETE PROTECTION +,OTC
A13622,EASYFLOW INFUSOR 100ML-2.5ML/HR 1'S,OTC
A13623,DISCONTINUE,OTC
A13624,LIFEBUOY BODY WASH MULTIVITAMIN TOTAL 10 950ML,PERSONAL CARE
A13627,LP WRIST/THUMB SUPPORT S,REHAB & SUPPORT
A13628,LP WRIST/THUMB SUPPORT M,OTC
B10545,DICODONE TABLET 10S,POISON
B10546,PHARMANIAGA ASPIRA 4MG SACHET 1'S,POISON
B10547,OTRIVIN 0.1% NASAL SPRAY,POISON
A13268,DISCONTINUE,OTC
A13280,NOVA CRANUT-EASE TAB 10S,SUPPLEMENT NOVA
A13281,JOHNSON'S BABY LOTION 200ML,OTC
A13267,AL-MADINAH ORGANIC BLACK SEED & OLIVE OIL 100ML,OTC
A13274,DOVE BODY WASH CARE & PROTECT ANTIBACTERIAL 1L,PERSONAL CARE
A13275,DOVE BODY WASH GENTLE EXFOLIATING NOURISHING 1L,PERSONAL CARE
A13276,DISCONTINUE,OTC
A13277,DOVE BODY WASH BEAUTY NOURISHING 1L,PERSONAL CARE
A13279,DISCONTINUE,OTC
A13278,DISCONTINUE,OTC
A13272,DISCOUNTINUE,OTC
A13273,ELEFBEBE VENT ACCESSORIES,BABY & MOM
A13271,OMRON HEM-7156 AUTOMATIC BLOOD PRESSURE,MEDICAL DEVICE & SUPPLY
B10484,ROVASTIN 10MG STRIP 14'S,POISON
B10487,DYNAPHARM DEXCHLORMINE SYRUP 60ML,POISON
B10488,PNG DEXTROMETHORPHAN SYRUP 120ML,POISON
A13286,YUKAZAN CHILDREN FLU RELIEF NOSE PATCH 6S,OTC
A13288,DISCONTINUE,REHAB & SUPPORT
A13296,DISCONTINUE,OTC
A13297,DISCONTINUE,OTC
A13298,PRODENTAL B BREATH SPRAY 20ML VALUE PACK,OTC
A13299,DISCONTINUE,OTC
A13300,DISCONTINUED,PERSONAL CARE
B10490,DISCONTINUE,POISON
B10491,REXOM BROMHEXINE ELIXIR 4MG/5ML,POISON
B10492,AXCEL FLEMIN EXPECTORANT 90ML,POISON
A13302,DISCONTINUE,OTC
A13303,DISCONTINUE,OTC
A13304,ROHTO EXTRA COOL EYE DROPS 13ML,OTC
A13305,ROHTO COOL EYE DROPS 13ML,OTC
A13306,ROHTO AQUA EYE DROPS 13ML,OTC
A13307,DISCONTINUE,OTC
B10493,COVERSYL 10MG BOX 30S,POISON
A13308,DISCONTINUE,OTC
A13309,IFIMOL TABLET 500MG,OTC
A13310,DISCONTINUE,OTC
A13311,DISCONTINUE,OTC
A13317,DISCONTINUE,OTC
A13318,OTIBLOCK EAR SPRAY 45ML,OTC
A13319,ALZENTAL TABLET 400MG,OTC
A13320,BIOCARE LIQUID CHLOROPHYLL 500ML,OTC
A13321,ECOTAR CLEANSING BAR 100G,PERSONAL CARE
A13323,DISCONTINUED,OTC
A13322,DISCONTINUED,OTC
A13315,DISCONTINUE,OTC
A13325,SAMBUCOL CAPSULE STRIP 12'S,OTC
B10494,TAMIFLU 75MG BOX 10'S,POISON
B10495,FLUHALT 75MG BOX 10'S,POISON
B10496,JARDIANCE DUO 12.5/850MG 10'S,POISON
A13326,DISCONTINUE,OTC
A13349,~ CARTIOLITE (RED YEAST + Q10) 30S,OTC
A13352,DISCONTINUE,OTC
A13354,DISCOUNTINUE,OTC
A13355,DISCOUNTINUE,OTC
A13357,BABY GARLIC BALM PLUS BIDARA 30G,BABY & MOM
A13333,*ZERO DEGREE 4PLY HL ROSE GOLD 10'S,MEDICAL DEVICE & SUPPLY
A13334,HURIX'S SERBUK UBAT HERBA UNTUK KULIT 8GM,OTC
A13342,ECOLITE BIRD'S NEST (70ML*6'S),SUPPLEMENT
A13343,ECOLITE COLLAGEN BIRD'S NEST  DRINK WITH LONGAN 250ML,FOOD & BEVERAGES
A13344,ECOLITE COLLAGEN BIRD'S NEST DRINK 250ML,FOOD & BEVERAGES
A13345,ECOLITE COLLAGEN BIRD'S NEST DRINK WITH RED DATE &amp; WOLFBERRY 250ML,FOOD & BEVERAGES
B10498,TAMIFLU SYRUP 15MG/ML 10 CAPSULES 50ML,POISON
B10499,NATFLU SYRUP 15MG/ML 5 CAPSULES 25ML,POISON
B10500,NATFLU SYRUP 15MG/ML 10 CAPSULES 50ML,POISON
A13328,SHAFIQAH ITEM (DP HEALTHCLICK),CONSIGNMENT
A13329,SHARE BARANG WITH OTHER PHARMACY,CONSIGNMENT
A13327,SUNPLAY SPORT-STRENGTH SPF120 35G,OTC
A13330,BIOTTA ELDERBERRY 500ML,OTC
B10501,DEXALONE 0.75MG STRIPS 10'S,POISON
B10502,DISCONTINUE,POISON
B10503,TELEACT 80MG 10'S,POISON
A13335,DISCONTINUE,OTC
A13336,~ URAFIRIN 450MG 30S,CONSIGNMENT
A13337,DISCONTINUE,OTC
A13338,DISCOUNTINUE,OTC
A13339,DISCONTINUE,OTC
A13382,NEXCARE NEON BANDAGES 9'S,OTC
A13385,DISCONTINUE,OTC
A13358,*UPHAMOL 1000MG COLD&FLU HONEY LEMON 5G PACKS 1'S,OTC
A13387,DISCONTINUE,OTC
A13368,DISCONTINUE,PERSONAL CARE
A13360,DISCONTINUED,OTC
A13383,~ AL-ARD ORGANIC EXTRA VIRGIN OLIVE OIL 250ML,CONSIGNMENT DR HANISAH
A13384,~ AL-ARD ZAATAR 100GM,CONSIGNMENT DR HANISAH
B10505,HOVID VIREST 400MG 5'S,POISON
A13341,DISCONTINUE,OTC
A13370,DISCONTINUE,OTC
A13371,DISCOUNTINUE,PERSONAL CARE
A13372,DISCONTINUE,OTC
A13373,KOTEX TP OVERNIGHT WING 28CM 7'S,PERSONAL CARE
A13374,DISCONTINUE,PERSONAL CARE
A13375,KOTEX TP OVERNIGHT WING 28CM 28'S,PERSONAL CARE
A13376,NEXCARE ACNE PATCH 7'S,OTC
A13377,NEXCARE ACNE PATCH 30'S THINNER,OTC
A13378,NEXCARE ACNE PATCH 36'S,OTC
B10516,NOVARTIS CATAFLAM 50MG 10'S,POISON
A13445,DISCONTINUED,OTC
A13431,URINE NARCOTIC TEST 6 IN 1  WITH CONTAINER,OTC
B10513,STREPSILS MAX PRO DIRECT SPRAY 15ML,POISON
A13432,SLEEP TITE BED BUG & DUST MITE CONTROL SPRAY (CITRUS) 500ML,OTC
B10514,ZMOX AMOXYCILLIN 250MG/5ML,POISON
A13434,SHIFA HERBS SABUN BIDARA 50G,PERSONAL CARE
A13435,DISCONTINUE,OTC
A13436,~MADU QUAD TUALANG HONEY EMAS 430G,CONSIGNMENT
A13437,ABBOTT ENSURE ALMOND 400G,SUPPLEMENT
A13438,EZY DOSE PILL PLANNER WEEKLY (M),OTC
A13451,DISCONTINUE,SUPPLEMENT TLS
A13452,TLS ESTABEN ESTA FIRM 125ML,SUPPLEMENT TLS
A13453,DISCONTINUED,SUPPLEMENT TLS
A13461,DISCONTINUED,OTC
A13462,DISCONTINUED,OTC
A13463,DISCONTINUE,OTC
A13441,DISCONTINUE,OTC
A13454,DISCONTINUE,OTC
B10519,DISCONTINUE,POISON
A13455,RIBENA PASTIL 10G,FOOD & BEVERAGES
A13456,POLO CANDY 24G,OTC
A13457,VANTELIN WRIST SUPPORT L,REHAB & SUPPORT
A13458,BIOGREEN RAW HONEY 220G,FOOD & BEVERAGES
A13459,DISCONTINUE,OTC
A13407,~3 IN 1 BODY WASH LIQUID SOAP BASE 500G,CONSIGNMENT DR HANISAH
A13423,DISCONTINUE,OTC
A13426,DISCOUNTINUE,OTC
A13427,DISCONTINUE,OTC
A13428,DISCONTINUE,OTC
A13429,DISCONTINUE,OTC
B10512,AZITHROMYCIN SYRUP (COMPOUNDED) 200MG/5ML,POISON
A13415,DISCONTINUE,OTC
A13409,DISCONTINUE,OTC
A13410,FORA 6 PLUS MULTI-FUNCTIONAL MONITORING METER 15197:2015,MEDICAL DEVICE & SUPPLY
A13411,FORA LANCETS 30G 1S,MEDICAL DEVICE & SUPPLY
A13412,DISCONTINUE,OTC
A13413,DISCONTINUE,OTC
A13414,DISCONTINUE,OTC
A13418,DISCONTINUED,OTC
A13419,NIVEA EXTRA WHITE VIT C&E BODY LOTION 180ML  (OREN),OTC
A13420,DISCONTINUE,OTC
A13395,DISCONTINUE,OTC
A13396,IZZLY SERBUK BROKOLI 80G,OTC
A13398,DISCONTINUE,OTC
A13403,DIAPERS DRYPERS CLASSIC (TAPE) XXL 40'S,PERSONAL CARE
B10509,SUNWARD RHYNACOL F SYRUP 90ML,POISON
B10510,SUNWARD SUNADINE SYRUP 120ML,POISON
A13397,DARLIE DOUBLE MINT MOUTH SPRAY 8ML,PERSONAL CARE
A13405,DISCOUNTINUE,OTC
A13507,"~ESSENTIAL TRAVEL OILS (LAVENDER, PEPPERMINT, TEA TREE) 3ML",CONSIGNMENT DR HANISAH
A13510,MH FOOD NUTRITIONAL YEAST 100GM,OTC
A13511,DISCONTINUED,OTC
A13513,DISCONTINUED,OTC
A13521,PAN MATE COTTON BALLS 100'S,OTC
A13516,MUCOSTOP ACETYLCYSTEINE 600MG PACK 2'S,OTC
A13517,DURASAFE TONGUE DEPRESSOR 10'S,REHAB & SUPPORT
A13518,DUOPHARMA V-LIEF COUGH SYRUP 100ML,OTC
B10527,*SINGULAIR (MONTELUKAST) 10MG 7'S,POISON
B10528,AZ SYMBICORT TURBUHALER 60 DOSES,POISON
A13522,PAN MATE FACIAL COTTON 160'S (SQUARE),WOUND & SURGICAL
B10529,AXCEL SALBUTAMOL 2MG/5ML 100ML,POISON
V10004-BOX,DISCONTINUE,OTC
V10005-SAC,DISCONTINUE,OTC
B10526,AXCEL BROMHEXINE 8MG 10'S,POISON
A13493,DISCONTINUE,OTC
A13494,DISCONTINUE,OTC
A13495,DISCONTINUE,OTC
A13497,~PURE SWEET ALMOND OIL 100ML,CONSIGNMENT DR HANISAH
A13498,~UNREFINED AVOCADO OIL 10ML,CONSIGNMENT DR HANISAH
A13499,~PURE AUSTRALIA MACADAMIA NUT OIL 100ML,CONSIGNMENT DR HANISAH
A13500,~ PURE CASTOR OIL 100G,CONSIGNMENT DR HANISAH
A13501,~PURE ROSEHIP OIL 10ML,CONSIGNMENT DR HANISAH
A13502,~PURE ARGAN OIL 10ML,CONSIGNMENT DR HANISAH
A13503,~PURE EVENING PRIMROSE OIL 10ML,CONSIGNMENT DR HANISAH
A13504,~PURE TAMANU OIL 10ML,CONSIGNMENT DR HANISAH
A13505,PURE SEA BUCKTHORN OIL 10ML,OTC
A13506,~PURE JOJOBA OIL 10ML,CONSIGNMENT DR HANISAH
A13447,DISCONTINUE,OTC
A13448,DISCONTINUE,OTC
A13465,DISCONTINUE,OTC
B10520,AXCEL GLIMEPIRIDE 2MG 7'S,POISON
A13466,BRANDS ESSENCE OF CHICKEN + CORDYCEPS 70G 1'S,OTC
A13467,DISCONTINUE,OTC
000009,variance enchanteur,CONSIGNMENT
A13471,BRANDS ESSENCE OF CHICKEN + AMERICAN GINSENG 70G,OTC
A13472,DISCONTINUED,OTC
A13469,BREACOL SYP CHILDREN 50MG 60ML,OTC
B10522,PHARMANIAGA DIPHENHYDRAMINE EXPECTORANT 120ML,POISON
B10523,DISCONTINUE,POISON
B10524,YSP SALBUTAMOL 60ML,POISON
A13473,DISCONTINUED,OTC
A13474,NIVEA EXTRA WHITE C&A LOTION 320ML (CHERRY),OTC
A13475,DISCONTINUE,OTC
A13477,DISCOUNTINUE,OTC
A13478,TLS CENTIFORTE DUSTING POWDER 30G,SUPPLEMENT TLS
A13479,DISCONTINUE,SUPPLEMENT TLS
A13481,HEALTHY NATION VITA WELL 25G 1'S,SUPPLEMENT TLS
A13485,DISCONTINUE,CONSIGNMENT
A13486,DISCONTINUE,CONSIGNMENT
A13487,DISCONTINUE,OTC
A13488,DISCONTINUE,OTC
A13489,DISCONTINUE,OTC
A13490,DISCONTINUE,CONSIGNMENT
A13491,DISCONTINUE,OTC
A14737,THYROID TEST ,CONSIGNMENT
B10754,COMPOUNDED NIFEDIPINE 25G,POISON
A14740,HURIX'S REGAN QING SYRUP 100ML,OTC
A14741,HURIX PREMIUM SOOTHING LOTION 80ML,BABY & MOM
A14745,SUPPLEMENT-D DIABETES POWDER (VANILLA) 400G,CONSIGNMENT
A14746,PEOPLE'S FARM TEH HERBA MORINGA 15S,FOOD & BEVERAGES
B10756,DISCONTINUE,POISON
A14755,NOVA SP8 ACNE SPOT GEL 30ML,SUPPLEMENT NOVA
A14756,LITTLE NUUR RTE SHEPHERD PIE (WESTERN POTATO) 80G,BABY & MOM
A14758,~PERFUME BLACKOUT/JUSTICA/MUKHALLAT 10ML,CONSIGNMENT DR HANISAH
A14762,YUWELL BLOOD PRESSURE YE670D (VOICE BROADCAST),MEDICAL DEVICE & SUPPLY
A14748,~CANDLENUT OIL 10ML,CONSIGNMENT DR HANISAH
A14749,~HAIR GROWTH HERBAL BLEND 30ML,CONSIGNMENT DR HANISAH
B10757,MICO CREAM MICONAZOLE 15G,POISON
A14751,~KASIH66 SERBUK HALIA MADU ,CONSIGNMENT
A14752,ANTI-MULLERIAN HORMONE (AMH),CONSIGNMENT
A14753,STRATAXRT GEL 50G ,REHAB & SUPPORT
A14771,NOVA ACTIVMAX HI-CALCIUM VANILA 900G,SUPPLEMENT NOVA
B10761,LOFRAL 10MG 10S,POISON
A14772,LISTER BANDAGE SCISSORS,REHAB & SUPPORT
A14773,OPERATING SCISSORS SHARP/SHARP,REHAB & SUPPORT
A14764,~NATURAL MOISTURE MASK PACK 22ML,PERSONAL CARE
A14767,BESDERM GEL 20G,PERSONAL CARE
A14768,VITAMODE MECOBIN PLUS ALA GOLD TAB 10S,OTC
A14779,OSTINOL 150MG 10S,OTC
A14780,FRANCH HERBAL HAIR OIL (COCONUT)  200ML,PERSONAL CARE
A14770,HERBION CILAVIT VIT D 60S,OTC
A14783,FRANCH HERBAL HAIR OIL (AMLA)  200ML,PERSONAL CARE
A14789,FRANCH SHOWER CREME ( NATURE'S GIFT )800ML,PERSONAL CARE
A14724,ACTIVMAX HARVARD DIET (VANILLA) 2X350G,SUPPLEMENT NOVA
A14736,HUGGING SUPER POWER SUGAR FREE LOLIPOP FOR KIDS 49G 1S,FOOD & BEVERAGES
A14725,~BIO-MC FABRIC SPRAY (FREESIA PEAR ORCHARD) 250ML,PERSONAL CARE
A14699,CANCER SCREENING ( MALE ),CONSIGNMENT
B10750,APO-WARFARIN 1MG 1S ,POISON
B10752,FLUHALT 60MG/5ML SYRUP 100ML,POISON
A14720,~UFC COCONUT WATER 500ML,FOOD & BEVERAGES
A14721,NUTELLA BISCUIT 13.8G,FOOD & BEVERAGES
A14706,ECLIPSE PLUS MINTS 30G (HONEY LEMON),FOOD & BEVERAGES
A14707,ECLIPSE PLUS MINTS 30G (LOQUAT PEAR),FOOD & BEVERAGES
B10748,CIATUFF 20MG 4'S,POISON
A14697,R. B. TONE SYRUP 200ML,OTC
A14712,VASELINE BODY LOTION UV EXTRA BRIGHTENING 120ML,PERSONAL CARE
A14713,VASELINE HAND & NAILS CREAM 85ML ,PERSONAL CARE
A14714,VASELINE BODY LOTION PERFECT YOUTH 100ML,PERSONAL CARE
A14715,VASELINE EXPERT CARE SENSITIVE SKIN RESCUE THERAPY CREAM 100ML,PERSONAL CARE
A14716,VASELINE GLUTHA-HYA SERUM ( FLAWLESS BRIGHT ) 70ML,PERSONAL CARE
A14717,VASELINE GLUTHA-HYA SERUM ( DEWY RADIANCE ) 70ML,PERSONAL CARE
A14718,VASELINE GLUTHA-HYA SERUM ( OVERNIGHT RADIANCE REPAIR ) 70ML,PERSONAL CARE
A14719,M&M'S MILK CHOCOLATE 37G,FOOD & BEVERAGES
A14708,HOEMAL ORAL SUSPENSION PCM 250MG/5ML 90ML,OTC
B10740,TORPEZIL TABLET 5MG 10S,POISON
A14671,~ CB SALVE 10G,CONSIGNMENT DR HANISAH
B10741,PRETENOL C  50 TAB 10S,POISON
A14668,MORINGA OLEIFERA 200MG 10S,SUPPLEMENT
A14678,COLOURING CONTEST ,CONSIGNMENT
A14679,DISCONTINUE,BABY & MOM
B10742,JANUMET 50MG/500MG 7S,POISON
A14675,NOVA GINKGO 40MG 10S,SUPPLEMENT NOVA
B10743,ACCENTRIX VIAL 10MG/ML 1'S ,POISON
B10744,EYLEA INJ 40MG/ML 1'S,POISON
A14683,CONTOUR PLUS TEST STRIP 25S,CONSIGNMENT
A14687,SNAKE BRAND SHOWER GEL ( CLASSIC ) 450ML,PERSONAL CARE
A14692,DISCONTINUE,PERSONAL CARE
A14693,MEMOMET SYRUP 100ML ,OTC
A14694,MUVEASE GEL 25G,OTC
A14630,~CIK BIBAH RTC BONE BROTH,FOOD & BEVERAGES
A14631,~CIK BIBAH RTC PESTO AGLIO 200GM,FOOD & BEVERAGES
A14632,~CIK BIBAH RTC CARBONARA SAUCE 270GM,FOOD & BEVERAGES
A14636,NOVA CAL-300D CHEWABLE TABLET 10S,SUPPLEMENT NOVA
A14637,NOVA JUVITA PLUS CHEWABLE TABLET 10S,SUPPLEMENT NOVA
A14638,MEMOGEN ORAL POWDER 1S,SUPPLEMENT NOVA
A14639,PEROZIN CREAM TUBE 100ML,OTC
A14622,~CIK BIBAH RTE BUBUR NASI DAGING 150GM,FOOD & BEVERAGES
A14623,~CIK BIBAH RTE AYAM SAMBAL HIJAU 180GM,FOOD & BEVERAGES
A14624,~CIK BIBAH RTE AYAM RENDANG CILI API,FOOD & BEVERAGES
A14620,EZYDOSE TRUE EASY SYRINGE,BABY & MOM
A14610,MEDERMA SCAR GEL KIDS 20GM ,CONSIGNMENT
B10719,NEBILET 5MG 14'S TABLET,POISON
B10720,RALSIN 5MG 10'S TABLET,POISON
B10731,VYTORIN 10/20MG 10'S,POISON
B10732,MELATONIN 3MG 1S,POISON
A14633,DISCONTINUE,BABY & MOM
A14634,DISCONTINUE,BABY & MOM
A14635,DISCONTINUE,BABY & MOM
A14628,~CIK BIBAH RTE DAGING RENDANG CILI API 150GM,FOOD & BEVERAGES
B10735,FUSTADIN CREAM 2% 10G,POISON
A14640,TIGERUS ORGANIC TIGER MILK MUSHROOM 300MG 60S ,OTC
A14641,DISCONTINUED,CONSIGNMENT
A14642,DISCONTINUED,CONSIGNMENT
A14649,HABIB YA SALAM ARABIC GUM POWDER 200G,CONSIGNMENT
B10736,MDI FOSTER 100/60MCG 100'S,POISON
A14650,~LOOFAH SPONGE 1S,CONSIGNMENT DR HANISAH
A14658,DISCONTINUE,CONSIGNMENT
A14660,~STICKER OKU KECIL,CONSIGNMENT DR HANISAH
B10737,FLUOXETINE 20MG TABLET 1S,POISON
A14656,TFF U99 SACHET 1'S,SUPPLEMENT
B10739,VESICARE 5MG 30S,POISON
A14589,~ AG DEEP FACIAL CLEANSER 100ML ,CONSIGNMENT
A14587,DISCONTINUED,CONSIGNMENT
A14588,~ AG SOOTHING BEAUTY ESSENCE 30G,CONSIGNMENT
A14585,SANISCRUB SANITIZER E 60ML,CONSIGNMENT
B10718,KLACID MR 500MG 5S,POISON
A14591,DISCONTINUE,OTC
A14578,NOVA SP8 BABY DIAPER COMFORT BUTTER 100ML,SUPPLEMENT NOVA
B10722,STADA ACYCLOVIR 400MG 5'S,POISON
B10721,TORPEZIL TABLET 10MG 10S,POISON
B10724,ZITHROMAX 250MG TAB 6S,CONSIGNMENT
B10725,GLIMARYL 2 2MG 10S,CONSIGNMENT
A14594,NEO-MUNE 400GM,OTC
A14595,WILDAN SUSU KAMBING (CHOC) 500G,CONSIGNMENT
A14596,BIOVITA NUTRI BALANCE 800G,CONSIGNMENT
A14597,BIOVITA NUTRI ACTIVE 800G,CONSIGNMENT
A14598,~BIOCARE SPIRULINA COL CHEWABLE 200S,CONSIGNMENT DR HANISAH
A14599,BUBBLES O2 AIR MINERAL SEMULAJADI 800ML,FOOD & BEVERAGES
A14600,BUBBLES O2 AIR MINERAL SEMULAJADI 425ML,FOOD & BEVERAGES
A14601,FLEXPLUS INFLATABLE ROUND CUSHION,OTC
A14602,TLS 4-WOMEN TABLET 750MG 10S,SUPPLEMENT TLS
A14603,~MAGNESIUM CHEWABLE KIDS 90S,CONSIGNMENT DR HANISAH
A14604,BIOVITA NUTRI FORTE 800GM,OTC
B10727,AZ SYMBICORT TURBUHALER 120 DOSES,CONSIGNMENT
A14605,YSP PORO 250MG SUSPENSION PINEAPPLE 100ML ,CONSIGNMENT
A14606,INFLATABLE ROUND CUSHION ,CONSIGNMENT
A14543,21ST CEN POMEGRANATE 500MG 60S,CONSIGNMENT
A14550,21ST CEN NOURISHAIR SHAMPOO 480ML/16OZ,PERSONAL CARE
A14552,NOVA ACTIVMAX VANILA GOLD (850G),SUPPLEMENT NOVA
A14553,NOVA OAT BETA GLUCAN (490G),SUPPLEMENT NOVA
A14554,NOVA ROSBRIGHT CHEWABLE TABLET 10S,SUPPLEMENT NOVA
A14555,NOVA DIATEC 250MG 10S,SUPPLEMENT NOVA
B10706,KAMIREN XL 4MG 10'S,POISON
A14559,SUSTINEX OMEGA 3-6-9 VEGE OIL BLEND 20G 1S,SUPPLEMENT NOVA
A14560,~ PURE SHEA BUTTER 25G,CONSIGNMENT DR HANISAH
A14567,ORADEX CHARCOAL GREEN TEA TOOTHPASTE  120G,PERSONAL CARE
A14572,~ GOMILK PREMIX GOAT 500G,CONSIGNMENT
A14573,NOVA SP8 BABY SOOTHING OIL 120ML,SUPPLEMENT NOVA
PI0041,EVERLASTING SET,SERVICE
A14434,~ FACE MIST / TONER 10ML,CONSIGNMENT DR HANISAH
A14435,APPLE MONKEY RICE CRACKER CORN,BABY & MOM
A14436,APPLE MONKEY RICE CRACKER SWEET POTATO,BABY & MOM
A14437,APPLE MONKEY RICE CRACKER STRAWBERRY BANANA,BABY & MOM
A14438,APPLE MONKEY BISCOITO CAROB BANANA,BABY & MOM
A14439,APPLE MONKEY BISCOITO BLUEBERRY BANANA,OTC
A14440,RE-PLAT SYRUP 120ML,OTC
A14421,~HEALTHY JOY SAMBAL IKAN BILIS (230GM),SUPPLEMENT NOVA
A14441,SALONPAS PAIN RELEIF LARGE 3'S,OTC
PI0040,KIT CANTIK RAYA,SERVICE
A14416,~HEALTHY JOY JEM NENAS (280GM),SUPPLEMENT NOVA
A14417,~HEALTHY JOY JEM STRAWBERI (280GM),SUPPLEMENT NOVA
A14418,~HEALTHY JOY JEM BUAH CAMPURAN (ANGGUR HITAM & BUAH NAGA) (280GM),SUPPLEMENT NOVA
A14424,~HEALTHY JOY JEM SAPUAN MENTEGA KACANG COKLAT (260GM),SUPPLEMENT NOVA
A14425,HEALTHY JOY 3 NUTS MIX  (180GM),SUPPLEMENT NOVA
A14426,HEALTHY JOY HI-PROTEIN TRAIL MIX (180GM),SUPPLEMENT NOVA
A14427,ACTIVMAX HI-CALCIUM VANILA 50G RTM (ready to mix),SUPPLEMENT NOVA
A14428,DISCONTINUED,CONSIGNMENT
A14429,~AVO MOIST 50G,CONSIGNMENT DR HANISAH
PI0030,HS FORA GLUCOSE TEST,SERVICE
PI0031,HS FORA TOTAL CHOLESTEROL TEST,SERVICE
PI0032,HS FORA URIC ACID TEST,SERVICE
PI0033,HS GLUCONAVII GLUCOSE TEST,SERVICE
PI0034,HS EASYSURE GLUCOSE TEST,SERVICE
PI0035,HS EASYSURE URIC ACID TEST,SERVICE
A14385,~FACE CLEANSER 500ML,CONSIGNMENT DR HANISAH
A14386,~TAMANU MOISTURISER 30GM,CONSIGNMENT DR HANISAH
A14387,~EVERLASTING MOISTURISER,CONSIGNMENT DR HANISAH
A14388,~FACE SERUM,CONSIGNMENT DR HANISAH
B10672,TELFAST-D 60/120MG 10'S,POISON
A14382,DISCONTINUE,MEDICAL DEVICE & SUPPLY
A14383,DISCONTINUE,MEDICAL DEVICE & SUPPLY
PI0028,"HS FORA BLOOD GLUCOSE, HB , HCT TEST",SERVICE
B10669,HYOSUN SYRUP 120ML,POISON
A14355,~LIP BUTTER,CONSIGNMENT DR HANISAH
A14391,~FACE MIST / TONER 50 ML,CONSIGNMENT DR HANISAH
B10673,APO-ATENIDONE 100/25MG 30'S ,POISON
B10674,TELSWIFT 80MG 7'S,POISON
A14393,ACTIVMAX COFFEE 50G RTM (ready to mix),SUPPLEMENT NOVA
A14392,~WELLNESS MAXTROL 1S,CONSIGNMENT
A14394,RICE STICK MULTIGRAIN 50G,BABY & MOM
A14395,RICE STICK CORN 50G,BABY & MOM
A14397,RICE STICK BLACK RICE 50G,BABY & MOM
A14399,BABY FIRST FEED RICE CEREAL AVOCADO 200G,BABY & MOM
A14410,~AVO MOIST 30G,CONSIGNMENT DR HANISAH
A14323,LOLIPOP TEST,OTC
A14324,VITAHERB GINKGOLD 120MG 10'S,OTC
A14308,SOL-M HYPODERMIC NEEDLE 30G X1/2 1'S YELLOW,WOUND & SURGICAL
A14334,PEEL FRESH PINK GUAVA 300ML,FOOD & BEVERAGES
A14335,BAE HANNA VITAMIN C,CONSIGNMENT
A14338,VITAHEALTH VIT C 500MG,OTC
A14339,"~ ""SPECIAL ORDER""",CONSIGNMENT DR HANISAH
A14340,VEINOSMIN TABLET 10'S,OTC
A14341,BAROSCON DOUBLE ACTION SACHET 10ML,OTC
A14326,RENTAL PORTABLE PHLEGM SUCTION PUMP,REHAB & SUPPORT
A14327,HIDRASEC INFANTS 10MG 1S,CONSIGNMENT
A14328,SANISCRUB SANITIZER 500ML,CONSIGNMENT
A14329,SULFOLITE SOAP 75G,CONSIGNMENT
A14330,CANDIGUARD POWDER 30G,CONSIGNMENT
A14315,CYSTONE 25'S,OTC
A14316,DISCONTINUED,SUPPLEMENT
B10663,PRELICA 150MG 10S,POISON
B10664,XELODA TAB FC 500MG 120s ,CONSIGNMENT
A14318,DISCONTINUED,SUPPLEMENT
A14317,LYHER COVID TEST KIT 2 IN 1,CONSIGNMENT
A14319,FONT ACTIV COMPLETE 800G,CONSIGNMENT
A14320,FONT ACTIV DIABEST 800G,CONSIGNMENT
A14321,HOMECARE NOFLUX LOZENGES 10S,OTC
A14378,UNDERPAD 45CM*60CM  20S,REHAB & SUPPORT
A14379,~AVO MOIST 15G,CONSIGNMENT DR HANISAH
A14380,OPTIMUM BLOOD GLUCOSE TEST STRIP 1S,MEDICAL DEVICE & SUPPLY
A14357,DISCONTINUE,OTC
A14358,~ MENU SI KECIL VOL 2,CONSIGNMENT DR HANISAH
A14359,AVEENO SKIN RELIEF BODY LOTION 1000ML,OTC
A14360,~ECZEMA SUPPLEMENT GUAVA,OTC
A14361,~ECZEMA SUPPLEMENT LEMON LIME,OTC
000022,NATEEN ADULT WIPES WITH ALOEVERA,PERSONAL CARE
A14371,DISCONTINUED,CONSIGNMENT
A14372,DISCONTINUE,OTC
A14373,DISCOUNTINUE,CONSIGNMENT
A14374,GKB ANTRODIA 450MG 60'S,OTC
A14375,~FOAM WASH,CONSIGNMENT DR HANISAH
A14376,RED YEAST RICE 30'S,OTC
A14377,~TRANSPARENT TRAVEL POUCH,CONSIGNMENT DR HANISAH
PI0025,TRAVEL KIT 1,OTC
A14347,NOVA ARGININE 750MG TAB 10S - A1,SUPPLEMENT NOVA
A14349,NOVA NEUROGEL DHA 250MG 10S - A1,SUPPLEMENT NOVA
A14343,NOVA FIBRE SMOOOTHIE CHIA SEED & SEKAM PSYLLIUM  275G,SUPPLEMENT NOVA
A14354,DISCOUNTINUE,OTC
A14363,HIMALAYA ANTI-WRINKLE CREAM 50ML,OTC
A14364,HIMALAYA INTENSIVE MOISTURIZING CREAM 50ML,OTC
A14365,DISCOUNTINUE,OTC
A14366,INSTA-C SPOT TREATMENT CREAM 10G,OTC
A14367,INSTA-C VIT C&HLA SERUM 25ML,OTC
A14368,INSTA DERMA REPAIR TRIAL SET,OTC
B10678,ZINNAT 250MG 10'S,POISON
B10679,METROGYL 200MG/5ML SUSPENSION 100ML,POISON
A14443,GRACE CARE ADJUSTABLE KNEE SUPPORT (FREE SIZE),REHAB & SUPPORT
A14449,~SEA SALT 250G ( CELTIC SALT),CONSIGNMENT DR HANISAH
A14450,APPETON WEIGHT GAIN 450G (CHOCOLATE),CONSIGNMENT
A14453,HEALTHY JOY HI-PROTEIN + FIBER MUESLI (500GM),SUPPLEMENT NOVA
A14454,SUSTINEX HIGH OLEIC SUNFLOWER OIL 1L,SUPPLEMENT NOVA
A14455,NOVA WELLNESS ESSENTIAL PACK (30DAYS),SUPPLEMENT NOVA
A14456,EVIN RUBBER TIPS FOR WALKING STICKS 2PCS,REHAB & SUPPORT
B10680,LOTEMAX 0.5% EYE DROP - 5ML,POISON
A14459,~ROOIBOSS SOAP,CONSIGNMENT DR HANISAH
B10682,EPILIM CHRONO 500MG 30S,POISON
B10683,DILANTIN 100MG 200'S,POISON
B10684,UNASYN TAB 375MG 10'S,POISON
B10685,GLUCOVANCE 500/5MG 20'S,POISON
B10686,ELIQUIS 5MG 10S,POISON
A14462,SENDO NOURISHING SHAMPOO 250ML,PERSONAL CARE
A14474,NOVA ZARTHRIMIN SR 500MG 30S,SUPPLEMENT NOVA
A14479,SENDO OIL REBALANCING SHAMPOO 250ML,PERSONAL CARE
A14467,VITAHERB HEPASHIELD CAPSULE 30S,SUPPLEMENT
A14468,~ECZEMA OIL 30ML,CONSIGNMENT DR HANISAH
A14466,LEYMED CLEANSING BAR 60G,PERSONAL CARE
A14471,NOVA CALMINI TABLET 10S,SUPPLEMENT NOVA
A14490,PUREEN PACIFIER HOLDER PAC-H1,BABY & MOM
A14491,JOHNSON'S BABY COTTONTOUCH OIL 50ML,BABY & MOM
A14492,APPETON WELLNESS 60+ DIABETIC VANILLA 900G,OTC
A14493,ORAL7 REHYDRATING MOUTHWASH 250ML,PERSONAL CARE
A14494,ORAL7 REHYDRATING MOUTHWASH 500ML,PERSONAL CARE
A14495,ORAL7 TOOTHPASTE 75ML/105G,CONSIGNMENT
B10688,NOVYNETTE TAB 21'S,POISON
A14483,NACOMI BAKUCHIOL 2% SERUM 30ML,OTC
A14485,NACOMI NIACINAMIDE 15% SERUM 30ML,OTC
A14486,NACOMI GLYCOLIC ACID 10% SERUM 30ML,OTC
A14487,NACOMI FACE NIACINAMIDE CLEANSING GEL 15ML,OTC
A14488,NESTLE NUTREN OPTIMUM VANILA 800G,OTC
A14534,ENSURE GOLD WHEAT 800G,SUPPLEMENT
B10708,HYTRIN 2MG 14'S,POISON
B10705,EXFORGE HCT 10/160/12.5MG 7'S ,POISON
A14536,13975 ALTERNA FREE 2PC TRANS.50MM 15'S,WOUND & SURGICAL
B10710,ASPIRA 5MG CHEW TAB 7'S,POISON
B10712,METOHEXAL 100MG 10'S,POISON
B10713,PHYSIOTENS 0.4MG 28'S TABLET,POISON
B10698,XARELTO 20MG 14S,POISON
B10700,COVERSYL PLUS 10/2.5MG 30'S,POISON
B10701,FORXIGA 10MG 14S,POISON
B10702,ENTRESTO 50MG 10S,POISON
B10704,CO-DIOVAN 160/12.5MG 14'S,POISON
A14528,SW/WIN AQUEOUS CREAM 100G,CONSIGNMENT
A14529,SHINE SOY MILK 700G,CONSIGNMENT
A14530,SHINE OAT MILK 700G,CONSIGNMENT
A14531,SUSTINEX OMEGA 3-6-9 VEGE OIL BLEND 110ML,SUPPLEMENT NOVA
B10699,YSP B-MYCIN CREAM 15G,POISON
B10690,ELIQUIS 2.5MG 10S,CONSIGNMENT
B10691,HOVID DIAMIDE 5MG/500MG 10S,POISON
A14504,DISCONTINUE,OTC
B10694,SUPIROCIN OINTMENT 15G,POISON
A14505,~VIRGIN COCONUT OIL 500ML,CONSIGNMENT DR HANISAH
A14506,NEILMED NETI POT 60 MIXTURE SACHETS,OTC
A14498,CONTOUR TS TEST STRIPS 25'S,MEDICAL DEVICE & SUPPLY
B10693,IMIGRAN FDT 50MG 2S,POISON
PI0046,HAJI KIT BASIC,CONSIGNMENT
A14499,DERMAL THERAPY LIP BALM 10G ( PAW PAW ),CONSIGNMENT
A14500,DERMAL THERAPY LIP BALM 10G ( MINT ) ,CONSIGNMENT
A14501,DERMAL THERAPY LIP BALM SPF 50+ 10G,CONSIGNMENT
A14509,~CIK BIBAH RTE NASI PUTIH BASMATHI (180GM),FOOD & BEVERAGES
A14510,~CIK BIBAH RTE BUBUR NASI AYAM (150GM),FOOD & BEVERAGES
A14511,~CIK BIBAH RTE KARI AYAM (150GM),FOOD & BEVERAGES
A14512,~CIK BIBAH RTE AYAM MASAK KURMA (150GM),FOOD & BEVERAGES
A14513,~CIK BIBAH RTE AYAM MASAK BLACKPEPPER (150GM),FOOD & BEVERAGES
A14514,~CIK BIBAH RTE SAMBAL MERAH BILIS (80GM),FOOD & BEVERAGES
A14515,~CIK BIBAH RTE SAMBAL HIJAU BILIS (80GM),FOOD & BEVERAGES
A14508,DISCONTINUE,OTC
B10696,CONCERTA 18MG 30S,POISON
A14523,DISCONTINUE,CONSIGNMENT
A14524,DISCONTINUE,CONSIGNMENT
A14522,LITTLE NUUR BEEF BULGOGI WITH RICE 100G,BABY & MOM
A14933,DIAPEX DISPOSABLE ABSORBENT UNDERPAD 60XM*90CM 10S,REHAB & SUPPORT
B10792,KLACID HP 14 TAB,POISON
B10789,BETMIGA 50MG TAB 30'S,POISON
A14929,DRYPERS DRYPANTS SIZE XXL 36'S,BABY & MOM
A14930,ESSENTIAL FORTE N 10S,SUPPLEMENT
A14926,SURYA ZELEB NMN 2G 1S,SUPPLEMENT
B10785,ALFOST ALFACALCIDOL CAPS 10S,POISON
A14921,TFF LP 200-A CAPUCCINO 1S,SUPPLEMENT
B10786,FINASTIR 5MG 30'S,POISON
B10787,SOLIQUA SOLOSTAR 100/50ML 1S,POISON
B10793,GALVUS MET 50/500MG 60S,POISON
A14934,HOSPITAL BED (DOUBLE CRANK),REHAB & SUPPORT
A14938,DISCONTINUE,FOOD & BEVERAGES
A14939,DISCONTINUE,FOOD & BEVERAGES
A14940,DISCONTINUE,FOOD & BEVERAGES
A14941,DUGRO SURE PLUS DUGRO COMPLETE MILK POWDER (ASLI) 600G ,BABY & MOM
B10794,RYBELSUS TABLET 7MG 30'S,POISON
B10795,LYRICA 75MG 14'S,POISON
B10796,AVEZOL 150MG 1S,POISON
A14923,~DOTERRA DEEP BLUE STICK 48G,CONSIGNMENT DR HANISAH
B10791,HOVID HORAMINE 4MG/5ML SYRUP 120ML,POISON
B10797,EFEXOR XR 150MG 28S,POISON
B10798,RABIROX 200MG 10S,POISON
B10801,ALLERGAN FLUOROMETHOLONE 0.1%,POISON
B10800,XALATAN EYEDROPS 2.5ML,POISON
A14944,INOSITOL 500MG 60S,SUPPLEMENT
A14946,MAGNEZY 1S,SUPPLEMENT
A14947,GKB HYEMOR 1S,SUPPLEMENT
A14957,GIRLPAL ROSE EXTRACT BRIGHTENING CLEANSER 100G,PERSONAL CARE
A149671,~YUM EARTH ORGANIC POPS BLUEBERRY & STRAWBERRY 87G,CONSIGNMENT DR HANISAH
A14965,GIRLPAL ALOE VERA SOOTHING GEL 98% (ROUND) 300G,PERSONAL CARE
A14966,GIRLPAL ALOE VERA SOOTHING GEL 99% 260G,PERSONAL CARE
B10804,AXCEL METRONIDAZOLE 400MG 10S,POISON
B10805,HOVID ERETAF ORODISPERSIBLE FILMS 20MG 4S,POISON
B10806,HOVID ERECOR ORODISPERSIBLE FILMS 50MG 4S,POISON
A14972,~LIFETECH BLOOD GLUCOSE MONITOR TD-4183,MEDICAL DEVICE & SUPPLY
A14973,~LIFETECH SAFETY LANCET 25S,MEDICAL DEVICE & SUPPLY
A14974,~LIFETECH BLOOD GLUCOSE STRIP 25S,MEDICAL DEVICE & SUPPLY
A14994,~JUUNO BEDTIME VAPOUR PATCH (JOLLIE) 12S,OTC
A14990,~JUUNO MOSQUITO REPELLENT PATCH (RHINO) 36S,OTC
B10809,VYTAN 160MG 10S,POISON
A14987,11021 SENSURA CLICK OSTOMY BASEPLATE ( TAPAK ) 5S,WOUND & SURGICAL
A14988,~JUUNO STEAM EYE MASK (UNICORN) 6S,OTC
A14996,~JUUNO FEVER COOLING PATCH (LEO) 6S,OTC
A15002,~JUUNO KF94 KIDS FACE MASK (RAFRAF ) 10S,MEDICAL DEVICE & SUPPLY
A15000,~JUUNO KF94 KIDS FACE MASK (MAGICIAN) 10S,MEDICAL DEVICE & SUPPLY
B10808,AKURIT-2 TAB 90S,POISON
B10811,DYNA DYSOLVON SYRUP 60ML,POISON
B10812,ALCON MAXITROL EYE OINTMENT 3.5G,POISON
B10813,DUOLIN RESPULES 2.5ML 5S,POISON
A15031,10366 SENSURA 2P BAG OPQ OPEN 60 10S,REHAB & SUPPORT
B10822,HOVID DIABETMIN XR 750MG 10'S ,POISON
B10817,APO-LEVOCARB 250/25MG TAB 100S,POISON
B10818,CLOPIVID 75MG 10S,POISON
A15024,ABBOTT NEPRO HP COMPLETE NUTRITION 220ML 1S,FOOD & BEVERAGES
B10819,TRANDATE TAB 100MG 50S ,POISON
B10820,BRILINTA 90MG 60S,POISON
B10816,COVERAM 5/5MG 30S,POISON
A15020,3M MICROPORE WITH DISPENSER 1INCH ( 2.5CM ) 1S,REHAB & SUPPORT
A15021,11031 SENSURA 2P BP LIGHTCNV 5PCS,REHAB & SUPPORT
A15012,GKB LION'S MANE MUSHROOM (MAL) 60S,SUPPLEMENT
B10814,OZEMPIC 0.25MG&0.5MG PREFILLED PEN ,POISON
B10815,OZEMPIC 1MG PREFILLED PEN ,POISON
A14912,~ OPTIFY KIDS 60S,OTC
B10774,SUROTIN 10MG 10S,POISON
A14918,NOVA NOVAVIS BORAGE OIL BODY BALM 25G,SUPPLEMENT NOVA
A14897,ACEVIZ 600MG 1S (ACETYLCYSTEINE),OTC
A14907,GASTRORELIEF ANTACID TABLET  (BLACKCURRANT) 8'S,OTC
B10784,EXFORGE HCT 10/160/25MG 7S,POISON
A14915,~ GOAT MILK POWDER 400G,OTC
A14914,~ KIDS LIVE CULTURE (KLC) CHEWABLE TAB 60S MIX FLAVOUR,OTC
B10781,LOMIDE 2MG 10S CAPSULE,POISON
B10777,SUROTIN 20MG 10S,POISON
B10782,ALDARA CREAM 5% 1'S,POISON
A14898,ALLERSOL SYRUP 100ML,OTC
A14899,RESMERIC TABLET 20S,OTC
B10783,CO PLAVIX 75/100MG 14S,POISON
A14900,~ AL-ARD PREMIUM ORGANIC EXTRA VIRGIN OLIVE OIL 500ML,CONSIGNMENT DR HANISAH
A14902,VANZO FRAGRANCE ALCOHOL 35ML,OTC
A14903,HIMALAYA DARK SPOT TUMERIC FACE WASH 100ML ,PERSONAL CARE
A14904,HIMALAYA  HONEY GLOSS LIP BALM 10G,PERSONAL CARE
A14885,HURIX'S ANTIRASH CREAM FOR KIDS 13G,OTC
B10769,EXTEMENT 100MG 4S,POISON
B10772,VICIDE CREAM 5% 10GM,POISON
A14890,KETOSTERIL 20'S,POISON
A14892,DISCONTINUE,CONSIGNMENT DR HANISAH
A14869,DR. S. ORTHO MESH WRIST SPLINT ( FREE SIZE )WS-06,REHAB & SUPPORT
A14872,FEVER COOLING PATCH ADULT 1S,OTC
A14873,FEVER COOLING PATCH KIDS 1S,CONSIGNMENT
A14876,REMDII SCALP REPAIR SPRAY 30ML,PERSONAL CARE
B10768,NATRILIX SR TAB 10S,POISON
A14881,BM EXECUTIVE B 120'S,SUPPLEMENT
B10762,DAPIGA 10MG 10S,POISON
B10763,KOMBIGLYZE XR 5/1000MG 7S,POISON
A14855,FD DISPOSABLE FORCEP 3S  ( DF3 ),REHAB & SUPPORT
A14867,"VITAMIN D3 10,000IU 100'S",OTC
B10765,AXCEL VALACYCLOVIR 500MG 10S,POISON
B10853,STUGERON 25MG 25S,POISON
B10854,ASUMALIFE 1MG TAB 60S,POISON
A15130,RWC BED BUG & DUST MITE SPRAY 100ML,OTC
B10850,TENVIR EM TABLETS 30'S,POISON
B10851,ALCON PATANOL EYE DROP SOLUTION 5ML,POISON
B10852,APO-QUETIAPINE 100MG 100S,POISON
B10846,APO-QUETIAPINE 25MG 100S ,POISON
A15120,BIOGROW MAGNESIUM BISGLYCINATE 750MG 10S,SUPPLEMENT
B10836,BONVIVA 150MG 1S,POISON
B10839,NOVORAPID FLEXPEN 100U/ML PRE-FILLED PEN 3ML 1S,POISON
B10840,BASALOG ONE ( INSULIN GLARGINE ) SOLUTION FOR INJECTION 100IU/ML 1S,POISON
A15111,ELEFBEBE STANDARD NECK FEEDING BOTTLE NEW BORN 60ML/2OZ ( FB-N01 ),BABY & MOM
B10841,QTERN 5MG/10MG FILM-COATED TABLETS 28S,POISON
B10842,EPILIM 200MG 10S,POISON
B10844,NOVUGEN TADIGRA 5MG 10S,POISON
A15063,~ GOAT MILK POWDER (POUCH) 10S,CONSIGNMENT
B10826,DISCONTINUE,POISON
B10823,ELIDEL 1% CREAM 15G ,POISON
A15051,BIOGAIA DROPS WITH VITAMIN D 5ML,SUPPLEMENT
A15034,PIC CLASSIC UNIVERSAL PLASTER MIX 20S,WOUND & SURGICAL
A15035,PIC CLASSIC UNIVERSAL PLASTER MIX 40S,WOUND & SURGICAL
A15037,PIC CLASSIC UNIVERSAL PLASTER LARGE 25*72MM 10S,WOUND & SURGICAL
A15069,~EMPTY PRODUCT CONTAINER,CONSIGNMENT DR HANISAH
A15070,~ KASIH66 SACHA INCHI SERUM 120ML ,CONSIGNMENT
A15068,JOHNSON'S MILK + RICE BATH 200ML ,BABY & MOM
B10827,CREOBIC DOUBLE ACTION CREAM 5GM,POISON
A15072,~ KASIH66 MADU LEBAH FRASER HILL 350G,CONSIGNMENT
A15074,FLOSEAL 5ML ,SERVICE
B10833,AVOZINE 5MG 10S,POISON
B10830,GALVUS MET 50/1000MG 10S,POISON
A15079,AVEMED CRYO MIST SPRAY 100ML,OTC
A15080,AB-CYSCARE 15S,OTC
000027,COMPLETE WELLNESS FEMALE,OTC
000028,COMPLETE WELLNESS MALE,CONSIGNMENT
A15085,SMECTA GO SUSPENSION 3G 1S,OTC
A15144,ARTELAC SPLASH EYE DROP 0.5ML 1S,OTC
A15150,ELECTRIC TRANSFER HOIST,REHAB & SUPPORT
POINTS,POINTS,SERVICE
MEMBERSHIP,MEMBERSHIP,SERVICE
DEPOSIT,DEPOSIT,SERVICE
A11133,DISCONTINUE,OTC
A11134,DISCONTINUE,OTC
A11135,DISCONTINUE,OTC
A11137,DISCONTINUE,OTC
A11138,DISCONTINUE,OTC
A11139,~DOTERRA DEEP BLUE 5ML,CONSIGNMENT DR HANISAH
A11140,DISCONTINUE,OTC
A11145,DISCONTINUE,OTC
A11146,DISCONTINUE,OTC
A11147,DISCONTINUE,OTC
A11148,DISCONTINUE,OTC
A11142,DISCONTINUE,OTC
A11150,DISCONTINUE,OTC
A11160,~DOTERRA PETAL DIFFUSER,CONSIGNMENT DR HANISAH
A11161,~DOTERRA PROTECTING SHAMPOO 250ML,CONSIGNMENT DR HANISAH
A11162,DISCONTINUE,OTC
A11163,~DOTERRA ROSEMARY 15ML,CONSIGNMENT DR HANISAH
A11164,~DOTERRA SIBERIAN FIR 15ML,CONSIGNMENT DR HANISAH
A11165,DISCONTINUE,OTC
A11166,~DOTERRA TEA TREE 15ML,CONSIGNMENT DR HANISAH
A11167,DISCONTINUE,OTC
A11168,~DOTERRA TERRASHIELD 15ML,CONSIGNMENT DR HANISAH
A11169,~DOTERRA TURMERIC 15ML,CONSIGNMENT DR HANISAH
A11170,~DOTERRA WILD ORANGE 5ML,CONSIGNMENT DR HANISAH
A11153,~DOTERRA LEMONGRASS 15ML,CONSIGNMENT DR HANISAH
A11154,~DOTERRA LITSEA 15ML,CONSIGNMENT DR HANISAH
A11157,~DOTERRA OREGANO 15ML,CONSIGNMENT DR HANISAH
A11158,~DOTERRA PAST TENSE ROLL ON 10ML,CONSIGNMENT DR HANISAH
A11339,DISCONTINUE,OTC
A11336,DISCONTINUE,OTC
A11407,~ORGANICULE PUMPKIN SEEDS 400G,CONSIGNMENT DR HANISAH
MNM,MIX & MATCH,SERVICE
PWP,PURCHASE WITH PURCHASE,SERVICE
A11712,DISCONT,OTC
6,ZOLLIPOPS CLEAN TEETH POPS 5.2OZ,OTC
A11821,DISCONT,OTC
A11822,DISCONT ~SANNY & JOLEEN ALOE VERA CLEANSING CREAM 150ML,OTC
A11964,~DOTERRA USB AROMA DIFFUSER,CONSIGNMENT DR HANISAH
A12064,ALUMINIUM 2IN1 ROLLATOR MO-9102,REHAB & SUPPORT
A12072,ALUMINIUM 2IN1 ROLLATOR MO-9148L,REHAB & SUPPORT
A12132,DISCONTINUE,OTC
A12133,DISCONTINUE,OTC
A12134,DISCONTINUE,OTC
A12400,DISCONTINUE,OTC
A12496,~FUTURE FOOD MARJORAM 10ML,CONSIGNMENT DR HANISAH
A12503,~FUTURE FOOD STUDY TIME 10ML,CONSIGNMENT DR HANISAH
A12614,~FUTURE FOOD FENNEL ESSENTIAL OIL 10ML,CONSIGNMENT DR HANISAH
S00005,VOUCHER RM5,CONSIGNMENT
S00007,PWP ITEM,OTC
A12778,DISCONTINUE,OTC
A12918,DYNAMIC VARICOSE VEIN STOCKING XL,OTC
A12931,DISCONTINUE,OTC
P0001,DISCONTINUE,OTC
V10007-200,DISCONTINUE,OTC
V10018-REP,DISCONTINUE,OTC
V10022-60M,DISCONTINUE,OTC
V10045,RAYA KIT,OTC
V91,TEST,CONSIGNMENT
XY1,Variant Stock Item 1,CONSIGNMENT
VXY,Variant Parent,CONSIGNMENT
B10497,TAMIFLU SYRUP 15MG/ML 5 CAPSULES 25ML,POISON
A13406,DISCONTINUE,OTC
A13449,DISCONTINUE,OTC
V10004-SAC,DISCONTINUE,OTC
V10005-BOX,DISCONTINUE,OTC
SKU-A-A12660-UNIT-710,CLEARANCE SYSTANE BALANCE 10ML,CONSIGNMENT
SKU-A-A12660-UNIT-710-1,CLEARANCE SYSTANE BALANCE 10ML,CONSIGNMENT
000010,DISCONTINUE,POISON
A13723,~PURE MORINGA OIL 10ML,CONSIGNMENT DR HANISAH
PI0008,SYRUP COMPOUNDING,SERVICE
PI0009,CONSULTATION,POISON
A13744,DISCONTINUE,OTC
PI0010,BOTOL PUTIH REPACK,OTC
PI0011,BOTOL KACA REPACK,OTC
B10594,HOVID NEOMYCIN CREAM 15G,POISON
A13801,PLASTIC KIDNEY DISH,OTC
PI0014,DISCONTINUE,SERVICE
A13802,POVIDONE IODINE 1L,OTC
A13857,AMMEDA KNEE SUPPORT S/M/L/XL,REHAB & SUPPORT
A13858,AMMEDA ANKLE SUPPORT S/M/L/XL,REHAB & SUPPORT
A13859,FUTURO COMFORT KNEE SUPPORT S/M/L/XL,OTC
A13860,FUTURO COMFORT ANKLE SUPPORT S/M/L/XL,OTC
A13862,LP KNEE SUPPORT 707 S/M/L/XL,OTC
A13864,LP ANKLE SUPPORT 757 S/M/L/XL,OTC
PI0016,WHEELCHAIR TYRE REPLACEMENT,SERVICE
A13924,REUSABLE ICE PACK,OTC
PI0017,CLEARANCE,SERVICE
PI0018,HIV TEST,CONSIGNMENT
PI0019,DISCONTINUE,CONSIGNMENT
PI0020,SERVICE UBAT SUSULAN ,SERVICE
PI0021,DISCONTINUE,SERVICE
PI0022,DISCONTINUE,SERVICE
A13991,DISCONTINUE,OTC
A13994,DISCONTINUE,OTC
PI0023,SERVICES PHOTOCOPY B&W,SERVICE
PI0024,SERVICES PHOTOCOPY COLOUR,SERVICE
A14044,~ MINUMAN HALIA MADU 22G,CONSIGNMENT
A14063,~BEBIMORA LOTION 70ML,BABY & MOM
A14066,~BEBIMORA TRAVEL PACK,BABY & MOM
A14112,DISCONTINUE,OTC
A14113,DISCONTINUE,OTC
A14114,DISCONTINUE,OTC
A14115,DISCONTINUE,OTC
A14116,DISCONTINUE,OTC
A14117,DISCONTINUE,OTC
A14118,DISCONTINUE,OTC
A14120,DISCONTINUE,OTC
A14121,DISCONTINUE,OTC
A14134,DISCONTINUE,OTC
A14135,DISCONTINUE,OTC
A14136,DISCONTINUE,OTC
A14137,DISCONTINUE,OTC
A14138,DISCONTINUE,OTC
A14123,DISCONTINUE,CONSIGNMENT
A14124,DISCONTINUE,OTC
A14130,DISCONTINUE,CONSIGNMENT
A14131,DISCONTINUE,CONSIGNMENT
A14132,DISCONTINUE,CONSIGNMENT
A14142,DISCONTINUE,OTC
A14144,DISCONTINUE,CONSIGNMENT
A14145,DISCONTINUE,CONSIGNMENT
A14150,RENTAL TRAVEL WHEELCHAIR,SERVICE
A14151,RENTAL LIGHTWEIGHT WHEELCHAIR,SERVICE
A14152,RENTAL OXYGEN CONCENTRATOR 5L,SERVICE
A14153,RENTAL OXYGEN CONCENTRATOR 10L,SERVICE
A14154,RENTAL MANUAL HOSPITAL BED FIXED HEIGHT,SERVICE
A14155,RENTAL MANUAL HOSPITAL BED HILO,SERVICE
A14156,RENTAL ELECTRIC HOSPITAL BED FIXED HEIGHT,SERVICE
A14157,RENTAL ELECTRIC HOSPITAL BED HILO,SERVICE
A14158,RENTAL RIPPLE MATTRESS BUBBLE,SERVICE
A14159,RENTAL RIPPLE MATTRESS TUBULAR,SERVICE
A14160,OXYGEN REFILL 4.7L ,SERVICE
A14161,"OXYGEN TANK (TROLLEY, REGULATOR,NASAL CANULA)",SERVICE
A14126,DISCONTINUE,CONSIGNMENT
A14127,DISCONTINUE,CONSIGNMENT
A14128,DISCONTINUE,CONSIGNMENT
A14147,DISCONTINUE,CONSIGNMENT
000017,DISCONTINUE,CONSIGNMENT
A14182,~RR4UP 90'S,OTC
A14183,~KARDIMED 60'S ,OTC
A14196,~AZOMIS SKINCARE REJUVENATING SERUM 30ML,OTC
A14197,~AZOMIS SKINCARE REENERGIZING CLEANSING MOUSSE 50ML,OTC
A14198,~AZOMIS SKINCARE RADIANCE TONE UP CREAM 30ML,CONSIGNMENT
A14200,~AZOMIS REVIVING BRIGHT ADVANCED DARK SPOT CORRECTOR 15ML,CONSIGNMENT
000020,SET DEMAM,OTC
000021,DISCONTINUE,OTC
B10665,PLENDIL 5MG 15S,POISON
PI0026,TEST,OTC
PI0027,UMRAH KIT 1,OTC
PI0029,DIGESTION SUPPORT KIT,CONSIGNMENT
PI0039,KIT RAMADHAN ,SERVICE
A14422,~HEALTHY JOY SAMBAL BELACAN (230GM),SUPPLEMENT NOVA
A14423,~HEALTHY JOY JEM MENTEGA KACANG (240GM),SUPPLEMENT NOVA
A14430,~GAMARUB 100G,CONSIGNMENT
A14431,~GAMOGEN 500ML,CONSIGNMENT
A14432,~ZANIPLUS 350ML,CONSIGNMENT
A14420,~HEALTHY JOY JEM BLACKCURRANT (280GM),SUPPLEMENT NOVA
PI0042,HS GLUCODR GLUCOSE TEST,SERVICE
B10676,CLEXANE 6000IU (60MG)/0.6ML 2'S,POISON
PI0037,RENTAL CHAIR M,SERVICE
PI0043,GOOGLE REVIEW,SERVICE
B10689,ABILIFY MAINTENA 400MG INJ,POISON
PI0044,HAJI KIT PREMIUM ,CONSIGNMENT
PI0045,HAJI KIT EXCLUSIVE,CONSIGNMENT
B10707,CONCOR AM 5/10MG 30'S,POISON
A14537,~FOXYLOGY TORUBI MIX BERRIES WITH COLLAGEN 10SACHET,CONSIGNMENT
A14538,~FOXYLOGY HARMONIG 7SACHET,CONSIGNMENT
PI0047,SET BATUK KAHAK ,CONSIGNMENT
PI0048,SET BATUK KERING,CONSIGNMENT
PI0049,SET SELSEMA,CONSIGNMENT
A14586,~ AG TONER 100ML ,CONSIGNMENT
A14615,~EGMONT MANUKA HONEY MGO 573+ 250G,CONSIGNMENT DR HANISAH
A14659,~STICKER OKU BESAR,CONSIGNMENT DR HANISAH
A14664,~GEN C 10000MG PLUS 60S,CONSIGNMENT
A14665,~GEN MARINE OMEGA 3 FISH OIL 1000MG 60S,CONSIGNMENT
PI0050,RENTAL BP MACHINE,SERVICE
PI0051,SERVICES PRINT B&W,SERVICE
PI0052,SERVICES PRINT COLOUR,SERVICE
A14700,CANCER SCREENING ( FEMALE ),SERVICE
A14701,DIABETES SCREENING,SERVICE
A14698,CVD SCREENING,SERVICE
A14747,DISCONTINUE,CONSIGNMENT DR HANISAH
B10759,XARELTO 15MG 14S ,POISON
VOUCHER,VOUCHER,VOUCHER
B10775,STAREZ 10MG 10'S,POISON
B10779,STADOVAS 5MG  10S,POISON
A14911,~ OPTIFYME 15S,OTC
A14913,~TIGROW KIDS 30S,OTC
000026,DISCONTINUE,POISON
A14948,INCO PREMIUM ADULT DIAPER XL 9'S,PERSONAL CARE
A14989,~JUUNO STEAM EYE MASK (SAFARI) 6S,OTC
A14992,~BEGGI ANTI-MITE BETTER SLEEP SPRAY 175ML,OTC
A15001,~JUUNO KF94 KIDS FACE MASK (RHINO) 10S,MEDICAL DEVICE & SUPPLY
A15009,~BEGGI ESSENTIAL OIL NASAL OINTMENT (ADULT) 15G,OTC
A15010,~BEGGI ESSENTIAL OIL NASAL OINTMENT (KIDS) 15G,OTC
A15011,~BEGGI SEAWATER NASAL SPRAY (ADULT) 100ML,OTC
A15004,~BEGGI PAPAW BALM 55G,PERSONAL CARE
A15005,~BEGGI 2IN1 REFRESHING NASAL INHALER 2ML*3,OTC
A15006,~BEGGI ESSENTIAL OIL MOISQUITO REPELLENT DIFFUSER 40G,OTC
A15007,~BEGGI 2IN1 GEMINI SOOTHING FORMULA 45ML,OTC
A15023,~ MELILEA ORGANIC BOTANICAL POWDER 458G,CONSIGNMENT
B10821,PHARMANIAGA ISONIAZID 100MG 100'S BOX,POISON
A15043,DETOZ MAS DELIMA 15ML 1S,FOOD & BEVERAGES
A15046,WHEELCHAIR RECLINING LIGHTWEIGHT (ALK-954LGC-46),REHAB & SUPPORT
A15047,3 FUNCTIONS ELECTRIC HOSPITAL BED ( WITH MANUAL CONVERTIBLE ),REHAB & SUPPORT
A15067,~NISRAA TREATMENT CONDITIONER 250ML,PERSONAL CARE
A15081,~ D-LIGHTFUL SUNSHINE VIT D3 400IU DROPS 10ML,CONSIGNMENT
000029,DISCONTINUE,POISON
A15087,MYVITA C30 ZINC CHEW 90S,OTC
A15089,MYVITA C100 ZINC CHEW 60S,SUPPLEMENT
000030,DISCONTINUE,PERSONAL CARE
A15123,~ FOROEM L-GLUTATHIONE 500MG,CONSIGNMENT
000031,DISCONTINUE,PERSONAL CARE
A15044,GOAT WOOL BABY HAIRBRUSH 1S,BABY & MOM
A15040,PIC DELICATE PLASTER LARGE 25*72MM 10S,WOUND & SURGICAL
A15049,TOPSEAL KIDS CARTOON PLASTER (WATER RESISTANT) 10S,WOUND & SURGICAL
A15091,SOFY COOLING WING 42CM 6S,PERSONAL CARE
A15092,SOFY COOLING PANTYLINER 155MM 28S,PERSONAL CARE
A15099,~ O'CARE LOVE MORE HAIR TONIC & SHAMPOO 500ML,PERSONAL CARE
A15100,~ O'CARE LOVE CAFFEINE HAIR TONIC & SHAMPOO TREATMENT 500ML,PERSONAL CARE
B10848,AUROXETIL TAB 500MG 10S,POISON
A15121,ACULIFE HOT & COLD UNIVERSAL THERAPY BRACE ,REHAB & SUPPORT
A15122,ACULIFE HOT & COLD WRIST THERAPY BRACE,REHAB & SUPPORT
A15135,ALEPPO SOAP (OLIVE OIL) 187G,CONSIGNMENT DR HANISAH
A14868,DR. S. ORTHO CHILD ARM SLING ( ONE SIZE ) AS-04,REHAB & SUPPORT
A14812,FD NAIL CLIPPER LARGE ( RM603 ) 1S,PERSONAL CARE
A14878,CHEESE SAUCE 80G ,BABY & MOM
A14870,HEMORRHOID MEMORY CUSHION (FEMALE) HMC-F,REHAB & SUPPORT
A14871,HEMORRHOID MEMORY CUSHION (MALE) HMC-M,REHAB & SUPPORT
A14894,EVIN SOFT CERVICAL COLLAR SIZE 3 (XL),REHAB & SUPPORT
A14895,EVIN BACK BRACE SIZE 3,REHAB & SUPPORT
A14886,HURIX'S HAEMO CREAM ( WITH ALOEVERA EXTRACT ) 13G,OTC
A14880,DUPLOTIP SNAP LOCK 20GMX10CM 1'S,CONSIGNMENT
A14905,HIMALAYA SPOT TURMERIC FACE CREAM 50ML,PERSONAL CARE
A14906,HIMALAYA SPOT TURMERIC FACE SERUM 30ML,PERSONAL CARE
A15013,BUBS GOAT MILK FORMULA STAGE 1 800G,BABY & MOM
A15014,BUBS GOAT MILK FORMULA STAGE 2 800G,BABY & MOM
A15015,BUBS GOAT MILK FORMULA STAGE 3 800G,BABY & MOM
A15017,FD PILL BOX ( PBX53 ) WEEKLY,REHAB & SUPPORT
A15022,10386 SENSURA 2P BAG TRSP OPEN 10PCS,REHAB & SUPPORT
A14970,GIRLPAL SNAIL EYE CREAM 15G,PERSONAL CARE
A14960,GIRLPAL ROSE EXTRACT BRIGHTENING DAY CREAM 20G,PERSONAL CARE
A14963,GIRLPAL ALOE VERA CLEANSER 100G,PERSONAL CARE
A14964,GIRLPAL SOOTHE & MOISTURIZE 100G,PERSONAL CARE
A14958,GIRLPAL ROSE PEELING GEL 100G,PERSONAL CARE
A14953,HURIX CHILLAWAY SYRUP KIDS 60ML,OTC
B10799,APO-SUMATRIPTAN 50MG 6S,POISON
A14922,NOVA ACTIVMAX HI-CALCIUM COFFEE 900G,SUPPLEMENT NOVA
B10697,GLUCOVANCE 500/2.5MG 20'S,POISON
A14532,BELCID SUSPENSION 240ML,OTC
A14533,ZACT TOOTHPASTE 150GM,OTC
A14539,MOSQUITO REPELLENT PATCH 30S,CONSIGNMENT
A14497,JOHNSON'S BABY LOTION PINK 100ML,OTC
A14477,AEROCHAMBER INFANT (ORANGE),MEDICAL DEVICE & SUPPLY
A14448,INSTA-C RETINOL HYDRATOR 30ML,OTC
A14457,EVIN SOFT CERVICAL COLLAR SIZE 1 (M),REHAB & SUPPORT
A14458,EVIN SOFT CERVICAL COLLAR SIZE 2 (L),REHAB & SUPPORT
A14444,GRACE CARE ADJUSTABLE THUMB SUPPORT (S),REHAB & SUPPORT
A14445,GRACE CARE ADJUSTABLE THUMB SUPPORT (M),REHAB & SUPPORT
A14381,NC PETSILVER COLLOIDAL SILVER 350ML,CONSIGNMENT
A14342,THERMAZEN DELUXE 2IN1 THERMOMETER,MEDICAL DEVICE & SUPPLY
A14292,LAC BIOTIN 900MG 120s,CONSIGNMENT
A14356,APPETON MV LYSINE SYRUP 120ML,OTC
B10670,ELOMET LOTION 0.1% 30ML,POISON
A14566,ORADEX PERIODONTAL TOOTHPASTE 175G,CONSIGNMENT
B10716,ALLERGO-COMOD EYE DROP 10ML,POISON
A14607,MY BABY MINYAK TELON PLUS 60ML,BABY & MOM
B10717,NEVANAC 0.1% EYE DROP 5ML,CONSIGNMENT
A14576,NOVA SP8 CRACKED HEEL CREAM 75ML,SUPPLEMENT NOVA
A14580,WINA AQUEOUS CREAM 500G,CONSIGNMENT
A14663,POISE PADS EXTRA LONG PLUS 31.5CM 12'S,PERSONAL CARE
A14651,AL-IKHLAS OLIVE OIL EXTRA VIRGIN 250ML,CONSIGNMENT
A14652,AL-IKHLAS OLIVE OIL EXTRA VIRGIN 500ML,FOOD & BEVERAGES
A14647,VITASEN PRO-BIOS BIFIDO KIDS CHEW 30S,SUPPLEMENT
B10728,X-TEMP ORAL SUSPENSION 100ML,POISON
B10729,PHARMANIAGA ZITHROLIDE 250MG 6'S,POISON
A14612,JORDAN STEP 2 (3-5) POUCH ( TP + TB 75g ),PERSONAL CARE
A14614,DEQUADIN LEMON PASTILLE 50G (TIN),FOOD & BEVERAGES
A14621,GILLETTE VENUS SMOOTH 3 BLADES,PERSONAL CARE
A14618,ACULIFE ACU-STRAP,REHAB & SUPPORT
A14619,ACU-LIFE X-LARGE PUSH BUTTON REMINDER,REHAB & SUPPORT
B10746,CLODERM SOLUTION SCALP APPLICATION 0.05% 30ML,POISON
A14686,SNAKE BRAND SHOWER GEL ( RELAXING ) 450ML,PERSONAL CARE
B10749,DAKTARIN CREAM 15G,POISON
B10751,APO-WARFARIN 2MG 1S ,POISON
A14774,OPERATING SCISSORS B/B STR 13CM 5',REHAB & SUPPORT
A14775,COTTON BUDS KIDS CONTAINER 100PCS,OTC
A14776,SUN CARE WATER-RESISTANT SPF50+ PA+++,BABY & MOM
A14757,LITTLE NUUR RTE CHICKEN MAC & CHEESE (MACARONI) 80G,BABY & MOM
A14723,NOVA SP8 ECZIBALM 60ML,SUPPLEMENT NOVA
A13468,LAKEWOOD ORG PURE TART CHERRY 946ML,OTC
A13508,CE KINESIOLOGY SPORT TAPE,REHAB & SUPPORT
A13391,JOHNSON'S BABY POWDER BLOSSOM 100G (CORNSTARCH),OTC
A13430,URINE NARCOTIC TEST 5 IN 1 ,OTC
A13380,JORDAN CLASSIC SOFT 1'S,PERSONAL CARE
A13340,HURIX'S OLIGO HONEY 175G,OTC
B10504,X-TEMP ORAL SUSPENSION 500ML,POISON
A13331,VITAHERB BERRYCOL SYRUP 120ML,OTC
B10489,ILIADIN DECONGESTANT NASAL DROPS 0.01% 5ML (INFANTS),POISON
A13292,QUAD CANE NARROW BASE,REHAB & SUPPORT
A13290,COMMODE CHAIR W/O WHEELS,REHAB & SUPPORT
A13270,GASCOVID ADVANCE LIQUID 150ML,OTC
A13259,HARWANY PATI HARUAN + GINSENG 6+1FOC,OTC
A13260,HARWANY PATI HARUAN + GAMAT 6+1FOC,OTC
A13629,LAKEWOOD ORG PURE CRANBERRY 946ML,OTC
A13606,HURIX'S COLDAWAY NASAL INHALER,OTC
A13665,PSLOVE BACK HEAT 2'S,OTC
A13616,CATALYST VIRGIN COCONUT OIL CAPSULE 30'S,OTC
A13635,YUWELL INFRARED EAR THERMOMETER YHT101,MEDICAL DEVICE & SUPPLY
A13598,OMRON HEM-6161 AUTO WRIST BLOOD PRESSURE MONITOR,MEDICAL DEVICE & SUPPLY
A13596,HURIX'S MOUTH ULCER PLUS WITH ALOE VERA 5GM,OTC
A13573,NIVEA DEO ROLL DEEP SERUM WITH HOKKAIDO ROSE 50ML,PERSONAL CARE
A13565,NIVEA SUN PROTECT & MOISTURE SPF 50+ 125ML,OTC
A13563,NIVEA LB PEACH SHINE WITH NATURAL OILS 4.8G,OTC
A13547,YUWELL BLOOD GLUCOSE METER 582/710,MEDICAL DEVICE & SUPPLY
B10525,LIZA 21'S,POISON
B10562,RETORIN SUSPENSION 200MG/5ML,POISON
A13715,DORAEMON VIT C PASTILLE MANGO 40G,FOOD & BEVERAGES
A13692,TIGERUS TIGGY COCOA CHEWABLE 60'S,OTC
A13649,ALUM SHOULDER CRUTCHES S (CHILD),REHAB & SUPPORT
A13767,PUREEN MADAME MATER PADS 10'S,BABY & MOM
A13765,NIXODERM BIO-SULFUR LIQUID CLEANSER 200ML,PERSONAL CARE
A13750,1907 BRAVA POWDER 25GM 1'S,WOUND & SURGICAL
A13728,HARWANY PATI HARUAN + ALOE VERA 75ML 6+1FOC,OTC
A14239,BABY MACARONI 100G,BABY & MOM
A14203,RIBENA AIR KOTAK 200ML,FOOD & BEVERAGES
A14281,COLGATE TP KAYU SUGI 175G,PERSONAL CARE
A14264,AMMEDA STOCKING OVER KNEE ( L ),REHAB & SUPPORT
A14267,EZYDOSE NETI RINSE NASAL AND SINUS KIT,PERSONAL CARE
A14236,BABY FUSILLI 100G,BABY & MOM
A14289,LIPOSOMAL VITAMIN C 50GM LEMON LIME,OTC
A14283,RICE PUFF AVOCADO & SPINACH 50G,BABY & MOM
A14300,GRACE CARE ARM SLING,REHAB & SUPPORT
A14110,COSMODERM 2 VIT C 500MG RADIANCE TONING ESSENCE 100ML,OTC
A14173,APOLIPO A&B TEST,OTC
A14174,SMITH&NEPHEW INTRASITE GEL 15GM,WOUND & SURGICAL
A14164,ABBOT ENSURE GOLD COFFEE 800G,SUPPLEMENT
A14075,ELEFBEBE WEARABLE ELECTRIC BREAST PUMP BP-W02,BABY & MOM
B10629,PATADAY EYE DROP 2.5ML,POISON
A14053,URINE BAG STERILE HANGER,WOUND & SURGICAL
A14060,~BEBIMORA DIAPANTS (XL),BABY & MOM
A14081,BASIC HEALTH SCREENING,OTC
A13910,TRU-MED WATERPROFF CAST/BANDAGE PROTECTOR 24 (ARM),REHAB & SUPPORT
A13911,TRU-MED WATERPROFF CAST/BANDAGE PROTECTOR 25 (LEG),OTC
A13921,BEN HUSSIN ARABIC GUM SERBUK,OTC
A13922,BEN HUSSIN LUBAN 100G,OTC
A13929,COMMODE CHAIR WITH WHEEL,REHAB & SUPPORT
A13949,SITZ BATH WITH FLUSH HOSE,REHAB & SUPPORT
A13969,KARIHOME GOAT MILK S4 900G,BABY & MOM
A13970,GRANDMA SET TANAM URI,BABY & MOM
A13965,GAUZE ROLL 4PLY,REHAB & SUPPORT
A13973,BABY & MUM HERBA MANDIAN BAYI,BABY & MOM
A14003,VASIA HERBS TUNGKU BATU BERHERBA,BABY & MOM
A14037,UZEN KIDS BODY WASH 250ML,BABY & MOM
A14027,BABY & MUM TUNGKU HERBA,BABY & MOM
A13796,FOREVER ALOE VERA GEL 1L,OTC
PI0013,HBA1C TEST,SERVICE
A13831,TOILET AID FOLDABLE,REHAB & SUPPORT
A13827,BABY&MUM TUNGKU HERBA TRADISIONAL BABY,BABY & MOM
A13861,LP KNEE SUPPORT 647 S/M/L/XL,REHAB & SUPPORT
A13840,STERIMAR BLOCKED NOSE 100ML,OTC
A13885,X2238PK BERGAMOT NITRILE GLOVES (S) PINK 100'S,REHAB & SUPPORT
A13878,FUTURO WRIST COMFORT STABILIZING BRACE (ADJUSTABLE),REHAB & SUPPORT
A13872,BAEBIS SWEET POTATO & PUMPKIN RICE PUFF 5G,BABY & MOM
B10415,AEVA MUROZIN OINTMENT 2% 15G,POISON
A12831,BIOANTIBODY INFLUENZA TEST KIT 2IN1 1S,OTC
B10411,REMEDICA OVA-MIT 50MG BOX 10'S,POISON
A12809,EJEN ALI FABRIC MASK KID (RIZWAN),MEDICAL DEVICE & SUPPLY
A12810,EJEN ALI FABRIC MASK KID (IMAN HEADLOOP),MEDICAL DEVICE & SUPPLY
A12744,CPE MEDICAL GOWN 1'S,WOUND & SURGICAL
A12894,ACCUSURE ELECTRONIC SCALE,MEDICAL DEVICE & SUPPLY
A12881,EVIN ADVANCED ADJUSTBLE ANKLE BRACE,REHAB & SUPPORT
A12884,EVIN ABDOMINAL BINDER SIZE 2,REHAB & SUPPORT
A12885,EVIN ABDOMINAL BINDER SIZE 3,OTC
A12886,EVIN BACK BRACE SIZE 1,OTC
A12887,EVIN BACK BRACE SIZE 2,REHAB & SUPPORT
A12844,*SMITH&NEPHEW ELASTIC COHESIVE BANDAGE 4CM*4M,REHAB & SUPPORT
B10432,D-CURE VITAMIN D3 25000IU 4 AMPOULES,POISON
A12866,VANTELIN KNEE SUPPORT (XL),REHAB & SUPPORT
A12969,"OPERATING SCISSOR S/S STR 13CM (5"")",REHAB & SUPPORT
A13029,HURIX SALAP SERAI WANGI PLUS 10GM,OTC
A13003,*TLS SLIMIX DETOX LIME SACHET 1'S,SUPPLEMENT TLS
A12917,AMMEDA STOCKING UNDER KNEE (XXL),REHAB & SUPPORT
A12906,DISCONTINUE,OTC
A12927,HUDSON'S JUJUBES CLASSIC (TIN) 50G,FOOD & BEVERAGES
A12929,KORDEL'S VIT K2 120MCG W D3 1000IU 60'S,OTC
A12939,VITAHERB ARNICA CALENDULA FORTE RUB,OTC
A12958,PHARMANIAGA ACTIMOL 500MG 10'S (PARACETAMOL),OTC
A12956,DISCONTINUE,OTC
A13257,YUWELL AIR COMPRESSING NEBULIZER 405B,MEDICAL DEVICE & SUPPLY
A13258,YUWELL 405A/405B NEBULIZER KIT SET,MEDICAL DEVICE & SUPPLY
A13252,LAC INOSITOL 500MG 100'S,OTC
B10473,SANDOZ ROTAQOR 20MG STRIP 10'S,POISON
A13222,COSRX ACNE PIMPLE MASTER PATCH 24'S,PERSONAL CARE
A13177,MEDISHIELD FIRST AID KIT MPP159 EQUIPPED PVC,REHAB & SUPPORT
A13178,MEDISHIELD FIRST AID KIT MPL139 EQUIPPED PVC,REHAB & SUPPORT
A13184,"RUDOLFS ORGANIC PURE ( APPLE , BANANA , STRAWBERRY ) 110G",BABY & MOM
A13172,KOTEX OVERNIGHT PANTIES S-M SIZE HIP UP TO 36 2PCS,PERSONAL CARE
A13167,SUNPLAY ULTRA SHIELD UY BODY MIST SPF PA130+++ 165ML,OTC
A13170,BANANA BOAT KIDS SENSITIVE SUNSCREEN LOTION SPF50+ 90ML,PERSONAL CARE
B10463,XEPA UNIVATE 0.05% OINTMENT 15G,POISON
V10040,YUM EARTH POPS,OTC
A13023,DUREX FETHERLITE THIN,OTC
B10449,AXCEL CIMETIDINE 200MG,POISON
A13083,GRACE CARE ANKLE SUPPORT -S,REHAB & SUPPORT
A13085,GRACE CARE ANKLE SUPPORT -L,REHAB & SUPPORT
A12471,SUPER SAFE LATEX GLOVE POWDERED (L) 100'S,REHAB & SUPPORT
A12480,ESCO FIRST AID KIT FAB/0279-ME,REHAB & SUPPORT
A12361,AND COMPRESSOR NEBULIZER,MEDICAL DEVICE & SUPPLY
A12381,APPLE MONKEY MASHED (MANGO & PASSION FRUIT) 100G,BABY & MOM
A12260,COUNTERPAIN 120G,OTC
A12261,LUCAS' PAPAW OINTMENT 25G,OTC
A12211,MEDISHIELD FIRST AID KIT MPM 129 EQUIPPED PVC,REHAB & SUPPORT
A12232,SAMBUCOL ORIGINAL 120ML,OTC
A12233,SYSTANE COMPLETE 10ML,OTC
A12223,FUTURO DELUXE THUMB SUPPORT STABILIZER L/XL,REHAB & SUPPORT
A12218,TIGER BALM WHITE 19G,OTC
A12505,OSTEOACTIV 3-IN-1 JOINT FORMULA TABS 100'S,OTC
B10372,PHARMANIAGA COVINACE 4MG BOX 30'S,POISON
A12626,~FUTURE FOOD EPSOM SALT 500G,CONSIGNMENT DR HANISAH
A12663,ELEFBEBE DISPOSABLE BREAST PADS 60PCS BF-P09,BABY & MOM
A12676,BIOGAIA DROP 5ML,SUPPLEMENT
A12680,VANTELIN WRIST SUPPORT (M),REHAB & SUPPORT
A12674,COLLOMACK TOPICAL SOLUTION 10ML,OTC
B10390,AVAMYS NASAL SPRAY 60D,POISON
A12773,AURELIUS CARE RIPPLE MATTRESS,OTC
B10397,YSP MELASHINE 4% CREAM 20G,POISON
A10853,SYSTANE HYDRATION LUBRICANT EYE DROPS 10ML,OTC
A10810,*SMITH&NEPHEW OPSITE FLEXIGRID 6CM*7CM 5'S,WOUND & SURGICAL
A10824,SNAKE BRAND COOLING POWDER 150G,PERSONAL CARE
A10788,SEVEN SEAS COD LIVER OIL 500'S+100'S,OTC
A10779,SELSUN BLUE PRO-X EX STRENGTH (RED) 120ML,PERSONAL CARE
A10660,T68 HAIR BAND 2IN1,OTC
A10629,ADDITIONAL CANCER,SERVICE
A10627,~CERAVE HYDRATING CLEANSER 236ML,PERSONAL CARE
A10613,ORAL B INTERDENTAL REFILLS -CLY 6'S,OTC
A10720,ROSKEN CREAM SENSITIVE SKIN 75ML,OTC
A10718,ROSKEN LOTION DRY SKIN +VIT E 75ML,OTC
A10695,REPARIL GEL N 20G,OTC
A10692,~SURGICAL DISPOSABLE FACE MASK HL (PINK) 5S,MEDICAL DEVICE & SUPPLY
A10777,SELSUN BLUE PRO EX MOIST (GREEN) 120ML,PERSONAL CARE
A10761,ABBOTT GLUCERNA VANILLA 370G ,OTC
A11120,DETTOL SPRAY CRISP BREEZE 450ML,PERSONAL CARE
A11106,MIRROR DD-44 288/12,OTC
A11180,EGO SEBITAR SCALP TREATMENT 250ML,PERSONAL CARE
A11215,DUODERM HYDRO GEL 15G,OTC
A11223,BABY ORAL CLEANING TOOTHBRUSH SET ( 0-18MONTH ),BABY & MOM
A11212,ESENTIEL SOOTHING CALAMINE LOTION 200ML,BABY & MOM
A11208,ABBOTT ENSURE WHEAT 400G,SUPPLEMENT
A11197,ELEFBEBE SINGLE ELECTRIC BREAST PUMP (BP-D03),BABY & MOM
A11183,ELEFBEBE ELECTRIC NASAL ASPIRATOR (BC-N03),BABY & MOM
A11156,~DOTERRA ON GUARD TOOTHPASTE 4OZ,CONSIGNMENT DR HANISAH
A11069,CAP LANG MINYAK KAYU PUTIH 60ML,OTC
A11186,ELEFBEBE WIDE NECK SILICONE TEATS-2PCS (L) FAST FLOW (FN-W03),BABY & MOM
A10998,JAW HAIR CLIP 2 IN 1,OTC
A11008,MAKE UP SPONGE,OTC
A11010,"NATUFOODIES FREEZE DRIED FRUITEE BITES ( MANGO,BANANA,PAPAYA) 15G",FOOD & BEVERAGES
A10954,DASHING ELITE COOL HAIR WAX 70G,OTC
A10951,PUREEN PURE CORNSTARCH BABY POWDER 125G,BABY & MOM
A10939,WOODWARDS GRIPE WATER 148ML,OTC
A10909,VICKS VAPORUB 25G,OTC
A11047,*BIOLIFE REVITIZ BOX 3*10'S,OTC
A11014,*ACETIN 200MG 1'S (ACETYLCYSTEINE),OTC
A11084,COLGATE KIDS TP BARBIE BUBBLE FRUIT 40G,PERSONAL CARE
A11088,COLGATE TP OPTIC WHITE MINT PLUS MINERAL 100G,PERSONAL CARE
A11053,AEROCHAMBER ADULT (BLUE),MEDICAL DEVICE & SUPPLY
A10445,JOHNSON'S BABY POWDER 500G,BABY & MOM
A10446,JOHNSON'S BABY POWDER BLOSSOM 500G,BABY & MOM
A10425,HYLO-COMOD EYE DROPS 10ML (SODIUM HYALURONATE),OTC
A10295,SOFY AILE URINE ABSORBENT PAD 23CM 50CC 10S,OTC
A10302,DUPHALAC SYRUP 200ML,OTC
A10309,DUREX PLAY 100ML,OTC
A10314,DUREX TOGETHER 3'S,OTC
A10311,DUREX FEATHERLITE ELITE 12S,OTC
A10335,EQUAL CLASSIC 8.5G 100'S TABLET,OTC
A10351,KOTEX OVERNIGHT PANTIES M-L SIZE 5PCS,OTC
A10600,ORADEX ANTIBACTERIAL 400ML,OTC
A10590,OPPO (2022) KNEE SUPPORT (S),OTC
A10591,OPPO (2085) ELBOW SUPPORT (S),REHAB & SUPPORT
A10542,NEOBUN PLASTER 10'S,OTC
A10506,LISTERINE HEALTHY WHITE 250ML,OTC
A10476,KWAN LOONG OIL 57ML,OTC
A10480,LACTUL SOLUTION 100ML,OTC
A10528,MENZZA CREAM 25G,OTC
A10513,GARNIER BC SUNSCREEN MATTE 30ML,OTC
A10510,LISTERINE GREEN TEA LESS INTENSE 250ML,OTC
A10503,OPTREX EYE WASH 110ML,OTC
A10266,DERMOPLEX BURN AID CREAM 25G,WOUND & SURGICAL
A10252,COUNTERPAIN COOL 60G,OTC
A10192,LISTERINE TOTAL CARE 100ML,OTC
A10206,EVIN EVERYDAY WRIST SUPPORT SIZE M,REHAB & SUPPORT
A10199,PROGESTERON TEST ,CONSIGNMENT
A10197,ACCU-CHEK SOFTCLIX LANCET 100S,OTC
A10185,GAUZE SWAB 10CM*10CM 100'S,WOUND & SURGICAL
A10182,CAP LANG BALSEM GOSOK 40G,OTC
A10166,BM OMEGA-3 FISH OIL 1000MG 30'S,SUPPLEMENT
A10167,BM VIT D3 1000IU 60'S,SUPPLEMENT
A10021,ACCU-CHECK INSTANT STRIPS 25'S,MEDICAL DEVICE & SUPPLY
A10014,21ST CEN VIT C ORANGE CHEWABLE 500MG 100'S,OTC
A10010,21ST CEN VIT C 500MG PROLONGED RELEASE 90'S,OTC
A10007,21ST CEN ONE A DAY 30'S,OTC
A10001,21ST CEN CRANBERRY JUICE 500ML,OTC
A10053,ALOCLAIR GEL 8ML,OTC
A10061,AMMEDA STOCKING OVER KNEE ( M ),REHAB & SUPPORT
A10034,ACU-LIFE WEEKLY PILL ORGANIZER,OTC
A10035,AFTAMED JUNIOR ORAL GEL 8ML,OTC
A10099,AQUACREAM 500G,OTC
A10074,21ST CEN SAW PALMETTO EXTRACT 640MG 30S,OTC
A10071,AMMELTZ YOKO YOKO MASSAGE CREAM 60G,OTC
A10113,BANANA BOAT SPORT ULTRA SUNSCREEN LOTION SPF50++ 90ML,PERSONAL CARE
A10110,BACIDIN ANTISEPTIC CREAM 15G,WOUND & SURGICAL
A10133,BETADINE DRY POWDER SPRAY 55G,WOUND & SURGICAL
A10128,BEPANTHEN OINTMENT 30G,OTC
A11558,~SURGICAL DISPOSABLE FACE MASK EL (PINK) 5S,MEDICAL DEVICE & SUPPLY
A11555,SENSODYNE CW STAIN PRO TP 100G,PERSONAL CARE
A11556,BANANA BOAT SPORT ULTRA SUNSCREEN LOTION SPF50 90ML,OTC
A11539,QUORBYX M5.0 CREAM 100G,OTC
A11524,DISCONTINUE,OTC
A11536,DISCONTINUE,OTC
A11517,UMBRELLA WALKING STICK,REHAB & SUPPORT
A11482,EVIN ELECTRIC NASAL ASPIRATOR ( NC005 ),BABY & MOM
A11288,JOHNSON'S TOP-TO-TOE BABYBATH 200ML,BABY & MOM
A11291,JORDAN KIDS TP STEP 1 75G,PERSONAL CARE
A11286,JOHNSON'S BABY LOTION MILK 200ML,BABY & MOM
A11250,DARLIE GREEN TEA MOUTH SPRAY 8ML,PERSONAL CARE
A11384,ORAL B ESS MINT WAXED FLOSS 50M*2,OTC
A11379,NESTLE NUTREN OPTIMUM 400G,OTC
A11415,PIASCLEDINE BOX 30'S,OTC
A11324,PYRIDOXINE 10MG TABLET,SUPPLEMENT
B10079,HOE GENTAMICIN 0.1% CREAM 15G,POISON
B10058,FASTUM GEL 2.5% 30G,POISON
B10018,AXCEL LIGNOCAINE 2% GEL 20G,POISON
A11651,RAINFOREST HERBS COCONUT MCT OIL 200ML,OTC
A11579,PUREEN LIQ CLEANSER NO FLAVOUR 750ML,BABY & MOM
A10716,*ROSKEN CREAM DRY SKIN 250ML,PERSONAL CARE
B10172,YSP VIRLESS 800MG STRIP 5'S,POISON
A11568,M-ZOLE CHEWABLE TABLET 1'S,OTC
B10163,YSP CINNA 25MG STRIP 10'S,POISON
A11617,EVIN BACK BRACE ADJUSTABLE EASY PULL MESH L/XL,REHAB & SUPPORT
A11618,EVIN BACK BRACE ADJUSTABLE EASY PULL MESH S/M,REHAB & SUPPORT
A11620,EVIN BACK BRACE ADJUSTABLE EASY PULL MESH XXL,REHAB & SUPPORT
A11610,EVIN ADJUSTABLE SHOULDER SUPPORT,REHAB & SUPPORT
A11597,SAFI MINYAK ZAITUN ROSEHIP (RED) 150ML,OTC
A11595,SAFI MINYAK ZAITUN ROSEHIP (RED) 50ML,OTC
A11585,LACTACYD ODOR FRESH  60ML,OTC
A12000,GKB TIGER MILK MUSHROOM 60'S,OTC
A11996,PUREEN TRAVO MATERNITY (XL),PERSONAL CARE
A12059,LP KNEE SUPPORT (S),REHAB & SUPPORT
A12049,AMMEDA DELUXE LUMBAR SUPPORT (M),REHAB & SUPPORT
A12050,AMMEDA DELUXE LUMBAR SUPPORT (L),REHAB & SUPPORT
A12051,AMMEDA DELUXE LUMBAR SUPPORT (XL),REHAB & SUPPORT
A12052,DR MED MATERNITY BELT,BABY & MOM
A12041,SCOTT'S MULTIVITAMIN GUMMIES (APPLE) 60'S,OTC
A12037,MEDISHIELD FIRST AID BOX EQUIP MAM329,REHAB & SUPPORT
A11953,COLGATE SENSITIVE PRO RELIEF COMPLETE PROTECT 110G,PERSONAL CARE
A11954,COLGATE SUGAR ACID NEUTRALIZER 225G,PERSONAL CARE
A12137,FC BIO SANITARY PADS (RED) 10S,OTC
A12182,LIFEBUOY BW MILD LEMON FRESH 500ML,PERSONAL CARE
B10324,DUPHASTON 10MG 20'S,POISON
A12187,PALESTINIAN EXTRA VIRGIN OLIVE OIL 250ML,OTC
A12188,ACCU-CHECK GUIDE STRIPS 50'S,MEDICAL DEVICE & SUPPLY
B10306,BIOSONIDE 200MCG HFA METERED DOSE INHALER,POISON
A12113,BERGAMOT NITRILE GLOVES (S) BLUE 100'S X2230,REHAB & SUPPORT
A12131,SURGICAL SPIRIT 4L,OTC
A12135,5985 ALT 1PC MAXI 70MM 30'S BAG,WOUND & SURGICAL
A12107,MIGRACARE LAVENDER ESSENTIAL OIL 5ML,OTC
A12104,COSMODERM VIT E CREAM 3000IU 50G,OTC
A11756,HURIX'S GAMAT PLUS OINTMENT 10GM,OTC
A11752,LATEX GLOVE POWDER FREE (L) 100'S,OTC
A11760,OSTEOACTIV 3-IN-1 JOINT FORMULA POWDER 30'S,OTC
B10245,VOLTAREN 12HOURS EMULGEL 2% GEL 30G,POISON
A11875,INCENTIVE SPIROMETER 3 BALL RESPIRATORY EXERCISER,MEDICAL DEVICE & SUPPLY
A11845,PAN MATE BRIEFS (L) 6'S,PERSONAL CARE
A11894,RAINFOREST HERBS COCONUT MCT OIL 500ML,OTC
B10269,HOE DECOZOL ORAL GEL 15G,POISON
A11927,~YUM EARTH ORGANIC POPS FAVOURITES 87G,CONSIGNMENT DR HANISAH
A11929,TABLET TOOTHPASTE CHEW & BRUSH 25G,OTC
A11928,MY ANTIDOTE BAMBOO TOOTHBRUSH,OTC
B10272,NORDETTE BOX 21'S,POISON
B10268,GANATON 50MG 10'S,POISON
A11912,GENGIGEL SPRAY 20ML,OTC
A11878,IDEALCARE YANKAUER SUCTION FLAT TIP 1'S,WOUND & SURGICAL
A11848,REMDII SENSITIVE DAILY INTENSIVE MOIST CREAM 50ML,PERSONAL CARE
A11873,DR S ORTHO ANTI-EMBOLISM STOCKING (M),OTC
B10193,AUGMENTIN 625MG BOX 10'S,POISON
B10199,*METEOSPASMYL STRIP 10'S,POISON
B10200,CLARINASE 24H STRIP 10'S,POISON
A11725,BARIKEL + 75G STRAWBERRY 300ML,BABY & MOM
B10209,SANOFI TELFAST SUSPENSION 30MG/5ML 60ML,POISON
A11778,STRETCH MARK CREAM 25G,BABY & MOM
A12099,COTTON WOOL 300G,REHAB & SUPPORT
A12144,*PARODONTAX ORIGINAL 90G,OTC
B10300,*ZYLOVAA 100MG STRIP 10'S,POISON
A12119,RENU FRESH MULTI PURPOSE SOL 120ML,OTC
B10326,ELOMET CREAM 15G,POISON
B10302,*CRESTOR 10MG STRIP 14'S,POISON
A12199,BODY SHOWER BRUSH (SOFT),PERSONAL CARE
A11989,NL STORE GARLIC BABY BALM 30G,OTC
A12042,SCOTT'S MULTIVITAMIN GUMMIES (MANGO) 60'S,OTC
A12061,FUTURO ADJUSTABLE WRIST SUPPORT,OTC
A12028,DERMATIX ULTRA 15G,OTC
A11591,SENSODYNE CW ENAMEL STRENGTHENING TP 100G,PERSONAL CARE
A11594,SAFI MINYAK ZAITUN GAMAT (BLUE) 50ML,OTC
A11600,LOVILLEA GELLY COLOGNE FRUITY FLORAL PINK 100ML,OTC
A11604,SHURAH PEWARNA RAMBUT - 1 (HITAM),PERSONAL CARE
A11612,TOPSEAL KINESIOLOGY TAPE 5CM*5M,REHAB & SUPPORT
B10170,YSP TIDACT 1% GEL 20G,POISON
B10171,YSP TRETINON CREAM 0.05% 20G,POISON
A11584,LACTACYD ALL DAY CARE  60ML,OTC
A11577,PUREEN LIQ CLEANSER MINT 750ML,BABY & MOM
A11673,ORG CHIA SEED 168G,CONSIGNMENT DR HANISAH
A11629,ROSKEN CREAM DRY SKIN 75ML,OTC
A11631,LISTERINE TOTAL CARE LESS INTENSE 100ML,OTC
A11632,21ST CEN ROYAL PROPOLLEN 30'S,OTC
B10020,YAZ BOX 28'S,POISON
B10031,CANDID-B CREAM 15G,POISON
B10036,CHLOROP EYE OINTMENT 5G,POISON
B10047,DIANE 35 BOX 21'S,POISON
B10065,FUCIDIN H CREAM 15G,POISON
B10066,BENZAC AC 5% GEL 15G,POISON
B10061,FUCICORT CREAM 15G,POISON
B10062,FUCICORT CREAM 5G,POISON
B10124,PRISTINE SHAMPOO 120ML (KETOCONAZOLE),POISON
B10113,NUROFEN FOR CHILDREN 60ML,POISON
A11388,EVIN BABY SILICONE PACIFIER OBLATE 1S,BABY & MOM
A11262,HIMALAYA ANTI-DANDRUFF SHAMPOO GENTLE CLEANSER 400ML,OTC
A11263,HIMALAYA PROTEIN SHAMPOO REPAIR & REGENARATE 400ML,PERSONAL CARE
A11264,HIMALAYA PROTEIN SHAMPOO GENTLE DAILY CARE 400ML,PERSONAL CARE
A11282,HURIXS PAIN RELIEF MASSAGE BALM 20G,OTC
A11276,HOVID MIXTURE MAGNESIUM TRISILICATE 120ML,OTC
A11293,KANGAROO EUCALYPTUS OIL 28ML,OTC
A11296,EQUAL STEVIA 200'S TABLET,OTC
A11323,CLEAN & CLEAR OIL CONTROL FILM 60S,PERSONAL CARE
A11489,TIGER BALM WHITE 4G,OTC
A11461,SIMPLE VIT C GLOW FACIAL WASH 150ML,PERSONAL CARE
A11522,PRIMES HAND THERAPY BALL PINK/YELLOW 1'S,REHAB & SUPPORT
A11557,BANANA BOAT KIDS SENSITIVE SPRAY SUNSCREEN SPF50 170G,PERSONAL CARE
A11554,H-DERM SOOTHING CREAM 50G,OTC
B10012,APO-HYDRO/ZIDE 25MG 30'S,POISON
B10013,APO-HYDRO/ZIDE 50MG 30'S,POISON
A10129,BEPANTHEN FIRST AID CREAM 30G,WOUND & SURGICAL
A10087,APPETON ESSENTIAL MILK CALCIUM 120'S,OTC
A10036,AFTAMED ORAL GEL 8ML,OTC
A10040,AIKEN CRACKED HEEL CREAM 50G,PERSONAL CARE
A10009,21ST CEN PROBIOTICS 90'S,OTC
A10012,21ST CEN VIT C ORANGE CHEWABLE 250MG 100'S,OTC
A10013,21ST CEN VIT C ACID FREE 500MG 50'S,OTC
A10017,21ST CEN SPIRULINA 1000MG 30'S,OTC
A10028,ACU-LIFE PILL CRUSHER & CONTAINER,REHAB & SUPPORT
A10158,BM EXECUTIVE B 30'S,SUPPLEMENT
A10153,SCOTT'S DHA CHEW GUMMY (3FLAVOUR) 60'S,OTC
A10176,CAP KAKI TIGA TINEA SKIN SOLUTION 12ML,OTC
A10163,ANGELBISS AEROCHAMBER (CHILD),MEDICAL DEVICE & SUPPLY
A10181,O'CLEAN BABY ORAL CLEANER 30S,BABY & MOM
A10205,EVIN EVERYDAY WRIST SUPPORT SIZE L,REHAB & SUPPORT
A10248,"COSMODERM VIT E OIL 30,000IU 30ML",OTC
A10237,TIGER BALM PLUS 30G,OTC
A10239,COLGATE TB SLIM SOFT GOLD 1'S,PERSONAL CARE
A10259,CUTICURA TALC POWDER 250G,PERSONAL CARE
A10260,*DAFLON 500MG 15'S (DIOSMIN + HESPERIDIN),OTC
A10277,DUNIA HERBS LOTION PATI HALIA+LIMAU 130ML,OTC
A10278,DUNIA HERBS LOTION SUPER HOT+CAPSICUM 130ML,OTC
A10272,DETTOL LIQUID 50ML,OTC
A10273,DETTOL LIQUID 125ML,OTC
A10274,DETTOL LIQUID 250ML,OTC
A10282,DONNA FORTE 500MG 30'S,OTC
A10251,COUNTERPAIN 60G,OTC
A10505,COSMODERM MANJAKANI FEMININE HYGIENE WASH 375ML,OTC
A10501,LISTERINE COOL MINT 100ML,OTC
A10502,LISTERINE COOL MINT LESS INTENSE 100ML,PERSONAL CARE
A10497,GARNIER DRY TOUCH MOCHI BRIGHT 30ML,OTC
A10498,GARNIER DRY TOUCH MOCHI ACNE 30ML,OTC
A10499,EVIN WIDE NECK TALL 300ML ,BABY & MOM
A10511,LISTERINE ORGINAL 100ML,OTC
A10450,JORDAN BUDDY 5-10 SOFT 1'S,PERSONAL CARE
A10475,KWAN LOONG OIL 28ML,OTC
A10544,NEUROGAIN PB 500MG FOR MOTHER 30'S,OTC
A10592,OPPO (2085) ELBOW SUPPORT (L),REHAB & SUPPORT
A10598,ORACARE TONGUE CLEANER 1'S,OTC
A10579,OBICAL 30'S,OTC
A10566,NIXODERM OINTMENT 5.3G,OTC
A10563,NIVEA M DEO ROLL ON COOL KICK 50ML,PERSONAL CARE
A10358,FOTE ALOE VERA GEL 170G,OTC
A10374,TOP SEAL GLOVES LATEX POWDER FREE ( S ) 100S,REHAB & SUPPORT
A10308,DUREX LOVE 3'S,OTC
A10306,DUREX EXTRA SAFE 3'S,OTC
A10304,DUREX CLOSE FIT 3'S,OTC
A10423,HYDROCYN 500ML,WOUND & SURGICAL
A10435,JOHNSON'S BABY LOTION BEDTIME 100ML,OTC
A10436,JOHNSON'S BABY OIL REGULAR 125ML,BABY & MOM
A10438,JOHNSON'S BABY OIL ALOE VERA 125ML,BABY & MOM
A10418,HURIX'S UBAT BATUK (KIDS) 60ML,OTC
A10413,HURIX'S MY KIDS APPETIZER SYRUP 100ML,OTC
A10414,HURIX'S UBAT BATUK GAMAT & MADU PLUS 100ML,OTC
A10377,HANSAPLAST CARTOON MICKEY MOUSE 20'S,OTC
A10401,EVIN EVERYDAY KNEE SUPPORT XXL SIZE,REHAB & SUPPORT
A10389,TOP SEAL GLOVES LATEX POWDER FREE ( M ) 100S,MEDICAL DEVICE & SUPPLY
A11062,CAP KUDA MINYAK MERAH 60ML,OTC
A10942,AMMELTZ YOKO YOKO MASSAGE CREAM 30G,OTC
A10962,GARNIER CN HAIR COLOUR CRM RICHE 4 BX,OTC
A10989,GILLETTE MACH3 FRESH CATRIDGE 3'S,PERSONAL CARE
A10979,NIVEA M EXTRA BRIGHT MUD FOAM 100G,PERSONAL CARE
A10945,YU YEE OIL 22ML,BABY & MOM
A11189,ELEFBEBE WIDE NECK SILICONE TEATS (XL) 2PCS (FN-W04)VARIABLE FLOW,BABY & MOM
A11185,ELEFBEBE NATURAL SILICONE TEATS 2'S 12M+ (FN-T04),BABY & MOM
A11199,ELEFBEBE SYRING TYPE BREAST PUMP (BP-M09),BABY & MOM
A11191,ELEFBEBE NATURAL SILICONE TEATS 2'S 6M+ (FN-T02),BABY & MOM
A11192,ELEFBEBE NATURAL SILICONE TEATS 2'S 3M+ (FN-T01),BABY & MOM
A11193,ELEFBEBE SILICONE BREAST PUMP W/STOPPER (BF-M01),BABY & MOM
A11194,ELEFBEBE SILICONE PACIFIER (0-12 MONTHS) (BS-S01),BABY & MOM
A11195,ELEFBEBE SILICONE PACIFIER (ORTHO) 0-12M (BS-S03),BABY & MOM
A11201,ELEFBEBE WIDE NECK SINGLE BOTTLE 240ML/8OZ FB-W02,BABY & MOM
A11225,ESCO FIRST AID BOX FAB 0019-PV,REHAB & SUPPORT
A11246,SUNSWEET USA PRUNE JUICE 32OZ/946ML ,FOOD & BEVERAGES
A11229,DHERBS DAUN SEMAMBU LIQUID 550ML,PERSONAL CARE
A11093,COLGATE TB TWISTER 1'S,PERSONAL CARE
A11121,DETTOL SPRAY LEMON BREEZE 450ML,PERSONAL CARE
A11122,DETTOL SPRAY MORNING DEW 450ML,PERSONAL CARE
A10764,SEBAMED BABY CREAM EXTRA SOFT 50ML,BABY & MOM
A10740,SAMBUCOL KIDS + C & ZINC 120ML,OTC
A10746,SCOTT'S DHA CHEW GUMMY (STRAWBERRY) 60'S,OTC
A10742,SCABOMA LOTION 100ML,OTC
A10748,SCOTT'S EMULSION ORANGE 400ML,OTC
A10684,PUREEN NAPPY RASH CREAM 50G,BABY & MOM
A10603,ORADEX SUPREME 400ML,OTC
A10616,ORREGEL 15G,OTC
A10636,PALMER'S NURSING BUTTER CREAM 30G,BABY & MOM
A10631,DR WOUND BIOHEAL GEL 20ML,OTC
A10621,GARNIER CLEAN MICELLAR WATER PINK 125ML,OTC
A10638,PAN MATE BRIEFS (XXL) 6'S,PERSONAL CARE
A10676,PROSPAN COUGH SYRUP 200ML,OTC
A10679,PUREEN BABY TALC SKIN PROTECT ANT 100GM,BABY & MOM
A10654,PERSKINDOL COOL GEL 100ML,OTC
A10664,POLIDENT 3 MINUTE CLEANSER 16'S,OTC
A10789,SEVEN SEAS MVT SYRUP 100ML,OTC
A10815,SOFY COOLING PANTYLINER 155MM 40S,PERSONAL CARE
A10805,SMELLY NO MORE 120G,OTC
A10806,SMELLY NO MORE 60G,OTC
A10811,*SMITH&NEPHEW OPSITE SPRAY 40ML,WOUND & SURGICAL
A10833,STREPSILS EXTRA STRONG 6'S,FOOD & BEVERAGES
A10864,TENA ZINC CREAM 100ML,REHAB & SUPPORT
A10865,TIGER BALM MOSQUITO REPELLANT SPRAY NAT 60ML,OTC
A10866,TIGER BALM NECK & SHOULDER RUB BOOST 50G,OTC
A10896,VASELINE LIP THERAPY COCOA 7G,OTC
A12698,FREEGO DISPOSABLE PANTIES (L),PERSONAL CARE
A12742,"RUDOLFS ORGANIC PURE (PEAR , BANANA , GOOSEBERRY) 110G",BABY & MOM
B10389,AVORIUS 5MG,POISON
A12640,TIGER BALM PLUS 19G,OTC
A12679,VANTELIN WRIST SUPPORT (S),REHAB & SUPPORT
A12677,VANTELIN ANKLE SUPPORT (M),REHAB & SUPPORT
A12662,ELEFBEBE FINGER TOOTHBRUSH & CASE (BC-F01),BABY & MOM
A12582,ELBOW CRUTCHES,REHAB & SUPPORT
B10371,*PHARMANIAGA SIMVASTATIN 40MG STRIP 10'S,POISON
A12495,~FUTURE FOOD EASY BREATHE 10ML,CONSIGNMENT DR HANISAH
A12482,PERSKINDOL GEL YELLOW 100ML,OTC
A12514,KOTEX HERBAL COOL MXDAY NWG 24CM 16S ,PERSONAL CARE
A12515,INSTANT ICE PACK 160G,REHAB & SUPPORT
A12511,JOHNSON'S BABY POWDER BEDTIME 100G,BABY & MOM
A12530,PETANI BALM TELON 23G,BABY & MOM
A12531,PETANI BALM BUAH PALA PLUS 23G,OTC
A12523,QUAD CANE WIDE BASE,REHAB & SUPPORT
B10376,HOVID ALLOPURINOL 100MG STRIP 10'S,POISON
A12220,VASELINE INT CARE ALOE SOOTHE BODY LOTION 120ML,OTC
A12244,DETTOL BAR SOAP ORIGINAL 100G*4,PERSONAL CARE
A12238,VASELINE PETROLEUM JELLY 100ML,OTC
B10347,BETANOR 24MG STRIP 10'S,POISON
B10339,BETALOC 50MG STRIP 20'S,POISON
A12292,QUORBYX G25 CREAM 100GM,OTC
A12394,HEMOPATCH BICARB 4.5X4.5CM 1'S,OTC
A13086,GRACE CARE ANKLE SUPPORT -XL,REHAB & SUPPORT
A13079,TIGER BALM WHITE 30G,OTC
B10458,*CRESTOR 20MG STRIP 14'S,POISON
A13043,EVIN ADVANCED ADJUSTBLE WRIST BRACE,REHAB & SUPPORT
A13070,MANICURE SET LOOSE,OTC
A13065,NANOGLIDE 6MM PACK 10'S,MEDICAL DEVICE & SUPPLY
V10032,ON GUARD CANDY DOTERRA,OTC
V10020,DERMATIX,OTC
V10014,DOTTERA CANDY GINGER LEMON,OTC
A13095,ORADEX EVERYDAY 250ML (GREEN),OTC
B10469,POTRELEASE 600MG 10'S,OTC
A13162,ROHTO EYE WASH COOL 150ML,OTC
B10472,SANDOZ ROTAQOR 10MG STRIP 10'S,POISON
B10479,DYNA AMOXYCILLIN 250MG/5ML,POISON
B10482,T3 ADA (ADAPALENE) GEL 0.1% 25G,POISON
A13203,EVIN COMPRESSION KNEE SLEEVE SIZE M,REHAB & SUPPORT
A13204,EVIN COMPRESSION KNEE SLEEVE SIZE L,OTC
A13205,EVIN COMPRESSION KNEE SLEEVE SIZE XL,REHAB & SUPPORT
A12948,HUDSON'S JUJUBES HONEY LEMON (BOTTLE) 50GM,FOOD & BEVERAGES
A12928,BACTIDOL MOUTHWASH 250ML,PERSONAL CARE
A12892,EVIN 2 SIDED TONGUE CLEANER,PERSONAL CARE
A13006,LOVILLEA GELLY COLOGNE WHITE FLORAL BLUE 100ML,PERSONAL CARE
A13022,VASELINE LIP THERAPY ROSY 7G,OTC
A12976,FULLICON PUSH & TURN PILL BOX,REHAB & SUPPORT
A12978,VITAHERB IVY LEAF 35MG/5ML COUGH SYRUP,OTC
A12974,STERILE GAUZE SWAB 5CM*5CM,WOUND & SURGICAL
B10428,FLUTINIDE NASAL SPRAY 50MCG,POISON
A12877,3/4 SILICONE ORTHOTIC INSOLES (L),REHAB & SUPPORT
A12880,EVIN ADVANCED ADJUSTABLE ELBOW BRACE,REHAB & SUPPORT
A12806,BAE HANNA FABRIC MASK EARLOOP (KID),MEDICAL DEVICE & SUPPLY
A12804,FABRIC MASK EL DR. MAMA V5,MEDICAL DEVICE & SUPPLY
A12815,4 IN 1 ACNE PIMPLE BLACKHEAD REMOVAL KIT,CONSIGNMENT
A13887,BM PREGNANCY & BREAST-FEEDING GOLD 60'S,SUPPLEMENT
A13902,FISHERMAN'S FRIEND MINT 25G ( GREEN ),FOOD & BEVERAGES
A13836,WALKING FRAME RUBBER TIP,REHAB & SUPPORT
A13829,STANDARD WHEELCHAIR ,REHAB & SUPPORT
A13834,RUBBER TIP SHOULDER/ELBOW CRUTCHES,REHAB & SUPPORT
A13826,BABY&MUM BARUT BABY PAKET,BABY & MOM
A13818,KERUSI SOLAT EMPAT KAKI,REHAB & SUPPORT
A13808,HANSAPLAST WOUND SPRAY 50ML,OTC
A13800,LOVILLEA GELLY COLOGNE CHYPRE FLORAL YELLOW 100ML,PERSONAL CARE
A13792,ACU-LIFE DRY EARS,REHAB & SUPPORT
A14034,CAVIDAGEL 30GM,WOUND & SURGICAL
A14026,HERBION LINKUS NOVA STRAWBERRY 9'S,FOOD & BEVERAGES
A14019,POLIDENT PRO RETAINER & GUARD 36'S,OTC
A14005,BABY & MUM SET PENGURUSAN URI,BABY & MOM
A13967,KARIHOME GOAT MILK S2 400G,BABY & MOM
A13932,SEVEN SEAS MV SYRUP 500ML,OTC
A13952,ABOTT GLUCERNA CHOCOLATE 800G,SUPPLEMENT
A13953,PUREEN COTTON BUD 200TIPS DRUM,BABY & MOM
A13960,PUREEN BABY LOTION 225ML,BABY & MOM
A13961,PUREEN NAC BABY NAIL CLIPPER,OTC
A13948,ANGELBISS AEROCHAMBER (INFANT),MEDICAL DEVICE & SUPPLY
A13916,LUXOR JELI GAMAT 350ML,OTC
A14047,BANANA BOAT ULTRA PROTECT SPRAY SPF50 170G,PERSONAL CARE
A14057,GARAM BUKIT SERBAGUNA 600G,OTC
A14079,EVIN EVERYDAY WRIST SUPPORT S,REHAB & SUPPORT
A14073,ELEFBEBE BREAST SHIELDS S/M BF-M09,BABY & MOM
A14106,SUNSWEET USA PRUNE ZIPPER BAG 200G ,FOOD & BEVERAGES
A14102,NUR CARE CLEAN EARS SPRAY 15ML,OTC
A14263,AMMEDA STOCKING OVER KNEE ( S ),REHAB & SUPPORT
000019,AMMEDA STOCKING OVER KNEE ( XL ),REHAB & SUPPORT
A14261,MUNIF HIJJAZ COCOA DENGAN ARABIC GUM 900G,BABY & MOM
A14270,AMMEDA STOCKING UNDER KNEE (M),REHAB & SUPPORT
A14240,PANCAKE SWEET POTATO 90G,BABY & MOM
A14238,BABY SHELL 100G,BABY & MOM
A14241,PANCAKE PUMPKIN 90G,CONSIGNMENT
A14235,BABY MACARONI 300G,BABY & MOM
A13731,BERGAMOT NITRILE GLOVES (S) BLACK 100'S X2235BK,REHAB & SUPPORT
A13734,BERGAMOT NITRILE GLOVES (L) BLUE 100'S X2230,OTC
B10580,AUGMENTIN 228MG/5ML SUSP 70ML,POISON
A13761,2655 BRAVA STRIP PASTE 10'S,WOUND & SURGICAL
A13763,13860 ALTERNA FREE TRANS 70MM 1PC 10'S,REHAB & SUPPORT
B10585,HOE BEPROSONE OINMENT 15G,POISON
A13670,HIALID 0.1% EYE DROP 5ML,OTC
B10566,EUTHYROX 25MCG STRIP 25'S,POISON
A13559,DETTOL BAR SOAP COOL 100G*4,PERSONAL CARE
A13568,TREATMORZ SKIN OIL 8ML,OTC
A13564,NIVEA LB DERMA REPAIR 4.8G,OTC
A13560,NIVEA M DEO ROLL FRESH ACTIVE 50ML,PERSONAL CARE
A13566,NIVEA SUN PROTECT & MOISTURE SPF 50 + 75ML,OTC
A13636,YUWELL INFRARED FOREHEAD THERMOMETER YT-2,MEDICAL DEVICE & SUPPLY
B10553,TERNOLOL 50MG 10S,POISON
A13602,AVEENO SKIN RELIEF MOISTURIZING & COOLING CREAM 312G,OTC
A13630,ACU LIFE NASAL ASPIRATOR INFANTS,OTC
B10548,VASTAREL MR 35MG 30'S,POISON
A13614,EVIN COMPRESSION KNEE SLEEVE SIZE XXL,OTC
A13291,ALUM SHOULDER CRUTCHES M (ADULT),REHAB & SUPPORT
A13346,RYLES TUBE SIZE 14 FG,WOUND & SURGICAL
A13365,CAP LANG MINYAK TELON 60ML,BABY & MOM
A13367,KOTEX PADS SS MAXI NIGHT NON WING 28CM 8'S,PERSONAL CARE
A13332,OB PROCOMFORT TAMPONS REGULAR 32'S,PERSONAL CARE
A13421,GARNIER M SHAMPOO HAIR COLOUR DARK BROWN SH3,OTC
A13422,GARNIER M SHAMPOO HAIR COLOUR NATURAL BLACK SH1,PERSONAL CARE
A13392,JOHNSON'S BABY POWDER BEDTIME 500G,BABY & MOM
A13394,LOVILLEA C&B SUNSCREEN SPF50+ (SUNMATTE SHIELD) 30G,PERSONAL CARE
A13400,APIPRO AQUA KIDS 20ML,OTC
B10518,APO-GABAPENTIN 300MG 10'S,POISON
A13520,GANILIA CAPS 30'S,OTC
A13519,MALTOFER SYP 150ML,OTC
A13444,VANTELIN ANKLE SUPPORT (S),REHAB & SUPPORT
A14739,HURIX HAEMOAID CAPSULE 20S,OTC
A14763,ETHNO LIFE SACHA INCHI 40G TEA  (20S),FOOD & BEVERAGES
A14759,ADHWA BERAS LABU KURMA 150G,BABY & MOM
A14777,EVIN WALKING STICK NON FOLDABLEFLEXIBLE BASE,REHAB & SUPPORT
A14778,EVIN ALUMINIUM TRIPOD CANE WIDE SEAT,REHAB & SUPPORT
A14781,FRANCH HERBAL HAIR OIL (COOLING MINT)  200ML,PERSONAL CARE
A14782,FRANCH HERBAL HAIR OIL (HENNA)  200ML,PERSONAL CARE
A14793,FD FACIAL VEG. SPONGE 90*10MM ROUND ( S002 ) 1S,PERSONAL CARE
A14797,FD TWO WAY CAKE SPONGES GOURD ( TWCSX ) 1S,PERSONAL CARE
A14761,ADHWA BERAS AYAM SAYUR 15Gx10'S,BABY & MOM
A14710,NOVA SP8 STRETCH MARK CREAM 100ML,SUPPLEMENT NOVA
A14682,ORADEX SUPREME  MOUTHWASH 250ML ,PERSONAL CARE
A14673,NOVA SP8 ECZISERUM 30ML,SUPPLEMENT NOVA
B10734,BACITRACIN-N OINTMENT 10G,POISON
A14613,JORDAN STEP 3 (6-9) POUCH ( TP + TB 75g ),PERSONAL CARE
A14617,ACULIFE 1 WEEK PLUS ORGANIZER DELUXE,REHAB & SUPPORT
B10730,PHARMANIAGA ZITHROLIDE 500MG 3'S,POISON
A14593,FIRST AID KIT ABS MAS 319 SMALL EQUIPPED,CONSIGNMENT
A14654,VITAHEALTH L-GLUTATHIONE PLUS 30S,CONSIGNMENT
A14667,URIGHT STRIP 25'S,MEDICAL DEVICE & SUPPLY
A14571,BIOLIFE CALCIUM & MAGNESIUM PLUS 100S,CONSIGNMENT
A14577,NOVA SP8 BABY MOISTURISING CREAM 75ML,SUPPLEMENT NOVA
B10726,SANDOZ ROSUVASTATIN 10MG 15'S,CONSIGNMENT
A14551,21ST CEN NOURISHAIR TONIC 4OZ,PERSONAL CARE
A14549,21ST CEN MONTMORENCY TART CHERRY JUICE CONCENTRATE 500ML,CONSIGNMENT
A14545,21ST CEN SPECTRUM MULTIVITAMINS & MINERALS 30S,CONSIGNMENT
A14547,21ST CEN CHILDREN'S WEIGHT GAIN POWDER (CHOC) 250G,CONSIGNMENT
A14548,21ST CEN MUSCLE BUILDER WEIGHT GAIN POWDER (CHOC) 250G,CONSIGNMENT
A14563,ELLIPS VITAMIN HAIR TREATMENT (GINSENG & HONEY OIL) 6S,PERSONAL CARE
A14561,ELLIPS VITAMIN HAIR TREATMENT (TRIPLE CARE) 6S ,CONSIGNMENT
A14574,NOVA SP8 ECZICREAM 50ML,SUPPLEMENT NOVA
A14569,NIVEA CREAM 150ML,CONSIGNMENT
A14400,BABY FIRST FEED RICE CEREAL SWEET POTATO 200G,BABY & MOM
A14396,RICE STICK ORIGINAL 50G,BABY & MOM
A14336,HURIX'S SINUSCARE NASAL INHALER,OTC
A14369,CALAZITE LOTION 60ML ROLL,OTC
B10677,AXCEL CEFUROXIME 250MG CAP 10'S,POISON
A14447,INSTA-C CLEANSING BAR 75G,CONSIGNMENT
A14451,SUSTINEX ORGANIC CHIA SEEDS (220GM),SUPPLEMENT NOVA
A14480,SENDO GENTLE EVERYDAY SHAMPOO 250ML,PERSONAL CARE
A14481,SENDO SENSITIVE CALMING SHAMPOO 250ML,PERSONAL CARE
A14482,SENDO SENSITIVE CALMING SCALP CREAM GEL 100ML,PERSONAL CARE
A14496,JOHNSON'S BABY POWDER BLOSSOM 200G (CORNSTARCH),OTC
A14484,NACOMI VITAMIN C 15% SERUM 30ML,OTC
A14540,21ST CEN B-COMPLEX 30S,CONSIGNMENT
A14541,21ST CEN CHEWY DHA 45S,SUPPLEMENT
A14937,ADHWA BERAS PUTIH 150G,BABY & MOM
A14935,ADHWA BERAS KELEDEK MANIS 150G,BABY & MOM
A14952,POLIDENT POWER MAX HOLD + SEAL 40G,PERSONAL CARE
A14959,GIRLPAL DEEP HYDRATION FACIAL TONER 100ML,PERSONAL CARE
A14961,GIRLPAL ROSE EXTRACT BRIGHTENING NIGHT CREAM 20G,PERSONAL CARE
A14962,GIRLPAL ROSE EXTRACT BRIGHTENING SERUM 20G,PERSONAL CARE
A14969,GIRLPAL SNAIL GOLDEN FIRMING SERUM 25ML,PERSONAL CARE
A14984,BREATHE FREE VAPOUR PATCH KIDS 5S,OTC
A14975,ELEFBEBE MANUAL BREAST PUMP (WIDE NECK) BP-M10,BABY & MOM
A14976,ELEFBEBE BABY BOTTLE BRUSH (2IN1) BB-M12,BABY & MOM
A14977,ELEFBEBE BABY BOTTLE BRUSH BB-M13,BABY & MOM
A14979,ELEFBEBE MILK STORAGE BAG 5OZ/150ML 30S BF-M15,BABY & MOM
A14887,HURIX'S 600 FLUAWAY SYRUP 100ML,OTC
A14882,BM OMEGA-3 FISH OIL TRIPLE ACTION 1500MG 30S,SUPPLEMENT
A14883,BM OMEGA-3 FISH OIL TRIPLE ACTION 1500MG 60S,SUPPLEMENT
A14799,FD COMPACT PUFF TWIN ( CP112 ) 1S,PERSONAL CARE
A14803,FD TWEEZER HOOK FORCEP ( TS-15 ) 1S,REHAB & SUPPORT
A14810,FD SCISSOR CHINA ( 2040 ) 1S,REHAB & SUPPORT
A14811,FD SCISSOR CHINA ( 3050 ) 1S,REHAB & SUPPORT
A14819,FD DENTAL FLOSSPICK 50M ( DF50 ) 1S,PERSONAL CARE
A14862,FD TOE SEPERATOR MANICURE ( TS ),PERSONAL CARE
A14863,FD SHARK HAIR CLIP TW ( SC-59 ),PERSONAL CARE
A14865,FD EYE SHADOW APPLICATOR D SIDE (CV-456),PERSONAL CARE
A14866,FD HAIR BRUSH (P9915),PERSONAL CARE
A14852,FD PEARLINE OLIVE OIL 150ML ( POO ),PERSONAL CARE
A14853,FD FUSO COTTON FACIAL 40G ( FFC40 ),PERSONAL CARE
A14825,FD MIRROR TEDDY BEAR CARTOON ( TB1236 ),PERSONAL CARE
A14823,FD EYE PENCIL SHARPENER TWIN ( 1015 ),PERSONAL CARE
A14830,FD PUMICE STONE ( PU-01 ),PERSONAL CARE
A14843,FD HAIR COMB CRYSTAL ( CY66 ) 1S,PERSONAL CARE
A14845,FD WOODEN GRAIN COMB ( W7413 ) 1S,PERSONAL CARE
A15133,BIOSHIELD MOIST INTENSIVE HYDRATING CREAM 150G,PERSONAL CARE
A15117,M-SHIELD ANTIBACTERIAL DISINFECTANT 65ML,WOUND & SURGICAL
A15110,ELEFBEBE STANDARD NECK SILICONE TEATS 2S FF 6M+ ( FN-S03 ),BABY & MOM
A15125,SOFY COMFORT NITE COOL 360 PANTY SIZE M-L 2S,PERSONAL CARE
A15126,SOFY COMFORT NITE COOL 360 PANTY SIZE L-XL 2S,PERSONAL CARE
A15101,~ O'CARE LOVE MORE HAIR TREATMENT 500ML,PERSONAL CARE
A15102,~ O'CARE LOVE REPAIR HAIR TREATMENT 500ML,PERSONAL CARE
A15103,~ O'CARE LOVE CAFFEINE HAIR TREATMENT 500ML,PERSONAL CARE
A15104,FRANCH HERBAL HAIR OIL ( ALMOND ) 200ML,PERSONAL CARE
A15090,SOFY COOLING WING 35CM 9S,PERSONAL CARE
A15112,ELEFBEBE WIDE NECK SINGLE FEEDING BOTTLE 210ML/7OZ ( FB-W05 ),BABY & MOM
A15113,ELEFBEBE FOOD FEEDER L 6M+ ( FF-F03 ),BABY & MOM
A15114,ELEFBEBE SILLICONE ORTHODONTIC PACIFIER 6-16M ( BS-S04 )  ,BABY & MOM
A15108,ELEFBEBE STANDARD NECK SILICONE TEATS 2S SF 0M+ ( FN-S01 ),BABY & MOM
B10825,COOLORA FORTE BENZYDAMINE OROMUCOSAL SPRAY BP 0.30% 15ML,POISON
A15061,21ST CENTURY RAPID WEIGHT LOSS FAT BURNER POWDER 250G ,SUPPLEMENT
A15039,PIC AQUABLOC WATERPROOF PLASTER MIX 20S,WOUND & SURGICAL
A15042,PIC DELICATE PLASTER BOY 24S,WOUND & SURGICAL
A15036,PIC FAMILY PLASTER MIX 20S,WOUND & SURGICAL
A15019,BIOGUT+ PROBIOTIC 3G 10S,CONSIGNMENT
A15029,11274 SENSURA 2P BP DEEP CNVX 60 5,REHAB & SUPPORT
A15033,PIC CLASSIC UNIVERSAL PLASTER (FINGERS)DITA  6S,WOUND & SURGICAL
A15086,AMMEDA STOCKING OVER KNEE ( XXL ),REHAB & SUPPORT
B10829,MAXIGESIC 500/150MG 10'S,POISON
A15077,ADHWA OAT PISANG AVOCADO 150G,BABY & MOM
A15078,ADHWA OAT AVOCADO STRAWBERRY 150G,BABY & MOM
A15143,PUREEN BABY LOTION 500ML,BABY & MOM
B10855,FOBAN HYDRO OINTMENT 5G,POISON
A15148,FD BOTTLE SPRAY MIST 100ML ( SM100J ),PERSONAL CARE
A15076,ADHWA BUBUR OAT TRAVEL PACK 15G X 5S,BABY & MOM
B10835,ULTRACET 10S,POISON
A15083,HS SOCOMFY ORAL SPRAY 15ML,OTC
A15084,BURNCARE RELIEVE BURN GEL 25G,WOUND & SURGICAL
A15038,PIC AQUABLOC WATERPROOF PLASTER LARGE 25*72MM 10S,WOUND & SURGICAL
A15041,PIC DELICATE PLASTER GIRL 24S,WOUND & SURGICAL
A15050,EVIN BODY BATH WIPES WITH ALOE VERA & VIT E 20*29CM,REHAB & SUPPORT
A15109,ELEFBEBE STANDARD NECK SILICONE TEATS 2S MF 3M+ ( FN-S02 ),BABY & MOM
A15105,SENDO NOURISHING SHAMPOO 90ML,PERSONAL CARE
B10845,DUTABIT PLUS 0.5/0.4 10S,POISON
A15118,M-SHIELD EMERGENCY BLANKET 1S,REHAB & SUPPORT
A15129,RWC BED BUG & DUST MITE SPRAY 300ML ,OTC
A15132,BIOSHIELD MOIST HYDRATING LOTION 230ML ,PERSONAL CARE
A15136,BURNCARE RELIEVE BURN GEL 120ML,WOUND & SURGICAL
A14846,FD HAIR BRUSH ( 310 ) 1S,PERSONAL CARE
A14847,FD HAIR PIN TIK TAK  ( TK 70 ) 2S,PERSONAL CARE
A14848,FD HAIR PIN CLIP ( 505 ) 16S,PERSONAL CARE
A14824,FD EYE LASH CURLER ( ELCF ),PERSONAL CARE
A14839,FD AURAT SARUNG LENGAN 1S ( AG737 ),PERSONAL CARE
A14826,FD BATH RAMIE SPONGE PAD ( BSH-053 ),PERSONAL CARE
A14827,FD BATH NYLON MESH BALL ( MBS ),PERSONAL CARE
A14854,FD FUSO COTTON FACIAL 70G ( FFC70 ),PERSONAL CARE
A14856,TUSEASE SYRUP 100ML,OTC
A14857,FD HAIR PIN TIK TAK CARTOON ( TKC59 ) 1S,PERSONAL CARE
A14858,FD HAIR RUBBER BAND THICK 4S ( 176 ),PERSONAL CARE
A14859,FD HAIR BRUSH WITH MASSAGE CUSHION ( DS3466 ),PERSONAL CARE
A14860,FD SOAP HOLDER ( 2212 ),PERSONAL CARE
A14864,FD HAIR BOW ( HB 39 ) 1S,PERSONAL CARE
A14821,FD NAIL POLISHER 4 SIDED 1S,PERSONAL CARE
A14822,FD DISPOSABLE RAIN COAT ( DRC ),PERSONAL CARE
A14816,FD COS. BOTTLE SPRAY 30ML ( SM30J ),PERSONAL CARE
A14817,FD TONGUE CLEANER 1S,PERSONAL CARE
A14831,FD PILL CUTTER ( PBX88 ),REHAB & SUPPORT
A14792,FRANCH SHOWER CREME ( GOLDEN INDULGENCE )800ML,PERSONAL CARE
A14800,FD TWEEZER 75MM ( ETW75 ) 1S,REHAB & SUPPORT
A14801,FD TWEEZER 75MM ( ETW ) 1S,REHAB & SUPPORT
A14802,FD TWEEZER SHARP FORCEP ( TS-14 ) 1S,REHAB & SUPPORT
A14813,FD NAIL CLIPPER W/STOPPER ( M320S ) 1S,PERSONAL CARE
A14814,FD NAIL CLIPPER W/FILE ( S008 ) 1S,PERSONAL CARE
A14806,FD PIMPLE REMOVER SHARP ( K21 ) 1S,PERSONAL CARE
A14808,FD SCISSOR SL ROUND ( SS108 ) 1S,REHAB & SUPPORT
B10766,ATOZET 10MG/40MG 10S,POISON
A14893,EVIN ECO FLOSS PICKS (CHARCOAL MINT) 50S,PERSONAL CARE
A14888,FRANCH SHOWER CREME ( PERFECT BEAUTY ) 800ML,PERSONAL CARE
A14889,FRANCH SHOWER CRÈME ( MOISTURE BOOST ) 800ML,PERSONAL CARE
A14980,ELEFBEBE MANUAL NASAL ASPIRATOR BC-NO5,BABY & MOM
A14981,ELEFBEBE NAIL CLIPPER 4IN1 BC-S07,BABY & MOM
A14982,ELEFBEBE BABY TEETHER FF-T23,BABY & MOM
A14983,ELEFBEBE KIDS TOOTHBRUSH 2-6Y 1S,BABY & MOM
A14986,12000 BRAVA BARRIER CREAM 60ML,WOUND & SURGICAL
A15016,FD TONGUE CLEANER STAINESS ( TCJP ) 2S,PERSONAL CARE
A14968,GIRLPAL UV DAILY SUNSCREEN CREAM SPF 50PA++ 50ML,PERSONAL CARE
A14955,RAED CAJEPUT AROMATHERAPY OIL 50ML,BABY & MOM
A14943,HAKUBI Q10 CREAM 35G,PERSONAL CARE
A14950,FD EAR DIGGER ED 2S,PERSONAL CARE
A14927,HAKUBI WHITE C GEL 20G ,PERSONAL CARE
B10703,TWYNSTA 80/5MG CAPSULE 10'S,POISON
A14520,LITTLE NUUR AYAM PERCIK WITH RICE 100G,BABY & MOM
A14478,SENDO STRENGHTENING FORTIFYING SHAMPOO 250ML,PERSONAL CARE
A14489,PUREEN PACIFIER CHAIN BPCF 02,OTC
A14469,NASAL STRIPS KIDS 10S,CONSIGNMENT
A14463,SENDO PURIFYING SHAMPOO 250ML,PERSONAL CARE
B10667,DESTACURE SYRUP 2.5MG/5ML 60ML,POISON
A14398,RICE STICK BROWN RICE 50G,BABY & MOM
A14442,DR PAIN HOT/COLD PACK LARGE (29CM/18CM),REHAB & SUPPORT
A14568,NIVEA CREAM 60ML,PERSONAL CARE
A14565,ORADEX ANTIBACTERIAL GEL TOOTHPASTE 120G,CONSIGNMENT
A14546,21ST CEN TURMERIC 50S,SUPPLEMENT
A14542,21ST CEN ELASTIN COLLAGEN 600MG 30S,CONSIGNMENT
A14556,NOVA L-THEANINE 200MG 10'S,SUPPLEMENT NOVA
A14608,MY BABY MINYAK TELON PLUS 90ML,BABY & MOM
A14609,MY BABY MINYAK TELON PLUS 150ML,BABY & MOM
000023,LUXOR GEL GAMAT 120ML,CONSIGNMENT
A14661,DERMACYN HYDROGEL 50G,REHAB & SUPPORT
A14611,JORDAN STEP 1 (0-2) POUCH ( TP + TB 75g ),PERSONAL CARE
A14584,SANIDYL 500ML,PERSONAL CARE
A14616,ACULIFE 1 DAY PILL BOX,REHAB & SUPPORT
B10733,SANDOZ AMLIBON 10MG 10S,CONSIGNMENT
A14626,~CIK BIBAH RTE DAGING BLACKPEPPER 150GM,FOOD & BEVERAGES
A14672,BM GARLIC OIL 180's,SUPPLEMENT
A14681,ORADEX DUAL ACTION  MOUTHWASH 250ML,PERSONAL CARE
000024,GLUCO-D GLUCOSE 12S,CONSIGNMENT
A14695,NURODIA GEL 30G,OTC
A14711,VASELINE BODY LOTION DEEP RESTORS 120ML,PERSONAL CARE
A14680,ORADEX SUPREME MOUTHWASH 90ML,PERSONAL CARE
A14722,~ DMB-PROTECTA VIT D3+MAG+VITA B12 10S,CONSIGNMENT
A14726,~BIO-MC FABRIC SPRAY (PEONY BLOSSOM) 250ML,PERSONAL CARE
A14784,FRANCH OLIVE OIL 150ML,PERSONAL CARE
A14798,FD POWDER MAKEUP PUFF ( S80 ) 1S,PERSONAL CARE
A14795,FD TWO WAY CAKE SPONGES ROUND ( TWCSR ) 1S,PERSONAL CARE
A14796,FD TWO WAY CAKE SPONGES SQUARE ( TWCSS ) 1S,PERSONAL CARE
A14790,FRANCH SHOWER CREME ( BRIGHTENING COMPLEXION )800ML,PERSONAL CARE
A14743,HURIX'S PANAU SALAP & GATAL GATAL 12GM,OTC
A13509,MH FOOD FRENCH SEA SALT 200GM,OTC
A13514,DUREX SENSATION WITH DOTS 3PCS,OTC
A13496,LUX SHOWER CREAM BRIGHT GLOW 900ML,PERSONAL CARE
A13460,NIVEA LB CHERRY SHINE WITH NATURAL OILS 4.8G,OTC
A13439,BAEBIS MANGO & AVOCADO RICE PUFF 5G,BABY & MOM
A13425,AGNESIA LAVENDER 100G,PERSONAL CARE
A13402,PALMOLIVE SHOWER GEL ( SENSUAL ) 250ML ,PERSONAL CARE
A13390,LISTERINE TOTAL CARE LESS INTENSE 250ML,OTC
A13359,ORAFLAM THYMOL GARGLE 120ML ( RED ),OTC
B10506,WINDEXCO PE SYP COUGH & COLD 120ML,POISON
A13287,HOSPITECH FOLDABLE WALKING STICK-SILVER,OTC
A13269,SELSUN BLUE PRO 2 IN 1 (PURPLE) 120ML,PERSONAL CARE
A13610,10 IN 1 BOTTLE PACKAGE,OTC
A13541,PAN MATE MATERNITY PANTIES FREE SIZE 6'S,PERSONAL CARE
A13772,PABRON COUGH KIDS 120ML,OTC
A13743,MINYAK AFIAT BULAT 50ML,OTC
A13732,BERGAMOT NITRILE GLOVES (M) BLACK 100'S X2235BK,OTC
A13738,REMDII SUNSCREEN SPF50+++ 40ML,OTC
B10638,TWYNSTA 80/10MG CAPSULE 10'S,POISON
A14266,HOT WATER BOTTLE 2L WITH COVER,REHAB & SUPPORT
A14254,DHERBS MINYAK KELAPA DARA 100ML,OTC
A14284,NOVA BRIGHT GLO 30S,SUPPLEMENT NOVA
A14295,SILICONE FOLEY CATHETER 2 WAY SIZE 20FR,WOUND & SURGICAL
B10630,EZETROL 10MG 10'S,POISON
A13893,BIOGROW IMMUNO-3 60'S,OTC
A13912,ZANNI HALLUX VALGUS PROTECTOR S/M/L/XL,REHAB & SUPPORT
A13962,PUREEN ORTHODONTIC SOOTHER BOSF-1 0-6M,OTC
A13963,MALE EXTERNAL CATHETER (M),WOUND & SURGICAL
A13958,PUREEN BABY BATH 750ML,BABY & MOM
A13954,PUREEN KIDS HEAD TO TOE WASH (BUBBLEGUM) 750ML,BABY & MOM
A13940,EVIN TULIP MANUAL BREASTPUMP,BABY & MOM
A13941,EVIN SILICONE FINGER BABY BRUSH,OTC
A13971,MINSYAM KAPSUL HABATUS SAUDA 60's,OTC
A13997,IRFAN SUSU KAMBING,BABY & MOM
A14006,TROPIKA BABY HAIR & BODY 30ML (MOLLY/NELLY/RABBY),OTC
A14015,TERAPI SEDUT HIJAU (CENGKIH),OTC
A14028,LQ HARUMAN SPRAY 10ML,OTC
A13791,ACU-LIFE AM-PM PILLBOX 1'S,REHAB & SUPPORT
A13797,GKB G-PRO GOLD 60'S,OTC
A13775,HURIX'S SORELIEF ORAL SPRAY 15ML,OTC
A13820,DRIP SET (LA MED),REHAB & SUPPORT
A13794,AMMEDA EXTREME ARM SLING ADJUSTABLE/BREATHEABLE,REHAB & SUPPORT
A13835,WALKING STICK RUBBER TIP,OTC
A13833,RUBBER TIP QUADCANE WIDE BASE,REHAB & SUPPORT
A13849,LOREAL GENTLE LIP&EYE REMOVER 125ML,OTC
A13876,INFUSOL NSD5 NACL 0.9%+G-5 IV INFUSION BP 500ML (DRIP),WOUND & SURGICAL
A13882,PALMOLIVE SHOWER GEL ( ABSOLUTE RELAX ) 250ML ,PERSONAL CARE
A12805,FABRIC MASK HL DR. MAMA V5,MEDICAL DEVICE & SUPPLY
A12792,HP BREWERS YEAST NATURAL 250GM,OTC
A12879,3/4 SILICONE ORTHOTIC INSOLES (S),REHAB & SUPPORT
A12902,IMDK FINGERTIP PULSE OXIMETER C101A2,MEDICAL DEVICE & SUPPLY
A12888,EVIN MESH ARM SLING WITH FOAM PAD,REHAB & SUPPORT
A12889,EVIN I-SHAPED INTERDENTAL BRUSH 0.6MM 8'S,PERSONAL CARE
A12873,EVIN A.EMBOLISM STOCKINGS THIGH HIGH (L),REHAB & SUPPORT
A12874,EVIN A.EMBOLISM STOCKINGS THIGH HIGH (M),REHAB & SUPPORT
A12875,EVIN A.EMBOLISM STOCKINGS THIGH HIGH (S),REHAB & SUPPORT
A12977,GRACE CARE RESTRAINT GLOVE,REHAB & SUPPORT
A13001,RYLES TUBE SIZE 12 FG,WOUND & SURGICAL
A12994,ALOINT CALAMINE LOTION ROLL ON 60ML,OTC
000005,AMMEDA STOCKING UNDER KNEE-XL,REHAB & SUPPORT
A12968,LIMB HOLDER ADULT,REHAB & SUPPORT
A12947,HUDSON'S JUJUBES CLASSIC (BOTTLE) 50GM,FOOD & BEVERAGES
A13199,EVIN EVERYDAY ANKLE SUPPORT M,OTC
A13200,EVIN EVERYDAY ANKLE SUPPORT L,OTC
A13201,EVIN EVERYDAY ANKLE SUPPORT XL,OTC
A13232,NATURE KEY ALOE VERA SOOTHING GEL 300ML,OTC
A13214,DOVE BODY WASH BEAUTY NOURISHING 200ML,OTC
A13209,EVIN EVERYDAY KNEE SUPPORT L SIZE,REHAB & SUPPORT
A13210,EVIN EVERYDAY KNEE SUPPORT S SIZE,OTC
A13159,DERMOPLEX BITE AND STING CREAM 15G,OTC
A13142,GARNIER CN HAIR COLOUR ULTRA PASTELS ASH,OTC
A13066,HURIX'S ITCHY CREAM 13GM,OTC
A13044,EVIN ADVANCED ADJUSTBLE KNEE BRACE,REHAB & SUPPORT
A13045,EVIN EVERYDAY KNEE SUPPORT M SIZE,OTC
A13060,TLS PRONEX JUNIOR 60'S,SUPPLEMENT TLS
A12463,*WINSPIRIN 300MG STRIP 10'S (ASPIRIN),OTC
A12383,SIMPLE ANTI-PERSPIRANT DEO INVISIBLE 45ML,OTC
A12363,NITRILE GLOVE POWDER FREE (L) 100'S,REHAB & SUPPORT
A12408,DERMOPLEX ANTISEPTIC CREAM 25G,WOUND & SURGICAL
A12378,PALMOLIVE SHOWER GEL ( SENSUAL ) 750ML,PERSONAL CARE
A12264,EMERGENCY TRAVEL FIRST AID KIT (13 ITEMS),REHAB & SUPPORT
A12236,SMELLY NO MORE SPRAY 75ML,OTC
B10309,*APO-CLOPIDOGREL 75MG STRIP 10'S,POISON
A12419,REFRESH TEARS EYE DROPS 15ML,OTC
A12608,LOVILLEA C&B SUNSCREEN SPF50+ (SUN GLOW GUARD) 30G,PERSONAL CARE
B10392,MELOXICAM 15MG STRIP 10'S,POISON
A12678,VANTELIN ANKLE SUPPORT (L),REHAB & SUPPORT
A12661,ELEFBEBE BREASTMILK COLLECTOR BF-M06,BABY & MOM
A12697,FREEGO DISPOSABLE PANTIES (M),PERSONAL CARE
A12684,VANTELIN KNEE SUPPORT (M),REHAB & SUPPORT
A12700,FREEGO DISPOSABLE BRIEFS (L),PERSONAL CARE
B10394,BENOSONE CREAM 15G,POISON
A10891,VASELINE PETROLEUM JELLY ALOE VERA 50G,OTC
A10857,TEFIN GEL 15G (TERBINAFINE),OTC
A10877,UBAT BATUK CAP IBU & ANAK 150ML,OTC
A10825,SNAKE BRAND COOLING POWDER LAVENDER 150G,PERSONAL CARE
A10807,*SMITH&NEPHEW JELONET 10CM*10CM 1'S,WOUND & SURGICAL
A10800,SIMPLE WATER BOOST MICELLAR FACIAL GEL WASH 150ML,OTC
A10783,SENSODYNE RAPID RELIEF WHITENING 100G,OTC
A10655,PERSKINDOL THERAPEUTIC CLASSIC SPRAY 150ML,OTC
A10659,AFTAMED ORAL SPRAY 20ML,OTC
A10680,PUREEN BABY TALC MILD&CARING 175GM,BABY & MOM
A10675,PROSPAN COUGH SYRUP 100ML,OTC
A10630,BIOGROW TRIBULUS ASHWAGANDHA PLUS CAPSULE 30S,OTC
A10618,GARNIER SG SAKURA FOAM FACE WASH 100ML,OTC
A10619,GARNIER SG SAKURA DAY CREAM UV 40ML,OTC
A10620,GARNIER SA + BHA MICELLAR BLUE 125ML,OTC
A10688,REDOXON CHEW DA 500MG 30'S,OTC
A10772,SEBAMED BABY LIQUID CLEANSER 200ML,OTC
A11123,DETTOL SPRAY WILD LAVENDER 450ML,PERSONAL CARE
A11128,*DETTOL WET TISSUE 10'S,OTC
A11129,*DETTOL WET TISSUE SENSITIVE 10'S,OTC
A11112,DERMOPLEX CALAMINE LOTION 120ML,BABY & MOM
A11244,PP VITAMIN C 1000MG 100'S,OTC
A11196,ELEFBEBE SILICONE PACIFIER (SOFT ORTHO) 0-12M (BS-S02),BABY & MOM
A11200,ELEFBEBE BABY BOTTLE NATURAL ( FB-W03 ) 330ML/11OZ,BABY & MOM
A11198,ELEFBEBE STANDARD NECK BOTTLE 240ML/8O (FB-S02),BABY & MOM
A11190,ELEFBEBE NATURAL SILICONE TEATS 2'S 9M+ (FN-T03),BABY & MOM
A11187,ELEFBEBE WIDE NECK SILICONE TEATS-2PCS (M) (FN-W02) MEDIUM FL,BABY & MOM
A11188,ELEFBEBE WIDE NECK SILICONE TEATS-2PCS (S) (FN-W01) SLOW FLOW,BABY & MOM
A11009,SUNSWEET USA PRUNE 340G,FOOD & BEVERAGES
A10972,NIVEA M EXTRA BRIGHT FACIAL FOAM 100GM,OTC
A10988,GILLETTE MACH3 FRESH RAZOR 1'S,PERSONAL CARE
A10963,GARNIER M ACNO FIGHT SCRUB FOAM 150ML,OTC
A10965,GARNIER M OC CHARCOAL 3IN1 FACE WASH 150ML,OTC
A10966,GARNIER CN HAIR COLOUR GOLDEN BROWN 7.3 BX,OTC
A10967,GARNIER M OC ICY SCRUB FACE WASH 150ML,OTC
A10968,GARNIER CN HAIR COLOUR BLACK NATURAL SH1,OTC
A11063,CAP KUDA MINYAK PANAS HIJAU 60ML,OTC
A11060,CAP KAPAK MINYAK ANGIN 28ML,OTC
A11061,CAP KAPAK MINYAK ANGIN 56ML,OTC
A11085,COLGATE KIDS TP BATMAN BUBBLE FRUIT 40G,PERSONAL CARE
A10402,HIRUSCAR GEL 20G,OTC
A10396,VITAHERB LIVAGOLD 10S,OTC
A10439,JOHNSON'S BABY OIL BEDTIME 125ML,BABY & MOM
A10440,JOHNSON'S BABY OIL ALOE VERA 50ML,BABY & MOM
A10441,JOHNSON'S BABY OIL BEDTIME 50ML,BABY & MOM
A10429,ANGELBISS AEROCHAMBER (ADULT),MEDICAL DEVICE & SUPPLY
A10447,JOHNSON'S BABY POWDER 200G (CORNSTARCH),OTC
A10449,JORDAN BUDDY 1-4 SUPER SOFT 1'S,PERSONAL CARE
A10437,JOHNSON'S BABY OIL REGULAR 50ML,BABY & MOM
A10432,TOP SEAL GLOVES LATEX POWDER FREE ( L ) 100S,REHAB & SUPPORT
A10433,JOHNSON'S BABY POWDER 100G,BABY & MOM
A10307,DUREX FETHERLITE ULTIMA 3'S,OTC
A10310,DUREX PLAY 50ML,OTC
A10313,DUREX PLEASUREMAX 3'S,OTC
A10362,FRANCH OIL 120ML,OTC
A10572,NON-WOVEN GAUZE SWAB 10CM*10CM 100'S,WOUND & SURGICAL
A10585,OPPO (2001) ANKLE SUPPORT (L),REHAB & SUPPORT
A10560,SILICONE FOLEY CATHETER 2 WAY SIZE 18FR,WOUND & SURGICAL
A10474,KWAN LOONG OIL 15ML,OTC
A10485,LICE CLEAR 70ML,OTC
A10470,ONE TOUCH DELICA PLUS LANCET 25S,MEDICAL DEVICE & SUPPLY
A10464,KORDEL'S CALCIUM MAGNESIUM PLUS 90'S,OTC
A10508,LISTERINE COOL MINT LESS INTENSE 250ML,OTC
A10514,GARNIER BC SUNSCREEN COOLING GEL 30ML,OTC
A10515,LISTERINE ORIGINAL 250ML,OTC
A10521,LYCLEAR NAT HERBAL HAIRWASH 40ML,OTC
A10491,GARNIER BC WHITENING SERUM CREAM 40ML,OTC
A10283,*DONNA GLUCO-C PLUS MSM 30'S,OTC
A10287,KOTEX ONW PROACTIVE GUARD 35CM 14S,OTC
A10288,ELEFBEBE WIDE NECK FEEDING BABY BOTTLE ( FB-W06 )330ML/11OZ,BABY & MOM
A10289,DR FORSTER KETO 7 CLEANSER BAR 75G,PERSONAL CARE
A10299,"*DUODERM CGF 4""X4"" 1'S",WOUND & SURGICAL
A10301,DUODERM HYDRO GEL 30G,WOUND & SURGICAL
A10257,CREOBIC GOLD CREAM 20G,OTC
A10245,GARNIER BC WHIP FOAM FACE WASH 100ML,OTC
A10246,GARNIER BC SCRUB FOAM 100ML,OTC
A10254,CREOBIC CREAM 10G,OTC
A10164,BM MULTI B 30'S,SUPPLEMENT
A10177,CAP KAKI TIGA TINEA KARE ANTIFUNGAL SPRAY 30ML,OTC
A10155,SILICONE FOLEY CATHETER 2 WAY SIZE 12FR,WOUND & SURGICAL
A10168,BONJELA ORAL GEL 15G,OTC
A10160,BM GLUCOSAMINE 1500MG 30'S,SUPPLEMENT
A10030,ACU-LIFE PILL REMINDER 7 DAY LARGE,REHAB & SUPPORT
A10031,ACU-LIFE PILL REMINDER 7 DAY MEDIUM,OTC
A10032,ACU-LIFE PILL SPLITTER,OTC
A10033,ACU-LIFE ROUND WEEKLY PILL REMINDER,REHAB & SUPPORT
A10015,21ST CEN VIT C 1000MG PROLONGED RELEASE 50'S,OTC
A10002,21ST CEN CALCIUM MAGNESIUM ZINC 30'S,OTC
A10037,AGNESIA HYGIENE CARE POWDER 100G,PERSONAL CARE
A10064,AMMELTZ HEAT PATCH MENSTRUAL 2'S,OTC
A10107,DISCONTINUED,OTC
A10060,AMMEDA STOCKING UNDER KNEE (L),REHAB & SUPPORT
A10093,APPETON MVT LYSINE + PREBIOTICS 60'S,OTC
A10132,BETADINE ANTISEPTIC CREAM 15G,WOUND & SURGICAL
A11544,GILLETTE BLUE 3 COMFORT 4'S,PERSONAL CARE
A11567,NUR CARE INFRARED THERMOMETER,MEDICAL DEVICE & SUPPLY
A11495,EVIN WIDE NECK SHORT BOTTLE 130ML,BABY & MOM
A11442,RHINATHIOL CHILDREN CARBOCISTEINE 2% (PINK) 125ML,OTC
A11419,EVIN FACIAL COTTON 100'S,OTC
A11436,REJOICE RICH SOFT SMOOTH SHAMPOO 300ML,OTC
A11432,~FUTURE FOOD MAGNESIUM CHLORIDE FLAKES 250G,CONSIGNMENT DR HANISAH
A11491,TYT HERBAL MEDICATED OIL 86ML,OTC
A11487,TIGER BALM PLUS 10G,OTC
A11476,SUNSILK LIVELY CLEAN & FRESH SHAMPOO 160ML,OTC
A11438,REJOICE ANTI DANDRUFF SHAMPOO 300ML,OTC
A11292,JORDAN KIDS TP STEP 2 75G,PERSONAL CARE
A11268,HIMALAYA ANTI-HAIRFALL SHAMPOO 400ML,PERSONAL CARE
A11281,HURIX'S MOS'Q KING SPRAY WITH A/VERA 30ML,OTC
A11391,DRYPERS PAMPERS NEWBORN 6S,BABY & MOM
B10110,*NORVASC 5MG STRIP 10'S,POISON
B10104,*NORIDAY BOX 28'S,POISON
B10095,MYONAL 50MG STRIP 10'S,POISON
B10086,*LIPITOR 10MG STRIP 10'S,POISON
B10159,XEPA ZARICORT CREAM 15G,POISON
B10144,T3 MYCIN 1% LOTION 30ML,POISON
B10130,*RANBAXY SIMVOR 40MG 10S,POISON
B10063,FUCIDIN 2% CREAM 15G,POISON
B10055,ELOMET 0.1% OINTMENT 15G,POISON
B10072,HOE BEPROSALIC LOTION 30ML,POISON
B10077,HOE FOBAN 2% OINTMENT 15G,POISON
B10029,CANDID 1% EAR DROPS 15ML,POISON
B10030,CANDID V3 VAGINAL 200MG BOX 3'S,POISON
A11671,ORG PSYLLIUM HUSKS 100G,OTC
A10300,"*DUODERM EXTRA THIN 4""x4""",WOUND & SURGICAL
A11578,PUREEN LIQ CLEANSER ORANGE 750ML,BABY & MOM
A11582,UNISEX URINAL,REHAB & SUPPORT
A11573,PUREEN MADAME MATERNITY PADS 20'S,BABY & MOM
B10178,ZYRTEC SYRUP 75ML,POISON
A11621,EVIN PINK HYDRATING SOLUTION 100ML WITH LENS CASE,OTC
A11619,TIGER MUSCLE RUB 60G,OTC
A11599,LUX SHOWER CREAM ROSY GLOW 900ML,PERSONAL CARE
A12029,RYLES TUBE SIZE 08 FG,WOUND & SURGICAL
A12022,LPM 633 ELASTIC WRIST WRAP,REHAB & SUPPORT
A12062,SNAKE BRAND COOLING POWDER CLASSIC 300GM,PERSONAL CARE
A12063,SNAKE BRAND COOLING POWDER LAVENDER 300GM,PERSONAL CARE
A12040,SCOTT'S VITAMIN C PASTILLES (BERRIES) 50'S,OTC
A12036,EVIN DENTAL FLOSS PICKS 50'S,PERSONAL CARE
A11987,MINSYAM KAPSUL MINYAK ZAITUN 60'S,OTC
A11968,21ST CEN CO-ENZYME Q10 60MG 30S,OTC
A11977,CAP LANG BALSEM GOSOK 20G,OTC
A11958,RYLES TUBE SIZE 10 FG,WOUND & SURGICAL
A11952,COLGATE TP OPTIC WHITE VOLCANIC MINERAL 100G,PERSONAL CARE
S00004,GRAB EXPRESS,CONSIGNMENT
A12112,21ST CEN VIT C 1000MG CHEWABLE 60'S,OTC
B10208,*SANOFI TELFAST 180MG STRIP 10'S,POISON
A11817,MEMOMET TABLET 60S,SUPPLEMENT
A11819,FOLEY CATHETER SIZE 18FR,MEDICAL DEVICE & SUPPLY
A11839,DETTOL ANTI-BACTERIAL WIPES 50'S,OTC
B10205,PHARM-D VELOXIN 25/50MG TAB 10'S,POISON
A11739,SUCTION CATHETER 14FR,WOUND & SURGICAL
A11870,BASIC BEDPAN,REHAB & SUPPORT
B10246,CANESTEN V 1% CREAM 10G,POISON
B10243,YSP VOREN PLUS GEL 20G,POISON
A10091,DUNIA HERBS LOTION EXTRA HOT+EXTRA GINGER 130ML,OTC
A11886,CANDID POWDER 30G,OTC
A10914,VITAMIN C 1000MG + ZINC 30'S ,OTC
B10227,DEXALTIN ORAL PASTE 2G,POISON
A11908,GENGIGEL GEL 20ML,OTC
B10271,KANOLONE ORAL PASTE 0.1% 5G,POISON
B10286,CLARITYNE SYRUP 5MG/5ML 100ML,POISON
B10236,*EXFORGE 10MG/160MG STRIP 7'S,POISON
B10251,EUTHYROX 50MCG STRIP 25'S,POISON
B10253,EUTHYROX 100MCG STRIP 25'S,POISON
B10255,CANDID V1 500MG 1'S,POISON
B10224,YSP TREN 250MG STRIP 10'S,POISON
B10240,BIOLAB COTREN VAGINAL 500MG 1'S,POISON
A11887,*CARDIPRIN 100MG STRIP 30'S (ASPIRIN+GLYCINE),OTC
A11755,*OPTICARE 500ML,OTC
B10197,FOBAN OINTMENT 5G,POISON
B10186,BEPROSONE CREAM 15G,POISON
A11789,MONK FRUIT SWEETENER 200GM,OTC
A12118,NATUFOODIES RICE CRACKER MIXED VEGETABLE 50G,FOOD & BEVERAGES
A12173,HURIX'S MASSAGE OIL WITH GAMAT PLUS 21ML,OTC
B10290,*GLENCET 5MG STRIP 10'S,POISON
A11623,GILLETTE MACH 3+,PERSONAL CARE
A11574,PUREEN LIQ CLEANSER REFILL MINT 600ML,BABY & MOM
B10076,HOE FOBAN 2% CREAM 15G,POISON
B10041,*COVASC 10MG STRIP 10'S,POISON
B10133,RIGEVIDON BOX 21'S,POISON
B10093,*MICARDIS 80MG STRIP 10'S,POISON
B10108,*NORMATEN 100MG STRIP 7'S,POISON
A11326,LISTERINE TOTAL CARE 250ML,OTC
A11334,MAKEUP REMOVER TOWEL 20CM*20CM,OTC
A11469,SUNSILK HIJAB ANTI-KELEMUMUR SHAMPOO 300ML,OTC
A11477,SUNSILK SMOOTH & MANAGABLE SHAMPOO 160ML,OTC
A11501,WOODS PEPPERMINT COUGH SYRUP ADULT 100ML,OTC
A11519,WALKING STICK NON FOLDABLE,REHAB & SUPPORT
A11506,WOODS PEPPERMINT LOZ - STRONG CHERRY 6'S,FOOD & BEVERAGES
A11546,GILLETTE BLUE 3 COMFORT 1'S,PERSONAL CARE
A10134,BETADINE GARGLE & MOUTH WASH 240ML,PERSONAL CARE
A10112,SMITH & NEPHEW BACTIGRAS 5CM*5CM 5'S,WOUND & SURGICAL
A10120,SELF-ADHESIVE BANDAGE 7.5CM*4.5M,REHAB & SUPPORT
A10126,BEBIKU TELON 75ML,OTC
A10122,SCOTT'S WITH DHA 15'S ASSORTED FLAVOUR,FOOD & BEVERAGES
A10082,APPETON BABY DROPS 30ML,OTC
A10072,ANUCARE OINTMENT 20G,OTC
A10062,AMMEDA STOCKING UNDER KNEE (S),REHAB & SUPPORT
A10025,ACU-LIFE DOSAGE DROPPER 5ML,OTC
A10004,21ST CEN GARLIC POTENT 20000MG 30'S,OTC
A10029,ACU-LIFE PILL POD DAILY,REHAB & SUPPORT
A10019,ABBOTT GLUCERNA VANILLA 800G,SUPPLEMENT
A10162,BM BIO MAGNESIUM PLUS 60'S,SUPPLEMENT
A10183,CAP LANG MINYAK KAYU PUTIH 30ML,OTC
A10240,COLGATE TP GREAT REGULAR/ MINT FLAVOUR 100G,PERSONAL CARE
A10244,GARNIER BC FOAM FACE WASH 150ML,OTC
A10236,COLGATE KIDS TP MINION 40G,PERSONAL CARE
A10280,DIFFLAM HEXTRA 12'S,FOOD & BEVERAGES
A10504,LISTERINE COOL MINT 250ML,OTC
A10479,ACTIVMAX VANILLA (400G),SUPPLEMENT NOVA
A10561,NIVEA M DEODORANT B&W INVISIBLE ORIGINAL 50ML,OTC
A10532,MOPIKO OINTMENT 20G,OTC
A10530,MINYAK MESTIKA BAYINI 30ML,BABY & MOM
A10565,NIXODERM OINTMENT 17.7G,OTC
A10570,NIXODERM SULFUR & SALICYLIC ACID SOAP 100G,PERSONAL CARE
A10571,NIXODERM SULFUR SOAP 100G,PERSONAL CARE
A10325,ELEFBEBE NASAL ASPIRATOR 1'S,BABY & MOM
A10411,HURIX'S KRIM LUKA ALOE VERA 13G,WOUND & SURGICAL
A10408,HURIX'S CORN RID SOLUTION 15ML,OTC
A11068,CAP LANG MINYAK ANGIN 6ML,OTC
A11021,AP FRESNOZ 4IN1 NASAL SPRAY 30ML,OTC
A11023,AMMEDA KIDS ARM SLING CARTOON (EO320),REHAB & SUPPORT
A11041,BIOLIFE CALCIUM&MAGNESIUM PLUS 30'S,OTC
A10964,SILICONE FOLEY CATHETER 2 WAY SIZE 16FR,WOUND & SURGICAL
A10936,WOODS PEPPERMINT LOZ - HONEY LEMON SACHET 6'S,FOOD & BEVERAGES
A11184,ELEFBEBE MILK STORAGE BAG 7OZ (30PCS/BOX) (BF-B05),BABY & MOM
A11226,NATUFOODIES RICE STICK APPLE & BEETROOT 35G,FOOD & BEVERAGES
A11130,DUNIA HERBS LOTION MUSTAJAB GINGER EXTRACT 130ML,OTC
A11095,COLGATE TB ZIG ZAG CHARCOAL SOFT 1'S,PERSONAL CARE
A10747,SCOTT'S PASTIL (BLACKCURRANT) 15S,FOOD & BEVERAGES
A10709,RIDPED LOTION 60ML,OTC
A10653,PERFUME GENERICS SUNFLOWER MASSAGE OIL 410ML,OTC
A10767,SALONPAS PATCH 40'S,OTC
A10785,SENSODYNE REPAIR & PROTECT 100G,OTC
A10786,SENSODYNE SENSITIVITY & GUM HEALTH 100G,OTC
A10795,SIMPLE ANTI-PERSPIRANT DEO SOOTHING 45ML,PERSONAL CARE
A10796,SIMPLE MICELLAR CLEANSING WATER 200ML,OTC
A10828,STERIMAR BABY NASAL SPRAY 50ML,OTC
A10837,SUDOCREM 125G,BABY & MOM
A10867,TIGER BALM PLUS 4G,OTC
A10846,TOP-UKO UNIVERSAL SURGICAL TAPE 2.5CM*5M,REHAB & SUPPORT
A10897,VASELINE PETROLEUM JELLY ORIGINAL 50G,OTC
A12721,ACU-LIFE PILL BOX DAILY (KIDNEY SHAPE),REHAB & SUPPORT
B10403,REGULON BOX 21'S,POISON
A12532,BABY GARLIC OIL PLUS 30ML,OTC
A12517,INSTANT ICE PACK 280G,REHAB & SUPPORT
A12224,VITAMODE CO Q10 UBIQUINOL 100MG 30S,OTC
A12240,LIBRESSE LW MAXI NIGHT WINGS 32CM 10'S,PERSONAL CARE
A12241,LIBRESSE MAXI FIT MAXI NIGHT WINGS 32CM 12'S,PERSONAL CARE
B10331,*NORMATEN 50MG STRIP 7'S,POISON
B10364,H-CORT CREAM 15G,POISON
A12386,BAEBIS APPLE & BANANA RICE PUFF 5G,BABY & MOM
A13087,KIDS EZY DOSE LICE COMB,OTC
V10006,PRIMES HAND THERAPY BALL,OTC
A13046,EVIN MINT DENTAL FLOSS 50M,PERSONAL CARE
B10454,SANDOZ ROSUVASTATIN 20MG 15'S,POISON
A13109,REMDII PSO-REST CREAM 50G,OTC
A13141,TLS BARLEANS OMEGA-3 EE FISH OIL 120'S,SUPPLEMENT TLS
B10467,CCM SPIRO (SPIRONOLACTANE) TABLETS 25MG 10S,POISON
A13207,EVIN CHILD ARM SLING,REHAB & SUPPORT
A13208,EVIN EVERYDAY KNEE SUPPORT XL SIZE,REHAB & SUPPORT
A13202,EVIN COMPRESSION KNEE SLEEVE SIZE S,OTC
A13198,EVIN EVERYDAY ANKLE SUPPORT S,REHAB & SUPPORT
A13191,MH HIMALAYAN ROCK SALT FINE 500G,OTC
A13255,YUWELL BLOOD PRESSURE MONITOR YE660D,MEDICAL DEVICE & SUPPLY
A12987,DERMA ROLLER SYSTEM 1'S,PERSONAL CARE
A12984,FREEDERM LOTION 30ML (TERBINAFINE 1%),OTC
A12876,EVIN A.EMBOLISM STOCKINGS THIGH HIGH (XL),REHAB & SUPPORT
A12868,CAP KUDA MINYAK PUTIH PANAS 60ML,OTC
B10427,HOE CANDAZOLE CREAM 15G,OTC
A12783,TEBONIN FORTE 120MG 15'S,OTC
A13873,BAEBIS PEACH & BERRY RICE PUFF 5G,BABY & MOM
A13874,LUX BAR SOAP SOFT TOUCH 70G 1S,PERSONAL CARE
A13865,AP ULCEGEL HEAL ORAL ULCERS 10ML,OTC
B10607,BECLOVID-C CREAM 15G,POISON
A13832,RUBBER TIP QUADCANE NARROW BASE,REHAB & SUPPORT
A13828,PERFUME GENERICS GOATS MILK MASSAGE OIL 410ML,OTC
A13819,INFUSOL NS 0.9% 500ML (DRIP),WOUND & SURGICAL
A13811,ESENTIEL EPSOM SALT 1.2KG,OTC
A13781,AVEENO SKIN RELIEF LOTION 71ML,OTC
A13793,ACU-LIFE EAR SYRINGE 1'S,OTC
B10623,*CRESTOR 5MG STRIP 14'S,POISON
A14012,HURIX'S GAMAT PLUS SYRUP WITH IVY LEAF 60ML,OTC
A14004,TROPIKA BABY HERBA CREAM,OTC
A13966,KARIHOME GOAT MILK S1 400G,BABY & MOM
A13959,PUREEN BABY HEAD TO TOE 750ML,BABY & MOM
B10615,CORALAN 5MG 56'S,POISON
A13915,SIREH FEMININE HYGIENE 125ML,OTC
A14055,MOTION SICKNESS PATCH 12'S,OTC
A14104,NATUFOODIES YOGURT RICE CRACKER STRAWBERRY & BEETROOT 50G,FOOD & BEVERAGES
A14105,NATUFOODIES RICE STICK APPLE & BANANA 35G,FOOD & BEVERAGES
B10656,XEPA UNIVATE  0.05% CREAM 15G,POISON
A14286,COLGATE TB KIDS MINION,PERSONAL CARE
A14256,AVERGOLD AROMA TERAPI MASSAGE OIL BIDARA 65ML,OTC
B10652,MDI BIOMOL INHALER,POISON
A14191,EVIN DAY & NIGHT PILL PLANNER 2 COMPARMENTS,REHAB & SUPPORT
A14230,MINSYAM OLIVE OIL SOFTGEL 20'S,OTC
A14251,RICE PUFF ASSORTED FLAVOR 10G,BABY & MOM
A13768,BIOFLOR 250MG 6'S CAPS,OTC
A13682,LINKUS MINT LOZENGES 16'S,FOOD & BEVERAGES
A13538,SAFI MINYAK ZAITUN GAMAT (BLUE) 150ML,OTC
A13571,NIVEA DEO ROLL PEARL BEAUTY 50ML,PERSONAL CARE
A13262,YU YEE OIL 48ML,BABY & MOM
A13314,SCOTT'S VITAMIN C PASTILLES (BLACKCURRANT) 50'S,OTC
A13381,JORDAN CLASSIC MEDIUM 1'S,PERSONAL CARE
A13363,3L TINEA-KARE ANTIFUNGAL CREAM 10G,OTC
A13364,SALONPAS PATCH  2'S,OTC
A13464,NIVEA LB STRAWBERRY SHINE WITH NATURAL OILS 4.8G,OTC
A13492,NIVEA LB ORIGINAL CARE 4.8G,OTC
A14744,TIGER BALM LOTION (STRONG PAIN RELIEF)  80ML ,CONSIGNMENT
B10753,HOE ELOSONE 0.1% CREAM 15G,POISON
A14760,ADHWA BERAS BILIS SAYUR 150G,BABY & MOM
B10758,CLOXACAP 250MG 10S,POISON
A14791,FRANCH SHOWER CREME ( HYGIENE PROTECTION )800ML,PERSONAL CARE
A14794,FD FACIAL VEG. SPONGE 90*10MM SQUARE ( S002S ) 1S,PERSONAL CARE
A14709,YUKAZAN ORAL ULCER PATCH 6S,OTC
A14674,NOVA SP8 ACNE SCAR RECOVERY CREAM 50ML,SUPPLEMENT NOVA
A14564,ELLIPS VITAMIN HAIR TREATMENT (ALOE VERA OIL) 6S,PERSONAL CARE
A14562,ELLIPS VITAMIN HAIR TREATMENT (JOJOBA OIL) 6S,PERSONAL CARE
A14348,NOVA DEEBEE TAB 10S - A1,SUPPLEMENT NOVA
B10666,COVERAM 10/10MG TAB 30'S,POISON
B10681,LOCOA 40MG PATCH 10CMX14CM 7'S,POISON
A14461,AGNESIA COOLING POWDER 100G,PERSONAL CARE
A14518,BREATHECLOUD BREATH EASE VAPOUR PATCH 8S,CONSIGNMENT
B10692,HOVID DIABETMIN XR 500MG 10S,POISON
A14503,NOVA DEEBEE ACE TABLET 10'S,SUPPLEMENT NOVA
A14535,1776 ALTERNA SPIRAL SWISSROLL BP 50MM 5'S,WOUND & SURGICAL
B10788,MEGA TAMSIN FORTE 0.4MG TAB 30'S,POISON
A14936,ADHWA BERAS DAGING SAYUR 15Gx10'S,BABY & MOM
A14951,POLIDENT POWER MAX HOLD + SEAL 70G,PERSONAL CARE
A14956,D'AURA MINYAK KELAPA DARA 500MG 80S,OTC
A14971,SENSODYNE SENSITIVITY & GUM ENAMEL MINT 100G,PERSONAL CARE
A14985,BREATHE FREE VAPOUR PATCH ADULT 5S,OTC
B10770,FOBAN CREAM 5G,POISON
A14874,~PAHANG TUALANG HONEY 200ML,CONSIGNMENT DR HANISAH
A14877,CHEESE COOKIES 100G,BABY & MOM
B10776,AZITHROMYCIN SYRUP 200MG/5ML (KIDIMAC),POISON
A14809,FD SCISSOR SL SHARP  ( SS109 ) 1S,REHAB & SUPPORT
A14807,FD PIMPLE REMOVER HOOP ( K22 ) 1S,PERSONAL CARE
A14815,FD NAIL CUTICLE / TRIMMER  ( CT-118) 1S,PERSONAL CARE
A14805,FD EAR DIGGER LIGHT ( EDL ) 1S,REHAB & SUPPORT
A14832,FD SHAMPOO BRUSH ( 4338 ),PERSONAL CARE
A14833,FD SEWING NEDDLE 30S ( SN30 ),PERSONAL CARE
A14834,FD PEARL PIN 32' ( PP32 ),PERSONAL CARE
A14835,FD SAFETY PIN NEWEY BABY PIN 3S ( NNP 3 ),BABY & MOM
A14836,FD SAFETY PIN (1*2)  ( SP012 / SPB ),PERSONAL CARE
A14818,FD DENTAL FLOSSPICK 30S BOX ( DP30B ) 1S,PERSONAL CARE
A14820,FD RAZOR MINI 1S (CV-3L1),PERSONAL CARE
A14861,FD HAIR BRUSH ( WS3988 ),PERSONAL CARE
A14850,FD HAIR CLIP FORK ( HCF59 ) 1S,PERSONAL CARE
A14828,FD FOOT CALLOUS FILE STEEL ( FF59 ),PERSONAL CARE
A14829,FD PUMICE STONE WITH BRUSH ( PU-201 ),PERSONAL CARE
A14840,FD HAIR ROLLER BRUSH ( AS288 ) 1S,PERSONAL CARE
A14842,FD HAIR DYE BRUSH ( 1011 ) 1S,PERSONAL CARE
A15134,BIOSHIELD MOIST HYDRATING CLEANSING BAR 100G,PERSONAL CARE
A15128,RWC PAPAYA SOAP 100G,PERSONAL CARE
A15094,~ O'CARE LOVE MORE HAIR SHAMPOO 500ML,PERSONAL CARE
A15054,REDOXON KIDS VITC 200MG CHEWABLE 60S,SUPPLEMENT
B10824,COOLORA BENZYDAMINE MOUTHWASH BP 0.15% 100ML,POISON
A15053,YUWELL BLOOD GLUCOSE METER 582,MEDICAL DEVICE & SUPPLY
A15064,ACTIV-RUB LINIMENT 30ML,OTC
B10832,AVOBIC CREAM 15G,POISON
A15082,HS PETROLEUM JELLY WITH VIT E 45G,OTC
A15124,PLUSTRAX EFFERVESCENT TABLET (ORANGE) 4G 10S,OTC
B10764,HERPESAN GEL 5G,POISON
A14837,FD FOOTCOVER 30D THICK ( F115 ) 1S,REHAB & SUPPORT
A14909,FAR INFRARED EYE PATCH (KIDS) 1S,OTC
A14910,FAR INFRARED EYE PATCH (ADULT) 1S,OTC
A14978,ELEFBEBE MILK STORAGE BAG 3.50Z/100ML 30S BF-B04,BABY & MOM
A14949,DR WOUND BIOHEAL GEL 7ML,WOUND & SURGICAL
A14942,QMOIST EYE DROPS 15ML,OTC
A14519,LITTLE NUUR IKAN SINGGANG WITH RICE 100G,BABY & MOM
B10671,SANDOZ AMLIBON 5MG 10S,POISON
A14389,21ST CEN L-LYSINE 600MCG 50S,CONSIGNMENT
A14570,HANSAPLAST AQUA PROTECT 20S,CONSIGNMENT
B10715,HOE DECOZOL CREAM 15G,POISON
A14655,KFT-03 EVIN DIGITAL THERMOMETER,MEDICAL DEVICE & SUPPLY
A14646,HURIX GAMAT & MADU PLUS DROPS 2.5G (ORIGINAL),FOOD & BEVERAGES
A14643,HURIX CONSTIPATION TABLET 12S,OTC
A14644,HURIX GASTRO AID SYRUP 100ML ,OTC
B10747,WETTRUST VAGINAL MOISTURIZER 3S ,POISON
A14788,FRANCH HERBAL MOISTURE  BAR SOAP 100G 1S,PERSONAL CARE
A14786,FRANCH TUMERIC BAR SOAP 100G 1S,PERSONAL CARE
B10530,COMBINEB NEBULISER SOLUTION 2.5ML 6'S,POISON
A13424,AGNESIA ROSE 100G,PERSONAL CARE
A13389,EYE MO MOIST 15ML,OTC
A13589,AQUACEL FOAM NON-ADHESIVE 10CM*10CM,WOUND & SURGICAL
A13662,LIBRESSE ULTRA THIN WINGS 24CM 18'S,PERSONAL CARE
A13770,PURAGE MOISTURIZING LOTION 50ML,OTC
A13773,HURIX'S OLIGO HONEY 10G,OTC
B10573,OMIFLU 75MG CAPSULE 10'S,POISON
A13730,VETUS TWEEZERS HRC30,OTC
A13749,0421 BRAVA BELT 1'S,WOUND & SURGICAL
A14204,FREEDERM GEL 10G (TERBINAFINE),OTC
A14260,SAWANAH COCOA 900GM,BABY & MOM
A14046,SIANGPURE MEDICATED OIL (25ML) FOC 3ML,OTC
B10624,AXCEL UREA CREAM 20G,OTC
A13906,ORADEX ANTIBACTERIAL 90ML,OTC
A13920,AJMAL NATURAL STEVIA SWEETENER 10ML,OTC
A13955,PUREEN KIDS HEAD TO TOE WASH (APPLE) 750ML,BABY & MOM
A13956,PUREEN KIDS HEAD TO TOE WASH (NATURAL) 750ML,BABY & MOM
A13957,PUREEN BABY SHAMPOO 750ML,BABY & MOM
A13996,RAED CENGKIH AROMATHERAPY OIL 10ML,BABY & MOM
A14014,MINYAK HERBA ASMAK 30ML,OTC
B10605,CANESTEN CLOTRIMAZOLE CREAM 1% 10G,POISON
A13888,HURIX'S PHLEGM & COUGH HERBS CAPSULE 6'S,OTC
A12891,EVIN L-SHAPED INTERDENTAL BRUSH 5'S,PERSONAL CARE
A12988,UBAT BATUK CAP IBU & ANAK 300ML,OTC
A13173,KOTEX OVERNIGHT PANTIES L-XL SIZE HIP 41 2PCS,PERSONAL CARE
A13154,KOTEX OVERNIGHT PANTIES M-L SIZE HIP 34 2PCS,PERSONAL CARE
A13155,DERMAL THERAPY LIP BALM ORIGINAL ULTRA MOISTURISING 10G,OTC
A13146,MY ROHANI MINYAK URUT BIDARA 30ML,OTC
A13125,HANSAPLAST SENSITIVE KIDS 20'S,OTC
A13057,FRESHCARE MEDICATED OIL STRONG 10ML,OTC
A13071,MANICURE SET LOOSE (NAIL CLIPPER),OTC
B10370,*PHARMANIAGA SIMVASTATIN 20MG STRIP 10'S,POISON
A12439,*NEUTROVIS EXTRA 4PLY SAGE GREEN 10'S,MEDICAL DEVICE & SUPPLY
B10362,*ORALCON BOX 21'S,POISON
A12247,VICKS VAPODROP LOZENGES ORANGE MENTHOL 12S,FOOD & BEVERAGES
A12282,CERAVIS M+ CREAM 25G,OTC
A12216,PERSKINDOL COOL SPRAY (BLUE) 250ML,OTC
A12584,"DR PAIN ICE WARM BAG 11""",REHAB & SUPPORT
A12766,HERBION COUGH RELIEF SYRUP,OTC
A12657,FIRST AID TRAVEL BAG,REHAB & SUPPORT
A10852,PARACAP SUSPENSION 250MG / 5ML (ORANGE) 100ML,OTC
A10808,*SMITH&NEPHEW JELONET 5CM*5CM 5'S,WOUND & SURGICAL
A10650,PERFUME GENERICS GINGER MASSAGE OIL 410ML,OTC
A10651,PERFUME GENERICS LAVENDER MASSAGE OIL 410ML,OTC
A10637,PAN MATE BRIEFS (XL) 6'S,PERSONAL CARE
A10602,ORADEX EVERYDAY 90ML,OTC
A10713,RINSCAP STERILE WATER FOR IRRIGATION 500ML,WOUND & SURGICAL
A11171,*DRAPOLENE CREAM 55G,BABY & MOM
A10393,PEDIASURE PEPTIGRO VANILLA 1.65KG,OTC
A10416,HURIX'S UBAT BATUK GAMAT & MADU PLUS 60ML,OTC
A10452,KANGAROO EUCALYPTUS OIL 8.5ML,OTC
A10305,DUREX COMFORT XL 3'S,OTC
A10354,FISHERMAN SF LEMON 21'S ( YELLOW ),OTC
A10536,NEUTROVIS KN95 MASK CLASSIC (WHITE) 20'S,MEDICAL DEVICE & SUPPLY
A10537,NEUTROVIS KN95 MASK BUTTERMILK 20'S,MEDICAL DEVICE & SUPPLY
A10522,*MAALOX PLUS 25MG STRIP 10'S,OTC
A10291,DR PAIN HOT COLD PACK 28CM*13.5CM,REHAB & SUPPORT
A10293,"DR PAIN ICE WARM BAG 9""",REHAB & SUPPORT
A10258,CUTICURA TALC POWDER 100G,PERSONAL CARE
A10267,DERMOPLEX CALAMINE CREAM 25G,BABY & MOM
A10250,COUNTERPAIN 30G,OTC
A10184,CAP LANG MINYAK TELON 30ML,BABY & MOM
A10125,BEBIKU TELON 30ML,OTC
A10180,CAP KAPAK MINYAK ANGIN 5ML,OTC
A10008,21ST CEN PROBIOTICS 30'S,OTC
A10050,ALCON TEARS NATURALE II 15ML,OTC
A10068,AMMELTZ YOKO YOKO GOLD 80ML,OTC
A10065,AMMELTZ HEAT PATCH NECK & SHOULDER 2'S,OTC
A10085,APPETON ESSENTIAL FOLIC ACID 90'S,OTC
A10101,A-SCABS LOTION 30ML,OTC
A10095,APPETON OPTIGROW PLUS 60'S,OTC
A11492,TYT HERBAL MEDICATED OIL 42ML,OTC
B10125,PRISTINEX CREAM 15G,POISON
B10160,XEPA ZARIN CREAM 15G,POISON
B10154,XEPA MUCOLIX ELIXIR 90ML,POISON
B10148,UNIFLEX-N CREAM 15G,POISON
B10057,EZEDE 10MG BOX 10'S,POISON
B10078,HOE FOBANCORT CREAM 15G,POISON
B10074,HOE ECOCORT CREAM 15G,POISON
B10039,CLODERM 0.05% OINTMENT 15G,POISON
B10050,DIFFLAM FORTE THROAT SPRAY 15ML,POISON
B10045,DHA FEDAC STRIP 10'S,POISON
B10028,CANDACORT CREAM 15G,POISON
B10175,*ZYNOR 10MG STRIP 10'S,POISON
S00001,GRAB EXPRESS,CONSIGNMENT
B10210,YSP RASITOL 40MG STRIP 10'S,POISON
B10211,*COVASC 5MG STRIP 10'S,POISON
A11771,RYLES TUBE SIZE 18 FG,WOUND & SURGICAL
B10182,UNIFLEX CREAM 0.1% 15G,POISON
A11872,GRACE CARE WRIST SUPPORT GC-WB222 FREE SIZE,REHAB & SUPPORT
A11879,*YAKULT ACE / ACE LIGHT LESS SUGAR 80ML,FOOD & BEVERAGES
A11847,REMDII CALMING BODY WASH 250ML,PERSONAL CARE
B10235,XEPA NOVOMIN SYRUP 60ML,POISON
B10285,DYNAPHARM CEPHALEXIN STRIP 500MG 10'S,POISON
A11923,HURIXS FEVER & COLD SYRUP FOR CHILDREN 60ML,OTC
A11727,SENSODYNE GENTLE WHITENING 100G,PERSONAL CARE
A11790,XYLITOL 300GM,OTC
A11783,FOLEY CATHETER SIZE 10FR,WOUND & SURGICAL
A11831,BRAGG ORG APPLE CIDER VINEGAR 946ML,FOOD & BEVERAGES
B10288,*TRAJENTA 5MG STRIP 10'S,POISON
A11963,ALL TEST COVID-19 ANTIGEN RAPID TEST 1'S (NEW),CONSIGNMENT
A11979,999 CHLOROPHYLL SOAP 90G,PERSONAL CARE
A11994,PUREEN TRAVO LADIES (FREE SIZE),PERSONAL CARE
B10301,*GALVUSMET 50MG/850MG STRIP 10'S,POISON
A12106,POLIDENT 3 MINUTE DAILY CLEANSER 36'S,OTC
A11572,PUREEN MADAME MATERNITY PADS 32CM 30'S,BABY & MOM
A11603,EXCELL AAA ALKALINE BATTERY 4S,OTC
A11703,*AP RETANE STERILE EYE DROPS 5'S,OTC
B10038,CLODERM 0.05% CREAM 15G,POISON
B10147,TRAVOCORT CREAM 10G,POISON
B10117,OXY-NASE 0.05% NASAL SPRAY 15ML,POISON
A11502,WOODS PEPPERMINT COUGH SYRUP ADULT 50ML,OTC
A11421,TISSUE SOFT PACK 4PLY 40'S,OTC
B10008,ALLERSINE EYE DROPS 5ML,POISON
A10070,AMMELTZ YOKO YOKO LESS SMELL 80ML,OTC
A10054,ALOCLAIR PLUS SPRAY 15ML,OTC
A10039,FOLEY CATHETER SIZE 12FR,WOUND & SURGICAL
A10191,CARNATION CORN CAP 5'S,OTC
A10292,"DR PAIN ICE WARM BAG 6""",REHAB & SUPPORT
A10529,MESTIKA MASSAGE OIL 30ML,OTC
A10489,SILICONE FOLEY CATHETER 2 WAY SIZE 14FR,WOUND & SURGICAL
A10500,GARNIER DRY TOUCH MOCHI PLUMP 30ML,OTC
A10568,NIXODERM SOAP OLIVE 100G,PERSONAL CARE
A10601,ORADEX DUAL ACTION 90ML  (RED),OTC
A10365,*TLS FRUSINEA 6.0 1'S,OTC
A10366,GASCOAL 50MG 10'S,OTC
A10380,HANSAPLAST ELASTIC 20'S,OTC
A10329,ENO LEMON 4.3G PACK 2'S,OTC
A10907,VICKS INHALER 0.5ML 1'S,OTC
A10908,VICKS VAPORUB 10G,OTC
A10944,YU YEE OIL 10ML,BABY & MOM
A11006,AXCEL EVILINE FORTE 100ML,OTC
A11064,CAP KUDA MINYAK SERAI 60ML,OTC
A10714,RINZ NORMAL SALINE 5ML,OTC
A10749,*SCOTT'S EMULSION ORIGINAL 400ML,OTC
A10754,SENSODYNE GUMCARE 100G,OTC
A10608,LIBRESSE DAILY SENSITIV FEMININE INTIMATE WASH GEL 200ML,PERSONAL CARE
A10652,PERFUME GENERICS LEMONGRASS MASSAGE OIL 410ML,OTC
A10658,PETANI MINYAK GAMAT ASLI LANGKAWI PLUS (YELLOW) 60ML,OTC
A10665,POLIDENT ADHESIVE CREAM FRESH MINT 20G,OTC
A10669,POLIDENT WHITENING TAB 36'S,OTC
A10794,SIMPLE GENTLE SHAMPOO 200ML,PERSONAL CARE
A10836,SUDOCREM 60G,OTC
A10782,SENSODYNE MULTICARE 100G,PERSONAL CARE
A10859,DR. P PREMIUM PANTS L 8'S,REHAB & SUPPORT
A10878,UBAT BATUK CAP IBU & ANAK 75ML,OTC
A12541,LION BALL CORNCAP PLASTER 6'S,OTC
A12243,COTTON BUD ADULT 80S,CONSIGNMENT
A12324,MH EPSOM SALT 50GM,OTC
A12464,*GLYPRIN 100MG 10'S (ASPIRIN+GLYCINE),OTC
A13049,*TLS OXXY KIDS 5GM SACHET 1'S,SUPPLEMENT TLS
A13134,APPETON ESSENTIALS MSTEEN 30'S,OTC
A12980,HIMALAYA VAJOMBA ACTIWHOOSH 15G,FOOD & BEVERAGES
A13037,BELCID SUSPENSION 120ML,OTC
A12897,EVIN BRUSH PICKS 300'S,PERSONAL CARE
A12890,EVIN I-SHAPED INTERDENTAL BRUSH 1.0MM 8'S,PERSONAL CARE
A13821,GKB EURYCOZIN 60'S,OTC
A14024,PANAFLEX HOT PATCH 5S,OTC
A14021,HERBION LINKUS NOVA ORANGE 9'S,FOOD & BEVERAGES
A14054,LAC VITAMIN D3 1000IU 180'S SOFTGEL,OTC
B10634,TWYNSTA 40/5MG 10'S,POISON
A14209,CONNECX NASAL CANNULA (ADULT),REHAB & SUPPORT
B10645,TWYNSTA 40MG/10MG 10'S,POISON
A13740,PALMOLIVE SHOWER GEL ( ABSOLUTE RELAX ) 750ML,WOUND & SURGICAL
A13752,12020 BRAVA SKIN BARRIER SPRAY 1'S,WOUND & SURGICAL
A13757,13976 ALTERNA FREE TRANS 60MM 2PC 15'S,REHAB & SUPPORT
A13689,INFUSOL HM HARTMANN SODIUM LACTATE 500ML (DRIP),WOUND & SURGICAL
A13632,DIFFLAM AB LEMON 6'S,FOOD & BEVERAGES
A13361,GK ENZYME SYP ORG MINTY BASIL 300ML,OTC
A13356,NL STORE STEVIA DROP SWEETENER,OTC
A13316,APIPRO ORAL PLUS SPRAY 20ML,OTC
B10517,DUSPATALIN 135MG 10'S,POISON
A14785,FRANCH POMEGRANATE BAR SOAP 100G 1S,PERSONAL CARE
A14676,NOVA CHILDREN FISH OIL 10S,SUPPLEMENT NOVA
A14677,NOVA NEUROTEC TABLET 10S,SUPPLEMENT NOVA
A14575,NOVA SP8 EXTRA GENTLE CREAM CLEANSER 100ML,SUPPLEMENT NOVA
B10675,HOE BENOSONE OINTMENT 15GM,POISON
A14337,HURIX'S GAMAT PLUS SYRUP 100ML,OTC
A14331,STREPSILS CHESTY COUGH LOZENGE 12S,FOOD & BEVERAGES
A14526,ABSORBA NATEEN SOFT DIAPER (L),OTC
A14460,NOVA MULBERRY PLUS TABLET 10S,SUPPLEMENT NOVA
B10687,H-CORT OINTMENT 15G,CONSIGNMENT
B10803,DAPZIN 10MG 10S,POISON
000025,DISCOUNTINUE,OTC
B10771,HOE FOBANCORT OINTMENT 15G,POISON
A14851,FD SHARK HAIR CLIP ( TH) SC-19 1S,PERSONAL CARE
A14844,FD WOODEN GRAIN COMB ( W7411 ) 1S,PERSONAL CARE
A14849,FD HAIR RUBBER BAND ( HRB ) 1S,PERSONAL CARE
A15116,M-SHIELD ANTIBACTERIAL DISINFECTANT 100ML,WOUND & SURGICAL
B10837,CROTOCORT CREAM 15G,POISON
A15115,SENSODYNE SENSITIVITY & GUM EXTRA FRESH 100G,PERSONAL CARE
A15096,~ O'CARE RELAXATION BODY SHAMPOO 500ML,PERSONAL CARE
A15097,~ O'CARE SILKY MOIST BODY SHAMPOO 500ML,PERSONAL CARE
A15098,~ O'CARE PASSIONATE ROSE BODY SHAMPOO 500ML,PERSONAL CARE
A15107,RENERVE 10S,SUPPLEMENT
A15045,PIC VEDO CLEAR FLEXI TIP DIGITAL THERMOMETER,MEDICAL DEVICE & SUPPLY
B10831,CLOXACAP 500MG 10S,POISON
A15146,COUNTERPAIN ROLL ON COOL (BLUE) 100ML ,OTC
A15147,COUNTERPAIN ROLL ON HOT (RED) 100ML,OTC
A14838,FD TRENDY SOCKS 70D THICK ( TD-701 ) 1S,PERSONAL CARE
A15018,FD BOTTLE SPRAY MIST 50ML ( SM50J ),PERSONAL CARE
A14464,PLANET BARLEY TABLETS 70S,CONSIGNMENT
A14558,NOVA AQUA Q10 50MG + E 100IU (3IN1) 10S,SUPPLEMENT NOVA
A14765,ENTOCID SYRUP SUGAR FREE 120ML,OTC
B10515,PREGEB PREGABALIN 75MG 10'S,POISON
A13399,HIMALAYA TENTEX ROYAL 10'S,OTC
A13615,EVIN NASAL ASPIRATOR,OTC
A13569,SILICONE RYLE'S STOMACH TUBE 12FR/14FR/16FR/18FR,WOUND & SURGICAL
A13579,REDOXON TRIPLE ACTION 10'S ORANGE,OTC
B10560,TERNOLOL 100MG 10S,POISON
A13755,1779 ALTERNA SWISSROLL BP 60MM 5'S,REHAB & SUPPORT
A14020,HERBION LINKUS NOVA HONEY LEMON 9'S,FOOD & BEVERAGES
A14013,MINYAK HERBA ASMAK 10ML,OTC
A14011,WAGAS OIL MINYAK AROMATERAPI CENGKIH 7ML,OTC
A13875,NUR CARE FREEZEMAX SPRAY 100ML,OTC
A13863,LP ANKLE SUPPORT 704 S/M/L/XL,OTC
A12993,PRIMEAGE PROGIGUARD VEGI CAPS 30'S,OTC
B10464,PHARMANIAGA GLICLAZIDE 80MG 10'S,POISON
A13133,APPETON ESSENTIALS TEENGROW 30'S,OTC
A13250,KOKOLA BUTTER COOKIES BAR ( MILK VANILLA ) 60G,FOOD & BEVERAGES
V10010,PRIME GI GUARD,OTC
B10354,*MILOSEC 20MG STRIP 7'S,POISON
A12330,BETADINE SORE THROAT SPRAY 50ML,OTC
A12534,HOVID GINKGO 40MG STRIP 10'S,OTC
B10378,KETAZON 2% SHAMPOO 100ML,POISON
A10872,TIGER PLASTER WARM 10CM*7CM 2'S,OTC
A10921,WINWA YELLOW LOTION 0.4% 30ML,WOUND & SURGICAL
A10809,SMITH&NEPHEW MELOLIN 5CM*5CM 5'S,WOUND & SURGICAL
A10666,POLIDENT ADHESIVE CREAM FRESH MINT 60G,OTC
A10667,POLIDENT DENTURE CREAM FLAVOUR FREE 20G,OTC
A10657,PETANI MINYAK GAMAT PANAS PLUS (RED) 60ML,OTC
A10649,PANADOL SUSPENSION 250MG/5ML 60ML,OTC
A10948,ZENTEL 200MG TWIN PACK 4'S,OTC
A10339,EYE MO MOIST 7.5ML,OTC
A10384,HANSAPLAST TRANSPARENT 20'S,OTC
A10409,HURIX'S HONEY LEMON DROPS 6'S,FOOD & BEVERAGES
A10574,NON-WOVEN GAUZE SWAB 7.5CM*7.5CM 100'S,WOUND & SURGICAL
A10492,WINWA KIDZ PCM 250MG/5ML STRAWBERRY 100ML,OTC
A10174,CAP KAKI TIGA LOSYEN KUNING 60ML,WOUND & SURGICAL
A10066,AMMELTZ YOKO YOKO 82ML,OTC
A10063,AMMELTZ HEAT PATCH BACK PAIN 2'S,OTC
A11443,RHINATHIOL 5% ADULT EXPECTORANT SYRUP 125ML,OTC
A11349,MESTIKA MASSAGE OIL 60ML,OTC
B10075,HOE ELOSONE 0.1% OINTMENT 15G,POISON
B10090,*MARVELON STRIP 21'S,POISON
B10056,ESCAPELLE 1.5MG BOX 1'S,POISON
A11575,PUREEN LIQ CLEANSER REFILL ORANGE 600ML,BABY & MOM
B10176,*ZYNOR 5MG STRIP 10'S,POISON
B10299,STADA ACYCLOVIR 800MG 5'S,POISON
A12109,3L BADAK COOLING WATER 200ML,FOOD & BEVERAGES
B10295,*ZYLOVAA 50MG STRIP 10'S,POISON
B10213,!*ABBOTT BETASERC 24MG 10'S,POISON
B10191,TUSSIDEX FORTE LINCTUS 120ML,POISON
A11930,~CUION MASK KIDS 1'S,MEDICAL DEVICE & SUPPLY
A11903,HOE CANDAZOLE LOTION 10ML,OTC
B10258,MUROZIN 2% OINTMENT 5G,POISON
A11909,*MAC DUAL ACTION STRIP 6'S (HEXYLRESORCINOL),FOOD & BEVERAGES
B10234,*JANUMET 50/1000MG STRIP 7'S,POISON
A11863,NC SILVERGUARD NANO SILVER 60ML,OTC
A12017,HURIX'S MENSTRUAL PAIN 9'S,OTC
A11995,PUREEN TRAVO MATERNITY (L),PERSONAL CARE
A11966,PANADOL FOR CHILDREN TABLET 120MG 12'S,OTC
A11946,*KINOHIMITSU FOOT PACK,OTC
B10181,*DIFFLAM RASPBERRY STRIP 8'S,POISON
B10064,FUCIDIN 2% CREAM 5G,POISON
B10040,COUGH-EN LINCTUS SYRUP 120ML,POISON
B10158,XEPA SEDILIX-DM LINCTUS 120ML,POISON
A11376,PROTEX BAR SOAP FRESH 70G 1S,PERSONAL CARE
A11433,YOKNESS QU HUANG HERBAL BATH,BABY & MOM
B10002,ACUSTOP CATAPLASMA PLASTER 6'S,POISON
A10069,AMMELTZ YOKO YOKO LESS SMELL 46ML,OTC
A10175,CAP KAKI TIGA POVIDONE IODINE 30ML,WOUND & SURGICAL
A10173,CAP KAKI TIGA LOSYEN KUNING 30ML,WOUND & SURGICAL
A10187,GAUZE SWAB 7.5CM*7.5CM 100'S,WOUND & SURGICAL
A10567,NIXODERM PH 5.5 THERAPEUTIC BAR 100G,PERSONAL CARE
A10386,HANSAPLAST UNIVERSAL 40'S,OTC
A10443,PROTEX BAR SOAP ICY COOL 70G 1S,PERSONAL CARE
A10422,HYDROCYN 250ML,WOUND & SURGICAL
A10340,EYE MO REGULAR 7.5ML,OTC
A11027,KOKOLA BUTTER COOKIES BAR ( MOCHACHINO ) 60G,FOOD & BEVERAGES
A11018,AMMELTZ YOKO YOKO 48ML,OTC
A11218,EYE GLO RELIEF 10ML,OTC
A10739,SALONPAS PATCH 20'S,OTC
A12675,SURYA CIDER VINEGAR + NATURAL HONEY ASSORTED 450ML,FOOD & BEVERAGES
A12609,POCKY DOUBLE CHOCO 39G,FOOD & BEVERAGES
A12610,POCKY STRAWBERRY 38G,FOOD & BEVERAGES
B10380,SINU-C SUSP BLACKCURRANT 100ML,POISON
B10385,SALMODIL / SALMODEX SYRUP 100ML,POISON
B10348,*HOVID INOX 100MG STRIP 4'S,POISON
B10365,FOBANCORT CREAM 5G,POISON
A12320,MH IKO SUGAR FREE OATMEAL PUMPKIN 178G,FOOD & BEVERAGES
A12339,COLIMIX SYRUP 90ML,OTC
A12210,BIOPLAST TRANSPARENT PLASTER 10'S,PERSONAL CARE
V10021,COUNTERPAIN,OTC
A13051,*TLS CHANTIVA 750MG STRIP 10'S,SUPPLEMENT TLS
A13111,TIGER BALM MOSQUITO REPELLANT AEROSOL 120ML,OTC
A13181,ALCON TEARS NATURALE FREE 0.8ML*4VIALS,OTC
A13166,TIGERUS TIGGY ORANGE CHEWABLE 80'S,OTC
A12813,LIVOLIN FORTE STRIP 10'S,OTC
B10593,MONTELUKAST 10MG 10'S,POISON
A13927,ABSORBA AFINA PLUS PANTS (M) 10'S,REHAB & SUPPORT
A14248,RICE STICK ASSORTED FLAVOR 10G,BABY & MOM
A14231,MINSYAM BLACK SEED OIL CAPSULE 20'S,OTC
A14259,CALCIUM CARBONATE 500MG 10S,CONSIGNMENT
A14096,HERBION LINKUS NOVA CHERRY 9'S,FOOD & BEVERAGES
A13604,HURIX'S 600 FLU COUGH SYRUP 60ML,OTC
A13605,HURIX'S KAP SAKIT GIGI & SAKIT KEPALA 6'S,OTC
A13393,3M EARPLUG 1100 PAIR,REHAB & SUPPORT
A13512,KOKOLA RASPBERRY JAM COOKIES 105G,FOOD & BEVERAGES
A14653,NIXODERM HAND & BODY SOAP ( LAVENDER)  100G,PERSONAL CARE
A14470,NASAL STRIPS ADULT 10S,CONSIGNMENT
B10714,GALVUS 50MG 14S,POISON
A14521,LITTLE NUUR TOMYUM PLA WITH RICE 100G,BABY & MOM
A14402,NOVA FLEXTAB TABLET 10'S,SUPPLEMENT NOVA
B10843,BISOCOR 2.5MG 10S ,POISON
A14919,BEYOND FEMININE MONTHLY PATCHES 5S,OTC
A14390,BIOCARE MORINGA 420MG 60S,SUPPLEMENT
B10760,INSUGEN 30/70 3ML 1'S,POISON
A14787,FRANCH SAFFRON BAR SOAP 100G 1S,PERSONAL CARE
A14750,~ACTIZ-GLO TABLET 10S,CONSIGNMENT
A14684,MARGO SOAP BAR  (DAUN SEMAMBU) 100G,PERSONAL CARE
A13282,NURLIFE SEMAMBU MOISTURISING HAND & BODY LOTION 50G,OTC
A13264,FRESHCARE MEDICATED OIL MILD BUBBLE GUM 10ML,OTC
A13590,STREPSILS ORIGINAL 6'S,FOOD & BEVERAGES
A13546,NUR CARE COTTON BALL 100'S,BABY & MOM
A13754,12070 BRAVA ELASTIC TAPE C SHAPE 20'S,REHAB & SUPPORT
A14092,FRANCH MORINGA SOAP 100G 1'S,PERSONAL CARE
A14056,AP FRESNOZ NASAL RINSE STARTER KIT 240ML + 12 SACHET,OTC
B10644,PROGLUTROL G2 2/500MG 10'S,POISON
A14205,VITASEN MULTIVITAMIN + LYSYNE (CHOCOLATE) 30'S,OTC
A12747,SURGIPLUS NON-WOVEN GOWN 1'S,OTC
A12849,MH IKO SUGAR FREE OATMEAL OAT BRAN 178G,FOOD & BEVERAGES
B10430,*GLUCOPHAGE 500MG STRIP 20'S,POISON
A12983,DIFFLAM AB BLACKCURRANT 12'S,FOOD & BEVERAGES
A13139,ELASTIC CREPE BANDAGE 5CM*4.5M,REHAB & SUPPORT
V10011,DR MAMA MASK,OTC
A12611,POCKY CHOCOLATE 40G,FOOD & BEVERAGES
A12466,DIFFLAM AB LEMON 12'S,FOOD & BEVERAGES
A12710,GAUZE SWAB 8PLY 5CM*5CM 100'S,WOUND & SURGICAL
A10712,RINSCAP STERILE WATER FOR IRRIGATION 1000ML,WOUND & SURGICAL
A10816,SOLUWAX 0.5% EAR DROPS 10ML,OTC
A10906,VICKS BABY BALSEM 50G,BABY & MOM
A11232,*FLUIMUCIL A 600MG 2'S,OTC
A11091,COLGATE TP GREAT REG/MINT FLAVOUR 75G,PERSONAL CARE
A10947,*ZENTEL SUSPENSION 10ML,OTC
A10990,GP SUPERCELL / NICOME BATTERY AA 4'S,OTC
A10338,EYE GLO PLUS 10ML,OTC
A10419,*HURIX'S GUMMY STRAWBERRY 10G,FOOD & BEVERAGES
A10255,CREOBIC CREAM 20G,OTC
A10100,ALCOHOL SWAB100'S,WOUND & SURGICAL
A11504,WOODS PEPPERMINT COUGH SYRUP CHILD 50ML,OTC
A11271,HIMALAYA SALT SPORTS CANDY-GINGER LEMON 15G,FOOD & BEVERAGES
A11255,HEMORID STRIP 10'S,OTC
B10151,WINOFEN SUSPENSION 2% ORANGE 100ML,POISON
B10091,*MERCILON STRIP 21'S,POISON
B10092,*MICARDIS 40MG 10S,POISON
A11598,KOKOLA BLACK CHOCO COOKIES 110G,OTC
A11588,ANAS SALMON SOUP RICE PORRIDGE 120G,BABY & MOM
A11967,PANADOL MENSTRUAL 10'S,OTC
A12089,PLASTIC FORCEP 1'S,REHAB & SUPPORT
B10308,ASMIN 4MG 10'S,POISON
A10111,*SMITH&NEPHEW BACTIGRAS 10CM*10CM 1'S,WOUND & SURGICAL
A11805,BRAGG ORG APPLE CIDER VINEGAR 473ML,FOOD & BEVERAGES
A11800,10 GRAINS RING SNACK TOMATO 50GM,FOOD & BEVERAGES
A11624,EYE GLO REGULAR 10ML,OTC
B10051,*DIFFLAM HONEY LEMON STRIP 8'S,POISON
B10152,WINOFEN SUSPENSION 2% STRAWBERRY 100ML,POISON
B10143,SYNFLEX 275MG STRIP 10'S,POISON
B10009,ANAREX STRIP 10'S,POISON
A10067,AMMELTZ YOKO YOKO GOLD 46ML,OTC
A10256,CREOBIC GOLD CREAM 10G,OTC
A10279,DIFFLAM AB HONEY LEMON 12'S,FOOD & BEVERAGES
A10178,CAP KAPAK MINYAK ANGIN 10ML,OTC
A10406,HUNDREDPLAST KOYOK 10'S,OTC
A10383,HANSAPLAST SENSITIVE 20'S,OTC
A10330,SLOAN LINIMENT 70ML,OTC
A10495,LINKUS COUGH SYRUP SF 120ML,OTC
A11099,*CUPLATON 100MG 10'S (DIMETICONE),OTC
A10784,SENSODYNE REPAIR & PROTECT EXTRA FRESH 100G,OTC
A10753,SENSODYNE FRESHMINT 75G,PERSONAL CARE
A12533,WSL MINYAK GAMAT ASLI LANGKAWI 30ML,OTC
A12507,SAFE CARE MEDICATED OIL 10ML,OTC
A12535,HOVID GINKGO 80MG STRIP 10'S,OTC
A12546,WOOD DIFFUSER,OTC
A12588,CLEARBLUE PLUS PREGNANCY TEST (1 MINUTE) RAPID DETECTION 1'S,OTC
A12396,*TLS HYDROCO 15GM 1'S,OTC
A13059,"BIONERV STRIP 10'S (ALPHA LIPOIC ACID+VIT B1,B6,B12)",OTC
A12992,DIFFLAM AB ORANGE BOX 12'S,FOOD & BEVERAGES
A12951,TENA GENTLE CARE WET WIPESN ( L ) 40'S,REHAB & SUPPORT
B10631,NORCOLUT 5MG 10'S,POISON
A14099,PIC INSUPEN NEEDLE 33G*4MM 10'S,MEDICAL DEVICE & SUPPLY
A14178,HIMALAYA WOMEN'S WELLNESS ( SHATAVARI ) 60'S,OTC
B10621,LUSEFI 5MG 10'S,POISON
A13972,EVIN BREASTMILK STORAGE BAG 3.5OZ/ 100ML,BABY & MOM
A13789,TOPSEAL FLEXI TRANSPARENT FILM ROLL 10CM*1M,WOUND & SURGICAL
A13823,~COLD/ HOT PACK,CONSIGNMENT DR HANISAH
A13266,FRESHCARE MEDICATED OIL GREEN TEA 10ML,OTC
A13301,SPRITZER MINERAL WATER 1.25L,FOOD & BEVERAGES
A13480,HEALTHY NATION GET WELL 25G 1'S,SUPPLEMENT TLS
A14688,GLOVEON HYDRATING (S) NITRILE SOOTHE & MOISTURISE  10S,REHAB & SUPPORT
A14689,GLOVEON HYDRATING (M) NITRILE SOOTHE & MOISTURISE 10S,REHAB & SUPPORT
A14691,GLOVEON HYDRATING (XS) NITRILE SOOTHE & MOISTURISE 10S,REHAB & SUPPORT
A14353,NOVA CORDYCEP 200MG 10S,SUPPLEMENT NOVA
A14333,DISCOUNTINUE,CONSIGNMENT
B10778,ZELOMAC 40MG 7S,POISON
A14841,FD KUTU PLASTIC COMB ( 135 ) 1S,PERSONAL CARE
A15095,~O'CARE LOVE REPAIR HAIR SHAMPOO 500ML,PERSONAL CARE
A15119,M. SHIELD ROLL PLASTER 1.25CM*5M 1S,WOUND & SURGICAL
A15060,REMDII PSO-REST CREAM 150ML,OTC
A15055,BEPANTHEN ITCH RELIEF CREAM 20G,PERSONAL CARE
A15145,ACTIVMAX DIABECARE 400GM,SUPPLEMENT NOVA
A15028,EVIN DIGITAL HCG WEEKLY PREGNANCY TEST (3MINUTES),OTC
B10834,AVENEZ SYRUP 0.5MG/ML 60ML,POISON
A15142,HERBION KIDS PLASTER 20S,WOUND & SURGICAL
B10773,GELOXIB-200 10S,POISON
A15026,VITASEN TRIPLE ACTION VITAMIN C ZINC & D3 CHEW 60S,SUPPLEMENT
A14527,NOVA MAS COTEK 250MG 10S,SUPPLEMENT NOVA
A14738,HURIX'S GINSENG PLUS KAPSUL (IMPROVED) 6S,OTC
A14666,VITAHERB MARSHMALLOW 125MG/5ML 100ML,OTC
A14583,SANIDYL 80ML,CONSIGNMENT
A13707,SELUAR SUNAT BUDAK SIZE XL,BABY & MOM
A13607,HURIX'S GAMAT & MADU PLUS DROPS 2.5G (LIME),FOOD & BEVERAGES
A13777,HURIX'S SUGAR FREE LEMON LICORICE 20G,FOOD & BEVERAGES
A14023,PANAFLEX COLD PATCH 5S,OTC
B10442,HOVID AMOXICAP 500MG 10'S,POISON
B10407,PNG CO-AMOXICLAV STRIP 625MG 10'S,POISON
A12820,DISPOSABLE UNDERPAD 5PLY 60CM*90CM 10'S,OTC
A13254,TAISHO PABRON COUGH SYRUP 250MG/5ML,OTC
A12319,MH IKO SUGAR FREE OATMEAL 9 GRAINS 178G,FOOD & BEVERAGES
A10648,PANADOL (1-6) 120MG/5ML 60ML,OTC
A10870,TIGER PLASTER COOL 10CM*7CM 2'S,OTC
A10863,DR. P PREMIUM ADULT WET WIPES ( XL ) 40S,OTC
A11219,EYE MO REGULAR 15ML,OTC
A10934,WINWA NOXWORM SUSPENSION CHOC 10ML,OTC
A10494,LINKUS COUGH SYRUP 120ML,OTC
A10573,NON-WOVEN GAUZE SWAB 5CM*5CM 100'S,WOUND & SURGICAL
A10531,MIIVIO JD-719 BLOOD PRESSURE BP MONITOR,MEDICAL DEVICE & SUPPLY
A10337,EYE GLO MOIST 10ML,OTC
A10385,HANSAPLAST UNIVERSAL WATER RESISTANT 20'S,OTC
A10233,CLEARBLUE DIGITAL PREGNANCY TEST (HOW MANY WEEK) 1'S,OTC
A10116,ELASTIC CREPE BANDAGE 7.5CM*4.5M,REHAB & SUPPORT
A11270,HIMALAYA SALT SPORT CANDY-COOL LEMON 15G,FOOD & BEVERAGES
B10137,*STORVAS C 20MG STRIP 10'S,POISON
B10150,VENTOLIN EVOHALER 100MCG 200D,POISON
A11601,UNECOF SYRUP 100ML,OTC
A11571,PETANI PATI MINYAK GAMAT LANGKAWI 20ML,OTC
B10155,XEPA NOVOMIN BOX 10'S,POISON
B10162,YASMIN BOX 21'S,POISON
B10026,BUSCOPAN 10MG STRIP 20'S,POISON
A11368,NEILMED SINUS RINSE STARTER KIT 10S,OTC
A11359,MUCOSOLVAN LIQUID 30MG/5ML 100ML,OTC
A11422,YOKNESS PRICKLY HEAT HERBAL BATH,BABY & MOM
A11795,ORG HONEY PUFFS CEREALS 200GM,FOOD & BEVERAGES
B10218,*MSD ARCOXIA 120MG PCS 1'S,POISON
A12123,KITSUI BELLOSS FIBER 15G 1S,OTC
A10391,ANAS BEEF SOUP RICE PORRIDGE 120G,BABY & MOM
A10420,HURIX'S TOOTHACHE DROPS 2ML,OTC
A10350,KING CARE WIPES 40'S,OTC
A10910,VICKS VAPORUB 50G,OTC
A10681,*PUREEN BABY WIPES GREEN 100'S,BABY & MOM
A10632,PABRON COUGH 20'S,OTC
A12318,MH IKO SUGAR FREE OATMEAL ORIGINAL 178G,FOOD & BEVERAGES
A12380,POLIDENT EFF TAB 6S,OTC
A12641,PANOFF CLEANSING BAR 100G,PERSONAL CARE
A12759,YUKAZAN ACNE HEALING PATCH BUNNY CHARM 20S,PERSONAL CARE
A13115,PROTEX BAR HERBAL 75G 1S,PERSONAL CARE
V10005,OXXY KIDS,OTC
V10002,DISCONTINUE,OTC
A12837,TUBIFAST RED LINE 3.5CM*1M,WOUND & SURGICAL
A12845,LUX BAR SOAP VELVET TOUCH 70G 1S,OTC
A12991,DIFFLAM AB BLACKCURRANT 6'S,FOOD & BEVERAGES
A13004,HEALTHY NATION R-FLUX 7G (PH ALKALIZING)  1'S,OTC
A14181,OSTEOCAP CAPSULE 10'S,OTC
A14107,LUX BAR SOAP MAGICAL SPELL 70G 1S,PERSONAL CARE
A14093,VITAMODE MAGNESIUM L-THREONATE 500MG 10S,CONSIGNMENT
A14083,VIDA ZERO SPARKLING SPARKLING SALTY LYCHEE 325ML,FOOD & BEVERAGES
A13774,HURIX'S TRAVEL CARE CAPS 6'S,OTC
A13721,EVIN BREASTMILK STORAGE BAG 5OZ/ 150ML,BABY & MOM
A13483,HEALTHY NATION 180 PSL-5 TIGER MILK MUSHROOM 5GM 1'S,SUPPLEMENT TLS
A13265,FRESHCARE MEDICATED OIL CITRUS 10ML,OTC
A13263,FRESHCARE MEDICATED OIL MILD HAPPY CHERRY 10ML,OTC
A13350,YUKAZAN ACNE HEALING PATCH CHAMOMILE 20S,PERSONAL CARE
A13347,FOLEY CATHETER SIZE 14FR,WOUND & SURGICAL
A14662,NOVA SOY ISOFLAVONE 125MG 10S,SUPPLEMENT NOVA
A14645,HURIX GAMAT & MADU PLUS DROPS 2.5G (HERBS),FOOD & BEVERAGES
B10711,HYTRIN 5MG 14'S,POISON
A14472,NOVA TOCO-E SOFTGEL 10S,SUPPLEMENT NOVA
B10807,RABOTIDE 20MG 10S,POISON
A14928,PURE COLLAGEN TRIPEPTIDE 1200MG 30S,SUPPLEMENT
B10780,DOIZ 50MG  10S,POISON
A14920,ORG COCOA PUFFS CEREAL 200G,FOOD & BEVERAGES
A14917,HLP LIFESENZE MECOPRO 60S,OTC
A15131,CILAVIT D 400IU DROPS 10ML,SUPPLEMENT
A15058,WELLCARE OPTIHEALTH SOFTGELS 10S,SUPPLEMENT
A14896,VENAFIX 10S,OTC
A13716,DORAEMON VIT C PASTILLE BLACKCURRANT 40G,FOOD & BEVERAGES
A13717,DORAEMON VIT C PASTILLE ORANGE 40G,FOOD & BEVERAGES
000007,Test variance,CONSIGNMENT
A12208,HIGH ELASTIC BANDAGE 7.5CM*4.5M,REHAB & SUPPORT
A10938,WOODS PEPPERMINT LOZ - ORANGE SACHET 6'S,FOOD & BEVERAGES
A10519,LIVE-WELL MECOMIN 500MG 10'S,OTC
A10581,ONE TOUCH SELECT TEST STRIP 25'S,MEDICAL DEVICE & SUPPLY
A10117,SELF-ADHESIVE BANDAGE 10CM*4.5M,WOUND & SURGICAL
A10052,A-LICES LOTION 60ML,OTC
A10294,DRESSING SET WITH 1 FORCEP,WOUND & SURGICAL
B10307,ASMIN 2MG 10'S,POISON
B10317,*GRISEOFULVIN 500MG STRIP 10'S,POISON
A11999,GKB LACTOBACILLUS PLANTARUM 200MG,OTC
A11802,10 GRAINS RING SNACK ONION 50GM,FOOD & BEVERAGES
B10230,*HOVID CLAMIDE 5MG STRIP 10'S,POISON
A11551,CLOTH WASHABLE FACE MASK TIE ON 1'S,MEDICAL DEVICE & SUPPLY
B10083,HOVID PENGESIC 50MG STRIP 10'S,POISON
A11583,DRESSING SET WITH 3 FORCEPS,WOUND & SURGICAL
A11590,ANAS CHICKEN SOUP RICE PORRIDGE 120G,BABY & MOM
B10046,*DIAMICRON MR 60MG STRIP 15'S,POISON
B10098,NASONEX SCENT-FREE 50MCG 60D,POISON
A11279,HURIX'S COOL INHALER 2ML,OTC
A11267,HIMALAYA NEEM & TURMERIC SOAP BAR 75G,PERSONAL CARE
B10231,*XEPA CAMAZOL 5MG STRIP 10'S,POISON
A11865,NC SILVERGUARD SILVER GEL 150ML,OTC
B10214,SUNWARD BISOL 5MG STRIP 10'S,POISON
B10204,ZOLTEROL SR 100MG STRIP 10'S,POISON
A10201,CERUMOL EAR DROPS 11ML,OTC
A10179,CAP KAPAK MINYAK ANGIN 14ML,OTC
A10738,SALONPAS PATCH 10'S,OTC
A10835,STREPSILS ORANGE VIT C 6'S,FOOD & BEVERAGES
A10829,STERIMAR NASAL SPRAY 50ML,OTC
A12190,RESPICOL BLACK ELDERBERRY PLUS TGM 120ML,OTC
A13105,TLS BARLEANS OMEGA-3 1200MG 30'S,SUPPLEMENT TLS
B10426,METOCLOPRAMIDE 10MG STRIP,POISON
A12781,DISCONTINUED,OTC
A13718,POISE PADS EXTRA LONG PLUS 36CM 10'S,PERSONAL CARE
A13747,PARACIL 120MG/5ML SYP 100ML,OTC
A13645,DR. P VALUE PANTS M 10'S,REHAB & SUPPORT
A13366,3L COOLTOPIA LIME 320ML,FOOD & BEVERAGES
A13295,SELUAR SUNAT BUDAK SIZE L,BABY & MOM
A13931,KORDEL'S BEWELL PEPPERMINT DROP 8'S,FOOD & BEVERAGES
A13790,TOPSEAL HYPOA NONWOVEN DRESSING 10CM*10CM,WOUND & SURGICAL
A13825,M-ZOLE SUSPENSION 10ML,OTC
A14804,ADHWA BUBUR ADHWA TRAVEL PACK 5S 15G,BABY & MOM
A15059,WELLCARE VITAMIN B-COMPLEX TABLET 10S,SUPPLEMENT
A14517,GKB TRIMOR 1S,CONSIGNMENT
A14322,BIOFLOR 250MG 2'S,OTC
A14350,NOVA NATURA-E 400IU 10S,SUPPLEMENT NOVA
A14690,GLOVEON HYDRATING (L) NITRILE SOOTHE & MOISTURISE 10S,REHAB & SUPPORT
A13905,FISHERMAN'S FRIEND CITRUS 25G ( GREEN ),FOOD & BEVERAGES
A14087,APPETON MV21G+ SELENIUM 10'S,OTC
A14090,KPLASS PAIN RELIEF PATCH 2'S,OTC
A13284,DIFFLAM AB ORANGE 6S,FOOD & BEVERAGES
A13442,NICOME/GP LITHIUM BATTERY CR2032 1'S,OTC
A13656,3L COOLTOPIA LYCHEE 320ML,FOOD & BEVERAGES
A13753,12010 BRAVA ADHESIVE REMOVER SPRAY 1'S,WOUND & SURGICAL
A13751,12050 BRAVA PASTE 60GM 1'S,REHAB & SUPPORT
V10019,EYE MO,OTC
A12202,~CHOKI CHOKI CHOCOMILK 50G,OTC
A12433,NEUTROVIS KIDS PREM 4PLY ICE CREAM 10'S,MEDICAL DEVICE & SUPPLY
A12690,WOODS PEPPERMINT LOZ-  BLACKCURRANT 6'S,FOOD & BEVERAGES
A12563,*ZERO DEGREE 4PLY BABY PINK 10'S,MEDICAL DEVICE & SUPPLY
A10845,SURGICAL TAPE 1.25CM CUTTER,REHAB & SUPPORT
A10781,SENOKOT STRIP 20'S,OTC
A10871,TIGER PLASTER WARM 10CM*14CM 2'S,OTC
A10869,TIGER PLASTER COOL 10CM*14CM 2'S,OTC
A10647,*PANADOL SOLUBLE 4'S,OTC
A10937,WOODS PEPPERMINT LOZ - LEMON SACHET 6'S,FOOD & BEVERAGES
A10991,GP SUPERCELL BATTERY AAA 2'S,OTC
A11015,AFRICAN SEA COCONUT DROPS CANDY ORIGINAL 15G (YELLOW PACK),OTC
A10119,SELF-ADHESIVE BANDAGE 5CM*4.5M,OTC
A10348,SATO STONA COOLING GEL PADS2 2S,OTC
B10190,KLORAXIN EYE OINTMENT 5G,POISON
B10260,PROCHLOR 5MG 10'S,POISON
A12145,SABUN TAHARAH,PERSONAL CARE
A12178,*AVEFLON 500MG 10'S,OTC
A11505,WOODS PEPPERMINT LOZ - EXTRA STRONG ORIGINAL 6'S,FOOD & BEVERAGES
B10131,*REMICRON MR 30MG 10'S,POISON
B10027,CAFFOX 10S,POISON
B10257,CONTROLOC 40MG BOX 14'S,POISON
A11876,AROSS/PRIMES SYRINGE 60ML,WOUND & SURGICAL
A10332,ESENTIEL EPSOM SALT 375G,OTC
A10130,*BEROCCA EFF (ORANGE) 15'S,OTC
A10885,STERILE GAUZE 10CM*10CM,WOUND & SURGICAL
A10834,STREPSILS HONEY LEMON 6'S,FOOD & BEVERAGES
A12520,AB-LIFE 15'S,OTC
A12485,HEALTHY NATION NURVI CAPSULE 10S,OTC
A12634,REDOXON TRIPLE ACTION 15'S ORANGE,OTC
V10026,ZENTEL CHEW AND SUSPENSION,OTC
B10462,~ AMLOMED 5MG 10S,CONSIGNMENT
A12817,BC CARE ANPHISCERA ( ANDROGRAPHIS ) CAPSULE 10S,OTC
A12834,ZIVRON TIGER MILK MUSHROOM + CORDYCEPS 10'S,OTC
A13014,*TLS CRAN POWDER 5GM SACHET 1'S,SUPPLEMENT TLS
A13762,12030 BRAVA MOLDABLE RINGS 2MM 10'S,REHAB & SUPPORT
A13691,AROSS NITRILE BLUE GLOVE (S) 10'S,OTC
A13283,DIFFLAM AB HONEY LEMON 6S,FOOD & BEVERAGES
A13293,SELUAR SUNAT BUDAK SIZE S,BABY & MOM
B10507,NATFLU OSELTAMIVIR 75MG STRIP 5'S,POISON
A14089,KPLASS KNEE PAIN RELIEF PATCH 2'S,OTC
A14206,VITASEN C 30 CHEWABLE TABLET 60'S (ORANGE),OTC
A14253,ABSORBA AFINA PLUS PANTS (L) 9'S,REHAB & SUPPORT
A13928,ABSORBA AFINA PLUS PANTS (XL) 8'S,REHAB & SUPPORT
B10611,FUDERM 2% CREAM 5G,POISON
A13443,WINWA KIDZ PCM 250MG/5ML ORANGE 100ML,OTC
A12775,AXCEL PARACETAMOL 250MG (ORANGE) 100ML,OTC
A10832,STREPSILS COOL 6'S,FOOD & BEVERAGES
A10849,SURGICAL TAPE 5CM CUTTER,REHAB & SUPPORT
B10275,PHARMANIAGA CETIRIZINE STRIP 10MG 10'S,POISON
B10004,ADEZIO ORAL SOLUTION 60ML,POISON
B10025,BILAXTEN 20MG STRIP 10'S,POISON
B10071,HOE BEPROSALIC 0.05% OINTMENT 15G,POISON
B10153,XEPA HYDROCORTISONE (XEPACORT) 1% CREAM 15G,POISON
B10006,ALCON NAPHCON A EYE DROP 15ML,POISON
A14916,PUREEN BABY WIPES XL 40S,BABY & MOM
A14879,HEALTHY NATION SACHA INCHI OIL COMPLEX 10S,OTC
A15056,WELLCARE FLEX FORMULA TABLET 10S,SUPPLEMENT
A15057,WELLCARE COQ10 100MG WITH B6 & B12 TABLET 10S,SUPPLEMENT
A14754,ASCENTIA MAGELAX CAPSULE 10S,CONSIGNMENT
A11424,PRIMES CALAMINE LOTION 150ML,BABY & MOM
B10129,*SIMVOR 20MG STRIP 10S,POISON
B10138,*STORVAS C 40MG STRIP 10'S,POISON
B10102,NICOL EYE DROP 5ML,POISON
B10115,ORAL AID LOTION 6ML,POISON
B10021,BENA EXPECTORANT COUGH SYRUP 120ML,POISON
B10261,HOVID GLIMICRON 80MG STRIP 10'S,POISON
B10233,*JARDIANCE 25MG STRIP 10'S,POISON
B10189,*VENCID 40MG STRIP 7'S,POISON
B10201,*CLARINASE STRIP 10'S,POISON
A10860,DR. P PREMIUM PANTS M 9'S,REHAB & SUPPORT
A11211,VIDA VITAMIN C 1000MG SPARKLING ORANGE 325ML,FOOD & BEVERAGES
A11233,FORLAX 10G TWIN PACK 2'S,OTC
A12207,HIGH ELASTIC BANDAGE 10CM*4.5M,REHAB & SUPPORT
A12975,STERILE GAUZE SWAB 7.5CM*7.5CM,WOUND & SURGICAL
A13171,DYNA DYNA-TDS TOOTHACHE DROPS 2ML,OTC
A13206,*TOPSEAL HYPOA FLEX NONWOVEN FILM ROLL 10CM*1M,WOUND & SURGICAL
A13805,ONE TOUCH SELECT PLUS STRIPS 25'S,MEDICAL DEVICE & SUPPLY
A14187,CALCIUM LACTATE  300MG,OTC
B10654,COLDTACT CAPSULE 10'S,POISON
A13964,STERILE URINE BAG 2L,WOUND & SURGICAL
A14025,ENO ORANGE 4.3G PACK 2'S,OTC
A13698,ELASTIC CREPE BANDAGE 15CMX4.5M,REHAB & SUPPORT
A12973,HIGH ELASTIC BANDAGE 5CM*4.5M,OTC
A13021,ENO REGULAR 4.3G TWIN PACK 2'S,OTC
A11209,VIDA VITAMIN C 1000MG SPARKLING BLACKCURRANT 325ML,FOOD & BEVERAGES
A10633,TUMMYGOOD STOMACH COMFORT PATCH 6'S,BABY & MOM
A10426,IBERET FOLIC 500MG 30'S,OTC
A10539,NEUTROVIS KN95 MASK BLACK 20'S,MEDICAL DEVICE & SUPPLY
B10265,BEAGENTA EYE/EAR DROPS 5ML,POISON
A11622,VITAMIN C WITH ZINC 1000MG 10'S,OTC
A14769,SIMCONE 80MG 10S,OTC
A14544,NOVA PROFLEX TABLET 10S,SUPPLEMENT NOVA
A14476,NOVA LIFEFIT GOLD 30S,SUPPLEMENT NOVA
A14465,ECOFREN COFFEE WITH INULIN 20G 1S,CONSIGNMENT
B10668,WINADRYL EXPECTORANT SYRUP 120ML,POISON
A14557,NOVA EPO 1000MG SOFTGEL 10S,SUPPLEMENT NOVA
A14670,MEDISAFE SOLO SAFEETY LANCET 29G/1.5MM 1S,MEDICAL DEVICE & SUPPLY
A15032,PIC OPTISOFT COMFORT STERILE EYE PAD 95*65MM 1S,WOUND & SURGICAL
A11602,AP REFLUXD SUSPENSION 10ML 1S,OTC
B10080,*HOVID DIABETMIN 500MG STRIP 10'S,POISON
B10085,KETOTOP PLASTER 30MG PACK 7'S,POISON
B10142,SUNWARD SUNPROX 275MG 10'S,POISON
A11429,*PUREEN BABY WIPES ORANGE FF 100'S,BABY & MOM
A11430,*PUREEN BABY WIPES BLUE 30'S,BABY & MOM
A11547,^BARAKA 450MG BOX 24'S,OTC
A10577,*NOVOLAX 5MG STRIP 15'S (BISACODYL),OTC
A10127,BECO TABLET 50'S,OTC
A10683,*PUREEN BABY WIPES ORANGE FF 30'S,BABY & MOM
A12945,HUDSON'S JUJUBES HONEY LEMON PACK 8'S,FOOD & BEVERAGES
A12946,HUDSON'S JUJUBES CLASSIC PACK 8'S,FOOD & BEVERAGES
A12824,NOVA SLIMEX 10'S CAPSULES,SUPPLEMENT NOVA
A12441,*NEUTROVIS EXTRA 4PLY MISTY BLUE 10'S,MEDICAL DEVICE & SUPPLY
A12442,*NEUTROVIS EXTRA 4PLY MERLOT 10'S,MEDICAL DEVICE & SUPPLY
A12443,*NEUTROVIS EXTRA 4PLY HUNTER GREEN 10'S,MEDICAL DEVICE & SUPPLY
A13683,LINKUS HONEY LEMON LOZENGES 16'S,FOOD & BEVERAGES
A13362,GK ENZYME SYP ORG MINTY BASIL 60ML,OTC
A13294,SELUAR SUNAT BUDAK SIZE M,BABY & MOM
A13974,PUREEN BABY WIPES BLUE 80'S,BABY & MOM
A13891,RESTORS ORAL POWDER 1S,OTC
A14314,YUPI YOGURT GUMMY 1S,CONSIGNMENT
A14262,HEALTHY NATION DM WELL 25G 1S,SUPPLEMENT TLS
A14207,VITASEN DAILY MULTIVITAMIN + LYSINE (ORANGE),OTC
B10635,ENTRESTO 200MG TAB 10'S,POISON
B10511,DASSELTA 5MG 10'S,POISON
A13720,EVIN BREASTMILK STORAGE BAG 8OZ/ 250ML,BABY & MOM
A12365,ELASTIC CREPE BANDAGE 10CM*4.5M,REHAB & SUPPORT
A12191,RESPILIF COUGH SYRUP 120ML,OTC
A12326,ORAFLAM GARGLE & MOUTHWASH 100ML ( ORANGE ),PERSONAL CARE
A12979,HURIX'S 600 FLUAWAY 6'S,OTC
A10831,STREPSILS CHESTY COUGH 8'S,FOOD & BEVERAGES
A10410,HURIX'S HONEY TANGERINE DROPS 6'S,OTC
A11543,*VYLEX STRIP 10'S,OTC
A11283,HURIX'S SIRAP GAMAT & MADU PLUS (KIDS) 60ML,OTC
B10119,*COVINACE 8MG STRIP 10'S,POISON
B10279,RANBAXY VAMLO 10MG STRIP 10'S,POISON
B10238,*HOVID FAMOTIDINE 40MG STRIP 10'S,POISON
A12108,3L BADAK COOLING WATER 500ML,OTC
A14648,NUR CARE PARAFFIN GAUZE 10X10CM 1'S,WOUND & SURGICAL
B10745,ZOCOL CAPSULE 150MG 1S ,POISON
A14954,HURIX BERRIES GUMMY WITH VITAMIN C 7S,FOOD & BEVERAGES
A14901,PUREEN BABY WIPES GREEN 30S,BABY & MOM
B10140,SUNWARD SUN-DIANOX 10'S,POISON
A10024,ACTAL PLUS STRIP 10'S,OTC
A10851,AQSURE SPEEDY PREGNANCY TEST 1S,OTC
A10710,RINSCAP NACL 0.9% IRRIGATION SOL 1L,WOUND & SURGICAL
A13020,*TLS EMBLIC-AG PLUS 750MG STRIP 10'S,SUPPLEMENT TLS
A12971,SELF-ADHESIVE BANDAGE 2.5CM*4.5M,REHAB & SUPPORT
A12964,SURGICAL TAPE 2.5CM WITH DISPENSER,OTC
V10022,NATURAL SILVER GUARD,OTC
A13041,VITAHERB COLD&COUGH KIDS SYRUP 120ML,OTC
A13528,FORA 6 TOTAL CHOLESTEROL TEST STRIP 1'S,MEDICAL DEVICE & SUPPLY
A14255,HIJAB MEDICAL FACE MASK 1'S,MEDICAL DEVICE & SUPPLY
A14291,STREPSILS SF LEMON 6'S,FOOD & BEVERAGES
A13936,LINKUS ORANGE LOZENGES 16'S,FOOD & BEVERAGES
A13617,STREPSILS MAX TRIPLE ACTION BLACKCURRANT 6'S,FOOD & BEVERAGES
B10485,HOVID WHITFIELD'S OINTMENT 15G,POISON
B10450,HOVID FAMOTIDINE 20MG 10'S,POISON
A12228,EARLOOP MEDICAL FACE MASK 1S,OTC
A12595,*FLUIMUCIL 200MG 2'S (ACETYLCYSTEINE),OTC
A10722,ROWATINEX CAP 10'S,OTC
A10315,DYNA CHARCOAL STRIP 10'S,OTC
A10376,BIOPLAST FABRIC PLASTER 10'S,PERSONAL CARE
B10015,ASTHALIN INHALER 100MCG 200 DOSES,POISON
A12004,DR. P PREMIUM PANTS XL 7'S,OTC
B10278,RANBAXY VAMLO 5MG STRIP 10'S,POISON
B10122,*POSTINOR 0.75MG STRIP 2'S,POISON
B10118,PANTAZ 40MG STRIP 10'S,POISON
A10682,*PUREEN BABY WIPES PINK 100'S,BABY & MOM
A10856,*MAALOX ORAL SUSPENSION 4.3ML,OTC
A10868,TIGER MO'SQUITO REPELLENT PATCH 10'S,OTC
A12981,HIMALAYA VAJOMBA HONEY LIME 15G,FOOD & BEVERAGES
A12989,*TLS CHANTIVA 450MG STRIP 10'S,SUPPLEMENT TLS
A12838,TUBIFAST GREEN LINE 5CM*1M,WOUND & SURGICAL
A12839,TUBIFAST BLUE LINE 7.5CM*1M,WOUND & SURGICAL
A13289,UNDERPAD 75CM X 75CM 10S,REHAB & SUPPORT
B10655,DYNAPHARM DYFENAMIC 250MG 10'S,POISON
A14101,PIC INSUPEN NEEDLE 32G*6MM 10'S,MEDICAL DEVICE & SUPPLY
A14908,VITASEN MG-L-THEANINE TABLET 10S,OTC
A14446,*TLS FRUSINEA 6.0  WITH CHROMIUM 1'S,SUPPLEMENT TLS
B10755,INFUSOL SODIUM CHLORIDE 0.9% INJ BP 10ML (AMPOULES),POISON
A13285,SURGICAL TAPE 5CM,REHAB & SUPPORT
A13016,*TLS HYDROCO WITH MAGNESIUM 15GM 1'S,SUPPLEMENT TLS
A12508,*KOOLFEVER FOR BODY UNDERARM-NECK-INNER THIGH 2'S,OTC
A12437,*NEUTROVIS KIDS 3PLY SKY BLUE 10'S,MEDICAL DEVICE & SUPPLY
A12459,*HIMAYA PREM 4PLY HL RED VELVET 10'S,MEDICAL DEVICE & SUPPLY
A10861,DR. P VALUE DIAPER L 9'S,REHAB & SUPPORT
A10328,ENO GINGER 4.3G PACK 2'S,OTC
A10387,HANSAPLAST UNIVERSAL 10'S,OTC
A10123,*BD INSULIN NEEDLE MICRO-FINE 5MM 10'S,MEDICAL DEVICE & SUPPLY
A10138,BIOLAB FLANIL CREAM 30G,OTC
A10106,*AXCEL B COMPLEX 10'S,OTC
A10644,*PANADOL EXTEND 665MG 6'S,OTC
A10949,*ZINCOFER STRIP 10'S,OTC
A10058,ALUCID STRIP 10'S,OTC
A11770,NOXWORM CHEWTAB 2'S,OTC
A11801,10 GRAINS RING SNACK CHEESE 50GM,FOOD & BEVERAGES
A14592,PARACIL SYP 250MG/5ML 100ML,OTC
B10035,*CEZTI 10MG STRIP 10'S,POISON
A11231,*FLUIMUCIL A 100MG 2'S (ACETYLCYSTEINE),OTC
A10645,*PANADOL EXTRA 6'S,OTC
A12737,CERAVIS C+CREAM 25G,OTC
A13018,*TLS TYMERC 500MG STRIP 10'S,SUPPLEMENT TLS
A12995,*TLS FRUSINEA 3.0 PASTILLES PCS 1'S,SUPPLEMENT TLS
A13076,STENAC ACETYLCYSTEINE 600MG STRIP 2'S,OTC
V9,TEST,CONSIGNMENT
A13533,FORA 6 URIC ACID TEST STRIP 1'S,MEDICAL DEVICE & SUPPLY
A10405,*HOVID FOLIC ACID 10'S,OTC
A10381,HANSAPLAST ELASTIC 10'S,OTC
A11454,*SANGOBION STRIP 4'S,OTC
B10156,*XEPA PROVINACE 4MG STRIP 10'S,POISON
A10887,*UPHAMOL 500MG STRIP 10'S,OTC
A13446,YSP PORO 250MG SUSPENSION ORANGE 100ML,OTC
B10377,DOSANAC EMULSION GEL 25GM,POISON
A14404,NOVA LIPIROS TABLET 10'S,SUPPLEMENT NOVA
A15149,MUCIL 200MG 1S,OTC
A14306,SOL-M HYPODERMIC NEEDLE 25G X1 1'S ORANGE,WOUND & SURGICAL
B10486,ALLERMINE SYRUP 4MG/5ML 60ML,POISON
A13351,STERILE COTTON BALL 10'S,REHAB & SUPPORT
A13766,JUS DAUN BETIK 250ML,OTC
A10646,*PANADOL PANAFLEX PATCH 2'S,OTC
A10370,*GAVISCON DOUBLE ACTION SACHET 10ML,OTC
A10367,GAVISCON SACHET10ML,OTC
B10177,*ZYRTEC 10MG STRIP 10'S,POISON
B10277,PHARMANIAGA LORATADINE 10MG STRIP 10'S,POISON
A10217,CHAMPS D-WORMS 2'S,OTC
A13369,VIDA ZERO WATER ( LEMON ) 500ML,FOOD & BEVERAGES
A14304,SOL-M HYPODERMIC NEEDLE 18G X1 1/2 1'S PINK,WOUND & SURGICAL
V10042,DIFFLAM AB,OTC
V10033,DISCONTINUE,OTC
A13000,*TLS CYNOXAL 10'S,SUPPLEMENT TLS
A12840,TUBIFAST YELLOW LINE 10.75CM*1M,WOUND & SURGICAL
A14742,HURIX COLINE TONG CAPSULE 10S,OTC
A14884,ROWACHOL CAP 10S,OTC
A13042,VITAHERB COLD&COUGH SYRUP 120ML,OTC
A10109,PARACAP 500MG 10S,OTC
B10291,PRIME MYOFLEX STRIP 10'S,POISON
B10128,*SIMVOR 10MG STRIP 10'S,POISON
A10457,*KOOLFEVER EXTRA COOL 2'S,OTC
A10888,*UPHAMOL 650MG STRIP 10'S,OTC
A14162,LIPOSOMAL VITAMIN C 100GM PINEAPPLE,OTC
A13470,PANADOL 650MG 8'S,OTC
A13433,DR. P VALUE PANTS XL 8'S,REHAB & SUPPORT
A12458,*HIMAYA PREM 4PLY HL SWEET ROSE GOLD 10'S,MEDICAL DEVICE & SUPPLY
A10801,TLS SKIN-FIX CREAM 20G,SUPPLEMENT TLS
A10711,RINSCAP NACL 0.9% IRRIGATION SOL 500ML (BOTTLE),WOUND & SURGICAL
A14967,GIRLPAL ALOE VERA MAKEUP REMOVER WIPES 30S,PERSONAL CARE
B10828,COLFEN 10MG,POISON
A14579,INFUSOL WATER FOR INJECTION BP 10ML 1S (AMPOULES),CONSIGNMENT
A14384,GKB KIDS PROBIZYME 1S,OTC
A13476,HERBION LINKUS STRAWBERRY LOZENGES 6'S,FOOD & BEVERAGES
A13892,BENZ-C DOUBLE ACTION LOZENGE 6S,OTC
A13814,OAT BASED MOISTURISER 230G,OTC
A11353,GAVISCON ADVANCE LIQUID SACHET 10ML (RED),OTC
A14507,RYZE FROSTY MINTY 2MG NICOTINE GUM,CONSIGNMENT
B10695,HOVID HOVA EXPECTORANT 120ML,POISON
A14766,TOLAK ANGIN HERBAL LIQUID ( HONEY & MINT ) 1S,OTC
A13843,KPLASS COUGH RELIEF PATCH 3'S,OTC
A12364,SURGICAL TAPE 2.5CM,REHAB & SUPPORT
V10029,EYE GLO,OTC
A13238,FORSURE ONE-STEP PREGNANCY TEST,OTC
A13784,BYEKOUGH RELIEF PATCH 6'S,OTC
A10523,MALTOFER FOL CHEWABLE BOX 30'S,OTC
A10059,STERILE GAMGEE PAD 10CM*20CM,WOUND & SURGICAL
A11711,3M 8210 N95 PARTICULATE RESPIRATOR 1'S,MEDICAL DEVICE & SUPPLY
A13482,HEALTHY NATION FLEX WELL 25G 1'S,SUPPLEMENT TLS
A12722,DR. P VALUE DIAPER XL 8'S,REHAB & SUPPORT
A14346,NOVA BUFFERED ROSELLE VIT C PLUS SR 10S - A1,SUPPLEMENT NOVA
A14051,LIPIDDOCARE LIPID PROFILE TEST STRIP,MEDICAL DEVICE & SUPPLY
B10223,YSP DOMPER STRIP 10'S,POISON
A10142,BIOPAD WOUND DRESSING 6CM*10CM 1'S,WOUND & SURGICAL
A10662,PILL CHI KIT TECK AUN 1'S,OTC
V10013,GNC VIT D3,OTC
B10474,SERRATA 10MG 10'S,POISON
A14274,~WELLNESS METHYLCOBALAMIN PLUS 10S,CONSIGNMENT
A13401,YSP PORO 250MG SUSPENSION STRAWBERRY 100ML,OTC
A13648,DR. P VALUE PANTS L 9'S,REHAB & SUPPORT
A10642,*PANADOL 500MG 10'S,OTC
A10933,*WINWA CRAN-LITE 5G SACHET 1'S (CRANBERRY),OTC
B10297,SYNFLEX 550MG 10'S,POISON
B10003,ADEZIO 10MG STRIP 10'S,POISON
A10844,SURGICAL TAPE 1.25CM,REHAB & SUPPORT
A10643,*PANADOL OPTIZORB 500MG 12'S,OTC
A10459,*KOOLFEVER BABY 2'S,OTC
A11360,*MUCOSOLVAN 30MG STRIP 10'S (AMBROXOL),OTC
B10121,PONSTAN 500MG STRIP 10'S,POISON
A12445,*NEUTROVIS EXTRA 4PLY DENIM BLUE 10'S,MEDICAL DEVICE & SUPPLY
B10521,YSP DECAN 0.75MG 10'S,POISON
B10188,COPASTIN STRIP 10'S,POISON
A10144,BIOPAD WOUND DRESSING 9CM*15CM 1'S,WOUND & SURGICAL
A10874,TOPSEAL POST-OP WOUND DRESSING 6CM*7CM,WOUND & SURGICAL
A14277,STERILE GAMGEE PAD 20CM*20CM,WOUND & SURGICAL
A14401,NOVA ENEREX C+ TABLET 10'S,SUPPLEMENT NOVA
A15139,HERBION TRANSPARENT PLASTER 10S,WOUND & SURGICAL
A13534,FORA 6 BLOOD GLUCOSE TEST STRIP 1'S,MEDICAL DEVICE & SUPPLY
A13639,DYNAMOL PARACETAMOL 500MG 10'S,OTC
A13951,PLASTER WATERPROOF (PLASTIC) 1'S,OTC
A12446,*NEUTROVIS EXTRA 4PLY BLACK 10'S,MEDICAL DEVICE & SUPPLY
A15138,HERBION NON ELASTIC FABRIC PLASTER 10S,WOUND & SURGICAL
A14669,MEDLANE SAFETY LANCET 30G/1.2MM 1S,MEDICAL DEVICE & SUPPLY
A10460,*KOOLFEVER CHILDREN 2'S,OTC
A10458,*KOOLFEVER ADULT 2'S,OTC
A10456,*KOOLFEVER CHILDREN REFRESHING MINT 2'S,OTC
B10166,YSP IBUPROFEN 400MG STRIP 10'S,POISON
A10535,BIOTEST MS TELL ME CASETTE PREGNANCY TEST 1'S,OTC
A10297,*DULCOLAX 5MG STRIP 20'S (BISACODYL),OTC
B10383,PRIME ROXIM 20MG STRIP 10'S,POISON
A13013,*TLS WELLNESS LOW PROTEIN SACHET 1'S,SUPPLEMENT TLS
A14100,PIC INSUPEN NEEDLE 31G*5MM 10'S,MEDICAL DEVICE & SUPPLY
A13324,LONGSEE INFLUENZA A/B TEST KIT (SELF-TEST),OTC
A10347,DISCONTINUE,OTC
B10184,SAFROSYN S 275 MG 10'S,POISON
B10164,YSP ECONAZINE 10G,POISON
A13535,"FORA 6 HEMOGLOBIN (HB), HCT AND BG TEST STRIP 1'S",MEDICAL DEVICE & SUPPLY
V10003,DISCONTINUE,CONSIGNMENT
A14163,LIPOSOMAL VITAMIN C 100GM PINK GUAVA,OTC
A14273,~WELLNESS GINKGO 10S,CONSIGNMENT
B10081,*HOVID HOVASC 10MG STRIP 10'S,POISON
A11614,SKIIP NICOTINE MINI 4MG (CHERRY) 1S,OTC
A14696,MIELAND MANUKA HONEY MGO300 WITH PANAX GINSENG,FOOD & BEVERAGES
B10767,SALBUNEB SALBUTAMOL 2.5MG/ML 1S,POISON
A11978,*UTIX EFFERVESCENT 1'S,OTC
A11312,UNOLYTE BLACKCURRANT 9.7G 1S,OTC
A12847,AMBER WIDE BOTTLE WITH SAFETY CAP 75ML,OTC
A10145,BIOPAD WOUND DRESSING 9CM*20CM 1'S,WOUND & SURGICAL
B10847,HYPERNEB NACL 3% SODIUM CHLORIDE NEBULISER SOLUTION 4ML 1S,POISON
A10143,BIOPAD WOUND DRESSING 9CM*10CM 1'S,WOUND & SURGICAL
A11295,CHUPA CHUPS 9.5G 1S,FOOD & BEVERAGES
A13822,GKB LACTOSOY 1'S,OTC
A13253,PIC INSUPEN NEEDLE 32G*4MM 10'S,MEDICAL DEVICE & SUPPLY
A10146,BIOPAD WOUND DRESSING 9CM*25CM 1'S,WOUND & SURGICAL
A15093,NOVA CALMAG PLUS TABLET 10S,SUPPLEMENT NOVA
B10167,YSP LORAMIDE 2MG STRIP 10'S,POISON
A14344,NOVA BLACK CUMIN OIL 500MG 10S - A1,SUPPLEMENT NOVA
B10168,YSP PONTALON 500MG STRIP 10'S,POISON
A13017,HEALTHY NATION EYE VIT 2G SACHET 1'S,SUPPLEMENT TLS
A14305,SOL-M HYPODERMIC NEEDLE 23G X1 1'S BLUE,WOUND & SURGICAL
A11700,*AP REFLUXG 10ML,OTC
A11877,AROSS/PRIMES SYRINGE 20ML,WOUND & SURGICAL
A12907,VITBION FORTE TABLET 10'S,OTC
A12387,GLUCODR GLUCOSE TEST STRIP 1S,MEDICAL DEVICE & SUPPLY
A13625,UNIGLOVES NEEDLE 21G,WOUND & SURGICAL
A10136,"*NEUROBION 10'S (B1, B6 AND B12)",OTC
B10165,YSP ECONAZINE 20G,POISON
A13626,UNIGLOVES NEEDLE 24G,WOUND & SURGICAL
A13531,EASYSURE GLUCOSE TEST STRIP 1'S,MEDICAL DEVICE & SUPPLY
B10651,CELEBREX 200MG 1'S,POISON
A10804,*SMECTA POWDER STRAWBERRY 3G,OTC
A13532,EASYSURE URIC ACID TEST STRIP 1'S,MEDICAL DEVICE & SUPPLY
A14352,NOVA MAGNESIUM 100MG PACK 10'S - A1,SUPPLEMENT NOVA
B10838,IBUSPAN TABLET 200MG,POISON
B10738,ZOLPIDEM AVONOX 10MG 1'S,POISON
A11412,PANADOL ACTIFAST 10'S,OTC
A10124,*BD INSULIN NEEDLE ULTRA-FINE 4MM 10'S,MEDICAL DEVICE & SUPPLY
B10187,YSP FUCON 10MG STRIP 10'S,POISON
A11463,*SMECTA POWDER ORANGE 3G,OTC
A11059,CAP KAKI TIGA POVIDONE IODINE 60ML,WOUND & SURGICAL
A11261,*HEXBIO 3G PACK OF 5'S,OTC
A14590,TERUMO AGANI NEEDLE 26G X 1/2,WOUND & SURGICAL
A11035,DISPOSABLE SYRINGE 10ML (LUER LOCK) 1'S,WOUND & SURGICAL
A13019,*TLS FIRRA FRUIT 5GM SACHET 1'S,SUPPLEMENT TLS
A14403,NOVA ENZYME TABLET 10'S,SUPPLEMENT NOVA
A14345,NOVA LECITHIN 1200MG 10S - A1,SUPPLEMENT NOVA
V10017,TUBIFAST,OTC
B10068,GOUTNOR 0.6MG STRIP 10'S,POISON
A14351,NOVA VITAMIN D3 1000IU 10S,SUPPLEMENT NOVA
A11380,*NEW OBIMIN STRIP 10'S,OTC
B10185,SAFROSYN 550MG STRIP 10'S,POISON
A10253,*CRANFIT POWDER 1'S (CRANBERRY),OTC
A12848,SILICA GEL,OTC
A12819,AROSS/PRIMES SYRINGE 5ML (LUER SLIP),WOUND & SURGICAL
A12696,CAMSTERILE CAP NON-WOVEN 1'S,REHAB & SUPPORT
A13484,HERBION LINKUS CHERRY LOZENGES 6'S,FOOD & BEVERAGES
A14210,GKB TIGER KIDS 2G 1'S,OTC
A11741,EQUAL STEVIA STICK 1'S,OTC
A11613,SKIIP NICOTINE MINI 4MG (MINT) 1S,OTC
A14307,SOL-M HYPODERMIC NEEDLE 27G X1/2 1'S GREY,OTC
A15140,HERBION NON ELASTIC FABRIC PLASTER 1S,WOUND & SURGICAL
A15141,HERBION TRANSPARENT PLASTER 1S,WOUND & SURGICAL
A14945,NOVA-LIPO VIT C 500MG 10S,SUPPLEMENT NOVA
A11820,POTASSIUM PERMANGANATE KMN04 10G,OTC
A11464,SPRITZER  MINERAL WATER 550ML,FOOD & BEVERAGES
A13313,TOPSEAL HYPOA NONWOVEN DRESSING 6*7CM,WOUND & SURGICAL
A15027,FLEXEZE HEAT PATCH 1S,OTC
B10082,*HOVID HOVASC 5MG STRIP 10'S,POISON
B10169,YSP PREDNISOLONE 5MG STRIP 10'S,POISON
B10849,HOVICET 5MG 10S,POISON
A12748,PHARMANIAGA ACTIMOL PARACETAMOL 650MG 10'S,OTC
A13842,TIGERUS PEI PA KOA 7.5ML 1'S,OTC
A10879,*U-LITE 4.1G SACHET 1'S,OTC
A10141,BIOPAD WOUND DRESSING 5CM*7CM 1'S,WOUND & SURGICAL
A11911,PARACIL 500MG 10'S (PARACETAMOL),OTC
A12526,DISCONTINUE,OTC
A12961,DISPOSABLE SYRINGE 10ML ( LUER SLIP ) 1'S,WOUND & SURGICAL
A14072,FLO SINUS CARE 1'S,OTC
A10889,*URAL 4G SACHET 1'S,OTC
A10673,PRIME ENEMA CHILD 10ML,OTC
B10544,DENZO SERRATIOPEPTIDASE 5MG 10'S,POISON
A10073,*ANUCARE SUPPOSITORY 1'S (ZINC OXIDE),OTC
A11881,*NEILMED SINUS RINSE KIDS KIT PREMIXED SACHET 1'S,OTC
V10037,SMECTA STRAWBERRY,OTC
A14216,TLS PRONEX 500MG CAPSULE 10'S,SUPPLEMENT TLS
A12392,DISPOSABLE SYRINGE 3ML (LUER LOCK),WOUND & SURGICAL
A14332,TERUMO AGANI NEEDLE 27G X1/2,WOUND & SURGICAL
A13010,*TLS CEREZA-TC POWDER 1'S,SUPPLEMENT TLS
A10943,YSP PORO SUPPOSITORY 125MG 1'S,OTC
A14475,NOVA CAL-600 PLUS (3in1) 10s,SUPPLEMENT NOVA
A10898,YSP PORO SUPPOSITORY 250MG 1'S,OTC
A10081,*APPETON A-Z KID'S VIT C PASTILLES 5'S,FOOD & BEVERAGES
B10174,YSP VOREN 50MG STRIP 10'S,POISON
V10015,HEXBIO,OTC
A13408,*ORS B PLUS SACHET 1'S (ORAL REHYDRATION SALT),OTC
A11882,*NEILMED SINUS RINSE ADULT PREMIXED SACHET,OTC
B10549,HOVID HOSOLVON 8MG 10'S,POISON
A13693,APPETON MULTI-VITAMIN PASTILLES 5S,OTC
A13237,FORSURE CASSETTE PREGNANCY TEST,OTC
A14516,GKB KIDS PROBIOTIC + PREBIOTIC 1S,CONSIGNMENT
A13806,GKB KIDS PROBIOTIC + VITAMIN C 1'S,OTC
A10617,*ORS ORANGE SACHET 1'S (ORAL REHYDRATION SALT),OTC
V10025,HERBION CRANFIT,OTC
A12818,AROSS/PRIMES SYRINGE 3ML (LUER SLIP),WOUND & SURGICAL
A12919,NOVA NAC REPACK 300MG 1'S,SUPPLEMENT NOVA
A13548,YUWELL BLOOD GLUCOSE TEST STRIPS 1'S,OTC
V10024,U-LITE,OTC
A14452,NOVA FISH OIL 1200MG 10S,SUPPLEMENT NOVA
A15048,BLACK BEAUTE SOAP 50G,PERSONAL CARE
A14168,GKB LACTOBACILLUS RHAMNOSUS PLUS 1'S,OTC
A11275,ALCOHOL SWAB 1'S,REHAB & SUPPORT
A10249,PLASTER FABRIC 1'S,OTC
A13515,GKB PROBIZYMES PROBIOTIC ENZYMES 1S,OTC
A10674,PRIME ENEMA ADULT 20ML,OTC
A14582,BD SYRINGE 1.0ML 8MM 31G,WOUND & SURGICAL
B10810,HOVID RICAM-10 TAB 10S,POISON
B10790,HOVID HORAMINE 4MG TAB 10'S,POISON
A14875,NOVA MECOBAMIN TABLET 500MCG 10S,SUPPLEMENT NOVA
A14362,SKIN BEAUTE COLLAGEN TRIPEPTIDE,OTC
B10802,COXETA 90MG 1S,POISON
A13934,EQUAL CLASSIC STICKS 1S,OTC
A13647,GKB PROBIO+ 1S,OTC
B10067,GLUMET DC 500MG STRIP 10'S,POISON
A14269,BLOOD LANCET UNIVERSAL 30G 1'S,MEDICAL DEVICE & SUPPLY
A12284,PLAIN ZIPPED BAG,CONSIGNMENT
A11615,EMPTY CAPSULE 1S,PERSONAL CARE
